sample_id,holeid,from_m,to_m,x,y,z,depth_m,WhiteMica,Chlorite,Carbonate,Epidote,Kaolinite,Dickite,Montmor,Alunite,Gypsum,Pyrophyllite,Diaspore,Zunyite,Water_silica,Hematite,Goethite,VNIRMinerals,aiMineral1
S00001,SYN-001,0.0,1.0,100.55,7.88,0.5,0.5,15.92,1.57,0.0,0.0,14.18,0.0,3.81,8.95,45.37,3.48,1.66,3.32,23.7,20.68,41.19,Goethite,Gypsum
S00002,SYN-001,1.0,3.0,101.48,6.74,2.0,2.0,8.37,1.59,0.0,19.38,15.29,0.0,2.0,5.48,13.32,18.18,0.0,1.61,9.95,38.76,30.85,Hematite,Epidote
S00003,SYN-001,3.0,4.5,102.56,5.41,3.75,3.75,0.0,2.84,0.0,2.42,2.04,2.37,2.0,6.77,13.01,0.27,4.74,0.0,23.21,61.05,22.62,Hematite,Water_silica
S00004,SYN-001,4.5,5.5,103.33,4.46,5.0,5.0,9.76,4.16,3.27,1.62,1.19,0.0,1.8,4.47,0.0,0.18,4.43,3.8,10.07,15.51,41.16,Goethite,Water_silica
S00005,SYN-001,5.5,7.0,104.1,3.51,6.25,6.25,0.48,0.19,0.57,0.19,8.66,0.0,3.36,23.37,16.52,0.04,3.58,0.0,23.0,30.34,30.7,Goethite,Alunite
S00006,SYN-001,7.0,8.5,105.02,2.37,7.75,7.75,0.96,4.9,2.66,4.73,8.25,8.1,0.0,29.13,0.0,27.26,21.7,41.2,7.36,0.0,1.44,None,Zunyite
S00007,SYN-001,8.5,9.5,105.79,1.42,9.0,9.0,7.31,0.4,0.0,6.02,31.35,13.55,0.32,33.45,1.45,43.14,26.99,7.11,9.57,0.0,3.55,None,Pyrophyllite
S00008,SYN-001,9.5,11.5,106.72,0.29,10.5,10.5,12.58,3.73,1.98,4.75,18.04,0.38,0.12,5.32,25.84,3.15,3.63,0.0,33.03,59.72,36.12,Hematite,Water_silica
S00009,SYN-001,11.5,13.5,107.95,-1.23,12.5,12.5,4.95,4.53,1.5,4.56,21.13,1.47,2.53,14.34,10.9,0.54,0.0,3.1,26.3,33.81,46.61,Goethite,Water_silica
S00010,SYN-001,13.5,15.0,109.03,-2.56,14.25,14.25,9.48,5.66,1.2,0.28,18.66,5.69,6.94,9.58,18.16,0.13,4.1,0.0,25.43,49.33,25.4,Hematite,Water_silica
S00011,SYN-001,15.0,16.5,109.96,-3.7,15.75,15.75,8.93,2.45,1.47,0.99,7.36,2.92,2.1,39.84,8.81,20.04,3.09,0.0,9.6,45.57,33.06,Hematite,Alunite
S00012,SYN-001,16.5,18.0,110.88,-4.84,17.25,17.25,6.3,0.0,4.85,2.07,7.38,5.85,2.74,47.87,3.62,100.0,17.58,4.48,5.37,1.73,1.0,None,Pyrophyllite
S00013,SYN-001,18.0,19.5,111.81,-5.98,18.75,18.75,4.82,1.59,3.77,3.13,12.45,0.0,0.0,3.24,20.21,1.26,0.0,1.53,18.2,45.19,15.93,Hematite,Gypsum
S00014,SYN-001,19.5,21.0,112.73,-7.12,20.25,20.25,5.03,0.01,0.0,4.41,9.11,10.87,0.47,10.4,17.27,0.0,0.0,3.5,20.59,15.5,25.22,Goethite,Water_silica
S00015,SYN-001,21.0,22.0,113.5,-8.07,21.5,21.5,3.74,20.23,0.83,0.0,9.23,1.16,2.75,7.21,11.69,3.68,30.52,25.76,26.82,55.28,17.65,Hematite,Diaspore
S00016,SYN-001,22.0,23.5,114.28,-9.01,22.75,22.75,8.13,32.31,0.0,0.0,12.86,0.0,0.0,5.97,11.28,0.0,4.89,4.5,12.54,60.73,42.06,Hematite,Chlorite
S00017,SYN-001,23.5,24.5,115.05,-9.96,24.0,24.0,0.0,0.0,2.66,0.48,7.83,15.01,0.0,25.21,4.99,100.0,20.45,1.68,12.01,0.0,3.46,None,Pyrophyllite
S00018,SYN-001,24.5,26.0,115.82,-10.91,25.25,25.25,4.86,1.48,1.77,1.89,22.22,0.0,0.0,5.64,38.48,0.94,0.0,0.07,17.64,37.37,44.67,Goethite,Gypsum
S00019,SYN-001,26.0,27.5,116.74,-12.05,26.75,26.75,3.79,0.93,0.71,0.0,15.87,0.0,0.0,3.53,14.26,4.94,18.65,0.0,31.59,24.98,28.14,Goethite,Water_silica
S00020,SYN-001,27.5,28.5,117.51,-13.0,28.0,28.0,32.91,2.69,3.87,0.0,18.41,0.0,0.68,8.04,6.24,8.47,0.0,23.11,18.93,57.32,7.88,Hematite,WhiteMica
S00021,SYN-001,28.5,29.5,118.13,-13.76,29.0,29.0,3.58,0.0,1.19,0.0,1.7,2.48,5.23,7.4,4.37,2.37,0.01,1.48,0.25,67.21,20.68,Hematite,Alunite
S00022,SYN-001,29.5,31.0,118.9,-14.71,30.25,30.25,5.11,0.75,0.09,2.24,14.84,0.0,0.0,3.27,17.71,0.0,3.79,1.89,9.35,49.09,21.42,Hematite,Gypsum
S00023,SYN-001,31.0,32.0,119.67,-15.66,31.5,31.5,6.29,6.19,0.58,5.08,5.73,3.66,3.39,37.31,9.19,0.48,0.0,7.32,13.11,28.23,31.22,Goethite,Alunite
S00024,SYN-001,32.0,34.0,120.6,-16.8,33.0,33.0,4.27,18.75,5.51,0.0,17.54,3.24,0.5,15.66,14.22,5.49,2.38,2.73,10.31,21.9,21.97,Goethite,Chlorite
S00025,SYN-001,34.0,35.5,121.68,-18.12,34.75,34.75,34.54,0.0,0.0,0.0,5.6,3.16,0.32,41.41,0.0,84.15,12.48,11.52,12.69,8.34,3.92,None,Pyrophyllite
S00026,SYN-001,35.5,37.0,122.6,-19.26,36.25,36.25,21.56,5.82,4.05,4.36,48.31,10.01,22.26,0.26,1.31,5.01,0.38,0.0,0.0,0.0,4.28,None,Kaolinite
S00027,SYN-001,37.0,38.5,123.53,-20.4,37.75,37.75,5.48,0.0,1.41,0.0,2.99,11.33,2.7,28.97,0.0,70.95,65.7,13.08,12.59,0.86,7.32,None,Pyrophyllite
S00028,SYN-001,38.5,39.5,124.3,-21.35,39.0,39.0,33.61,2.74,0.0,0.89,16.11,0.06,0.23,2.87,17.7,0.62,0.0,0.0,20.63,52.67,23.36,Hematite,WhiteMica
S00029,SYN-001,39.5,41.5,125.22,-22.49,40.5,40.5,10.14,2.18,0.0,1.59,12.72,29.96,2.49,7.59,6.42,3.28,5.91,4.07,27.85,12.4,0.0,None,Dickite
S00030,SYN-001,41.5,43.0,126.3,-23.82,42.25,42.25,5.45,0.29,1.29,0.0,6.66,0.0,0.0,13.97,7.61,3.25,1.49,0.0,29.33,15.6,39.07,Goethite,Water_silica
S00031,SYN-001,43.0,45.0,127.38,-25.15,44.0,44.0,59.9,1.8,0.0,0.0,13.24,2.04,6.27,2.74,9.89,4.98,0.41,4.3,3.25,2.92,2.78,None,WhiteMica
S00032,SYN-001,45.0,46.0,128.31,-26.29,45.5,45.5,3.29,2.88,3.8,1.72,4.31,13.48,1.97,75.27,2.4,7.04,14.35,3.67,7.83,2.61,2.21,None,Alunite
S00033,SYN-001,46.0,47.5,129.08,-27.23,46.75,46.75,85.8,8.42,0.82,0.0,12.17,31.47,2.41,0.42,21.93,3.35,1.19,0.0,2.64,3.54,2.44,None,WhiteMica
S00034,SYN-001,47.5,49.0,130.01,-28.37,48.25,48.25,82.34,1.49,0.0,0.93,30.17,7.05,8.01,6.59,20.26,2.2,4.02,0.0,8.13,0.0,0.0,None,WhiteMica
S00035,SYN-001,49.0,51.0,131.08,-29.7,50.0,50.0,9.42,0.0,1.4,2.3,25.67,16.98,30.23,0.0,3.78,0.0,0.0,0.0,0.25,0.0,5.32,None,Montmor
S00036,SYN-001,51.0,52.5,132.16,-31.03,51.75,51.75,7.75,0.0,2.17,0.0,4.98,13.37,1.25,11.75,2.1,100.0,16.27,10.09,9.36,2.25,0.47,None,Pyrophyllite
S00037,SYN-001,52.5,54.0,133.09,-32.17,53.25,53.25,5.54,1.98,0.17,0.0,6.07,10.83,30.43,50.77,1.23,64.7,19.7,9.79,3.23,0.0,5.56,None,Pyrophyllite
S00038,SYN-001,54.0,55.5,134.01,-33.31,54.75,54.75,4.75,1.26,1.05,1.36,10.3,9.07,0.76,24.34,0.0,27.79,23.4,7.94,3.49,0.18,0.72,None,Pyrophyllite
S00039,SYN-001,55.5,57.0,134.94,-34.45,56.25,56.25,1.45,27.39,1.65,3.14,38.35,7.53,3.33,62.41,31.06,100.0,23.32,33.34,10.78,0.0,0.0,None,Pyrophyllite
S00040,SYN-001,57.0,58.5,135.87,-35.59,57.75,57.75,22.62,0.0,3.96,2.96,88.61,20.03,5.74,1.03,0.12,0.0,0.0,1.83,1.31,0.0,0.0,None,Kaolinite
S00041,SYN-001,58.5,60.0,136.79,-36.72,59.25,59.25,99.4,2.65,0.0,2.53,4.53,7.86,6.73,4.25,6.84,0.0,0.0,0.0,3.04,0.0,5.12,None,WhiteMica
S00042,SYN-001,60.0,61.0,137.56,-37.67,60.5,60.5,3.26,0.0,4.45,2.57,45.28,22.55,5.21,0.31,5.62,3.34,0.0,4.36,32.3,0.0,6.15,None,Kaolinite
S00043,SYN-001,61.0,63.0,138.49,-38.81,62.0,62.0,16.24,31.26,0.0,15.64,62.36,14.84,4.76,0.0,3.5,34.87,2.34,0.0,1.72,1.08,3.87,None,Kaolinite
S00044,SYN-001,63.0,65.0,139.72,-40.33,64.0,64.0,100.0,0.0,1.4,2.82,7.89,4.63,5.57,7.46,3.48,25.09,0.0,0.0,3.17,4.83,0.35,None,WhiteMica
S00045,SYN-001,65.0,66.0,140.65,-41.47,65.5,65.5,4.6,0.0,4.6,2.02,7.52,32.73,0.0,4.98,3.3,2.36,0.6,0.0,4.36,7.08,0.0,None,Dickite
S00046,SYN-001,66.0,67.5,141.42,-42.42,66.75,66.75,26.85,0.48,1.45,3.21,7.77,7.66,1.69,0.0,5.24,2.28,1.22,0.0,0.6,4.31,1.79,None,WhiteMica
S00047,SYN-001,67.5,68.5,142.19,-43.37,68.0,68.0,16.43,6.86,0.0,0.0,40.78,13.36,6.0,0.0,3.93,4.56,0.0,1.38,4.62,2.6,5.21,None,Kaolinite
S00048,SYN-001,68.5,70.0,142.96,-44.32,69.25,69.25,10.81,1.3,5.97,0.0,34.22,6.45,4.8,6.27,8.42,0.8,19.58,1.39,2.84,4.55,2.24,None,Kaolinite
S00049,SYN-001,70.0,71.5,143.88,-45.45,70.75,70.75,74.49,2.02,0.79,14.85,4.22,9.2,4.94,1.87,6.22,1.91,1.25,0.96,9.61,1.61,0.0,None,WhiteMica
S00050,SYN-001,71.5,73.0,144.81,-46.59,72.25,72.25,49.98,1.09,4.11,1.07,51.07,14.42,15.45,3.2,0.0,1.02,1.38,6.99,0.0,2.64,0.71,None,Kaolinite
S00051,SYN-001,73.0,74.5,145.74,-47.73,73.75,73.75,39.91,0.0,1.28,1.23,8.13,5.57,7.35,6.41,11.12,1.47,0.0,0.0,6.74,3.8,3.42,None,WhiteMica
S00052,SYN-001,74.5,76.5,146.81,-49.06,75.5,75.5,45.23,34.41,0.0,1.51,6.74,3.76,0.0,6.77,7.52,0.45,0.25,2.48,6.49,3.35,5.96,None,WhiteMica
S00053,SYN-001,76.5,77.5,147.74,-50.2,77.0,77.0,25.11,1.77,3.12,0.58,3.8,4.5,6.43,54.12,2.89,52.56,0.0,9.7,11.3,4.39,4.52,None,Alunite
S00054,SYN-001,77.5,79.5,148.67,-51.34,78.5,78.5,40.61,1.45,4.21,0.7,68.52,22.41,14.56,0.19,4.12,0.0,1.72,27.66,32.26,3.7,0.82,None,Kaolinite
S00055,SYN-001,79.5,80.5,149.59,-52.48,80.0,80.0,27.66,2.58,1.84,1.89,96.77,14.81,6.82,29.16,3.4,2.96,26.52,0.0,0.66,0.16,2.87,None,Kaolinite
S00056,SYN-001,80.5,81.5,150.21,-53.24,81.0,81.0,86.78,0.0,0.33,0.29,7.06,8.93,3.1,6.38,4.77,2.4,1.64,1.6,6.52,3.61,5.48,None,WhiteMica
S00057,SYN-001,81.5,83.0,150.98,-54.19,82.25,82.25,36.34,0.91,2.18,0.87,73.73,31.58,6.49,1.32,1.61,21.68,3.3,2.56,1.68,0.13,23.34,Goethite,Kaolinite
S00058,SYN-001,83.0,84.5,151.9,-55.32,83.75,83.75,58.64,30.0,3.43,0.0,86.19,10.51,0.27,2.42,4.56,5.37,0.07,1.69,1.26,3.83,0.0,None,Kaolinite
S00059,SYN-001,84.5,86.5,152.98,-56.65,85.5,85.5,33.14,2.18,3.39,0.0,30.97,11.14,4.42,2.83,3.0,0.0,2.01,0.06,1.9,0.98,1.23,None,WhiteMica
S00060,SYN-001,86.5,88.5,154.22,-58.17,87.5,87.5,67.99,29.38,0.0,13.49,8.34,5.16,7.09,5.68,0.0,2.59,2.85,32.79,6.53,0.0,0.0,None,WhiteMica
S00061,SYN-001,88.5,90.0,155.3,-59.5,89.25,89.25,44.24,3.54,0.0,0.0,27.81,3.87,4.16,4.08,1.81,14.58,3.7,5.82,3.94,0.0,3.71,None,WhiteMica
S00062,SYN-001,90.0,92.0,156.38,-60.83,91.0,91.0,40.39,0.0,0.44,3.04,8.58,14.09,5.09,2.04,4.74,0.51,0.0,0.0,4.21,7.4,6.24,None,WhiteMica
S00063,SYN-001,92.0,93.5,157.46,-62.16,92.75,92.75,14.75,0.96,3.59,0.0,67.01,7.94,6.42,4.22,5.55,3.08,0.0,3.2,0.0,0.0,6.65,None,Kaolinite
S00064,SYN-001,93.5,95.0,158.38,-63.3,94.25,94.25,14.11,3.05,0.33,0.62,100.0,8.62,5.95,1.32,1.29,0.0,3.6,0.0,0.0,4.37,2.79,None,Kaolinite
S00065,SYN-001,95.0,96.5,159.31,-64.43,95.75,95.75,25.14,0.21,0.0,2.0,8.26,8.41,14.47,2.97,5.28,2.74,0.51,1.53,4.79,3.69,0.74,None,WhiteMica
S00066,SYN-001,96.5,98.5,160.39,-65.76,97.5,97.5,28.62,3.52,1.81,0.0,41.05,11.66,8.77,0.61,4.27,0.0,0.0,0.08,2.77,37.99,2.42,Hematite,Kaolinite
S00067,SYN-001,98.5,99.5,161.31,-66.9,99.0,99.0,58.03,0.0,1.41,2.44,6.57,9.91,0.97,7.71,26.36,0.0,0.0,2.28,5.88,0.0,3.32,None,WhiteMica
S00068,SYN-001,99.5,100.5,161.93,-67.66,100.0,100.0,21.96,4.45,1.7,0.0,98.03,9.56,10.79,3.38,4.22,4.08,3.08,0.26,0.0,0.95,6.07,None,Kaolinite
S00069,SYN-001,100.5,102.0,162.7,-68.61,101.25,101.25,24.18,36.47,0.0,0.0,25.86,34.91,5.38,0.0,7.11,0.0,0.38,0.0,0.0,0.0,3.88,None,Chlorite
S00070,SYN-001,102.0,104.0,163.78,-69.94,103.0,103.0,19.54,2.09,0.0,35.49,30.09,15.64,13.17,0.19,6.1,1.85,0.0,0.88,2.81,4.46,0.0,None,Epidote
S00071,SYN-001,104.0,106.0,165.01,-71.46,105.0,105.0,37.34,3.08,6.79,0.6,70.98,13.42,9.24,28.99,3.13,1.25,0.09,0.0,0.0,5.7,4.97,None,Kaolinite
S00072,SYN-001,106.0,107.5,166.09,-72.78,106.75,106.75,38.05,0.0,0.0,2.79,93.57,14.65,11.2,5.73,2.94,27.06,3.04,2.54,3.4,1.88,0.0,None,Kaolinite
S00073,SYN-001,107.5,109.5,167.17,-74.11,108.5,108.5,5.27,34.54,15.26,0.0,1.39,3.03,17.08,0.58,0.0,4.75,0.0,19.44,0.76,7.35,3.45,None,Chlorite
S00074,SYN-001,109.5,111.5,168.4,-75.63,110.5,110.5,28.08,0.0,2.12,3.12,90.23,43.73,25.01,6.41,4.37,0.0,6.97,8.46,0.08,2.65,7.17,None,Kaolinite
S00075,SYN-001,111.5,113.0,169.48,-76.96,112.25,112.25,28.8,0.89,2.65,1.99,3.65,22.05,9.97,0.76,1.19,2.09,5.86,0.0,20.9,1.48,0.0,None,WhiteMica
S00076,SYN-001,113.0,114.5,170.41,-78.1,113.75,113.75,27.19,0.0,1.06,3.21,62.4,7.27,9.63,3.11,1.57,4.28,0.0,2.19,1.84,2.24,2.66,None,Kaolinite
S00077,SYN-001,114.5,116.5,171.49,-79.43,115.5,115.5,89.29,28.64,0.0,0.88,9.3,6.49,7.65,3.68,5.48,3.46,21.3,2.66,3.79,3.2,2.81,None,WhiteMica
S00078,SYN-001,116.5,118.0,172.57,-80.76,117.25,117.25,6.37,2.22,2.88,1.24,23.19,15.82,13.28,2.95,2.83,13.4,3.2,1.56,0.0,0.0,2.98,None,Kaolinite
S00079,SYN-001,118.0,119.5,173.49,-81.9,118.75,118.75,57.34,3.38,19.77,1.16,5.42,3.29,3.79,2.04,6.6,0.0,4.12,6.02,8.27,2.65,5.03,None,WhiteMica
S00080,SYN-001,119.5,120.5,174.27,-82.84,120.0,120.0,37.34,1.58,2.22,0.0,4.08,10.14,7.73,4.1,5.21,4.0,0.11,0.0,0.75,1.59,1.28,None,WhiteMica
S00081,SYN-001,120.5,122.0,175.04,-83.79,121.25,121.25,6.36,28.55,10.41,10.33,2.86,1.26,22.47,2.05,3.78,0.46,7.69,2.84,0.24,1.33,4.66,None,Chlorite
S00082,SYN-001,122.0,123.5,175.96,-84.93,122.75,122.75,5.82,4.21,21.0,6.02,1.86,0.56,24.86,3.81,1.49,0.0,0.0,0.0,1.5,1.66,2.31,None,Montmor
S00083,SYN-001,123.5,125.5,177.04,-86.26,124.5,124.5,6.73,42.08,22.64,49.23,33.73,0.0,48.22,0.89,1.93,18.17,2.57,2.02,1.54,4.43,3.3,None,Epidote
S00084,SYN-001,125.5,126.5,177.97,-87.4,126.0,126.0,13.78,3.82,2.02,21.81,33.28,7.47,10.35,1.67,0.0,0.0,0.08,1.69,0.0,2.0,0.0,None,Kaolinite
S00085,SYN-001,126.5,127.5,178.58,-88.16,127.0,127.0,15.44,0.0,0.0,3.26,59.02,16.62,11.07,4.24,1.53,2.78,0.0,0.01,0.62,0.0,27.13,Goethite,Kaolinite
S00086,SYN-001,127.5,129.5,179.51,-89.3,128.5,128.5,1.93,4.87,0.0,2.46,4.8,7.02,8.66,5.87,5.27,0.0,0.0,0.0,4.2,2.17,3.39,None,Montmor
S00087,SYN-001,129.5,130.5,180.43,-90.44,130.0,130.0,82.86,1.41,1.4,1.35,31.83,6.59,30.69,5.78,11.29,5.15,1.62,9.36,7.76,1.37,4.46,None,WhiteMica
S00088,SYN-001,130.5,131.5,181.05,-91.19,131.0,131.0,27.59,2.29,2.54,3.59,78.21,16.92,6.1,0.0,28.96,3.2,3.71,11.7,1.34,2.0,5.8,None,Kaolinite
S00089,SYN-001,131.5,133.0,181.82,-92.14,132.25,132.25,38.79,0.0,3.32,0.29,3.36,4.91,4.92,0.28,6.18,0.0,5.24,0.0,7.49,1.79,2.28,None,WhiteMica
S00090,SYN-001,133.0,135.0,182.9,-93.47,134.0,134.0,28.05,0.0,3.54,3.37,1.91,9.05,3.79,5.7,5.63,2.01,0.0,0.23,3.74,2.86,2.36,None,WhiteMica
S00091,SYN-001,135.0,136.0,183.83,-94.61,135.5,135.5,13.23,0.93,2.49,2.81,9.81,3.01,3.62,4.72,3.32,0.29,2.68,0.0,27.59,0.0,0.0,None,Water_silica
S00092,SYN-001,136.0,137.5,184.6,-95.56,136.75,136.75,20.44,23.0,1.07,26.31,12.59,2.75,9.92,2.14,5.99,2.36,0.06,2.24,5.76,0.0,3.43,None,Epidote
S00093,SYN-001,137.5,139.5,185.68,-96.89,138.5,138.5,6.19,36.13,12.52,7.88,22.43,0.0,29.33,20.02,0.3,0.0,0.0,1.19,0.0,1.75,6.42,None,Chlorite
S00094,SYN-001,139.5,141.5,186.91,-98.41,140.5,140.5,2.25,15.07,13.48,5.27,0.92,0.61,8.27,5.59,0.16,2.85,4.23,1.55,2.81,1.32,2.85,None,Chlorite
S00095,SYN-001,141.5,143.0,187.99,-99.74,142.25,142.25,0.19,30.09,6.01,4.35,0.0,0.75,35.51,0.0,2.44,0.22,0.92,4.09,0.0,0.0,0.92,None,Montmor
S00096,SYN-001,143.0,144.0,188.76,-100.68,143.5,143.5,4.99,56.04,3.01,10.24,0.0,0.0,0.0,0.37,5.72,0.44,15.34,1.92,1.62,20.31,5.21,Hematite,Chlorite
S00097,SYN-001,144.0,145.0,189.38,-101.44,144.5,144.5,32.91,4.67,0.0,1.32,10.01,11.12,4.47,0.94,4.71,5.51,1.48,34.79,10.43,2.6,0.0,None,Zunyite
S00098,SYN-001,145.0,146.0,190.0,-102.2,145.5,145.5,7.51,42.09,14.26,7.01,0.0,1.82,14.41,4.44,0.0,0.0,3.61,4.76,6.06,0.85,1.47,None,Chlorite
S00099,SYN-001,146.0,147.0,190.61,-102.96,146.5,146.5,5.02,49.58,52.81,13.28,4.13,6.36,19.41,30.26,0.35,3.89,0.79,0.0,0.0,2.81,1.32,None,Carbonate
S00100,SYN-001,147.0,148.5,191.38,-103.91,147.75,147.75,9.34,23.24,11.87,7.24,1.12,5.19,15.38,0.0,0.0,0.0,3.05,0.97,1.6,2.65,30.6,Goethite,Chlorite
S00101,SYN-001,148.5,149.5,192.15,-104.86,149.0,149.0,51.77,1.26,0.99,0.0,6.26,3.67,7.63,6.58,10.86,1.79,3.23,1.18,3.0,3.76,3.57,None,WhiteMica
S00102,SYN-001,149.5,151.0,192.93,-105.81,150.25,150.25,26.45,24.52,5.33,1.55,1.82,8.59,6.21,6.82,7.54,3.55,4.24,2.01,5.52,0.0,1.53,None,WhiteMica
S00103,SYN-001,151.0,152.5,193.85,-106.95,151.75,151.75,5.87,30.32,26.28,13.09,0.65,1.41,43.99,0.66,17.35,19.58,0.93,0.0,0.13,2.04,18.06,Goethite,Montmor
S00104,SYN-001,152.5,154.0,194.78,-108.09,153.25,153.25,9.66,30.71,14.52,3.03,3.13,1.5,16.63,0.75,0.0,1.68,0.0,0.0,0.0,7.2,34.75,Goethite,Chlorite
S00105,SYN-002,0.0,1.0,150.33,63.9,0.5,0.5,5.03,0.0,0.0,0.0,7.82,0.0,5.37,5.2,24.22,0.0,26.18,0.0,29.9,45.97,12.46,Hematite,Water_silica
S00106,SYN-002,1.0,3.0,150.62,62.64,2.0,2.0,5.53,2.34,2.43,17.7,8.19,2.57,2.54,9.58,11.4,5.93,0.0,3.79,40.26,71.65,18.56,Hematite,Water_silica
S00107,SYN-002,3.0,4.5,150.96,61.17,3.75,3.75,7.23,0.0,1.06,0.0,13.43,0.68,3.83,9.41,20.42,2.27,1.74,3.3,16.79,63.72,33.92,Hematite,Gypsum
S00108,SYN-002,4.5,6.0,151.25,59.92,5.25,5.25,34.58,0.39,1.84,12.54,29.88,0.0,0.56,10.37,29.8,1.13,0.0,3.92,17.86,77.22,38.34,Hematite,WhiteMica
S00109,SYN-002,6.0,7.0,151.49,58.87,6.5,6.5,7.15,1.19,1.49,0.69,16.39,0.92,2.44,14.6,15.51,0.79,1.44,0.0,42.36,2.51,27.52,Goethite,Water_silica
S00110,SYN-002,7.0,8.0,151.68,58.03,7.5,7.5,6.69,0.08,0.94,2.01,17.25,4.5,3.53,1.56,8.57,0.0,0.0,6.76,45.21,20.47,31.89,Goethite,Water_silica
S00111,SYN-002,8.0,10.0,151.97,56.78,9.0,9.0,0.81,0.0,0.0,3.44,10.96,6.91,1.93,44.24,3.44,75.65,32.31,12.63,1.73,2.6,3.5,None,Pyrophyllite
S00112,SYN-002,10.0,11.5,152.31,55.31,10.75,10.75,1.17,6.63,0.0,0.0,19.68,4.4,0.97,8.69,14.8,0.0,0.0,3.49,17.57,38.71,39.31,Goethite,Kaolinite
S00113,SYN-002,11.5,13.0,152.6,54.06,12.25,12.25,10.84,5.76,1.64,0.87,12.14,2.27,0.0,6.2,12.81,0.0,6.35,0.0,11.35,75.35,0.0,Hematite,Gypsum
S00114,SYN-002,13.0,14.5,152.89,52.8,13.75,13.75,9.94,3.78,0.0,0.0,12.08,34.61,21.85,7.86,14.42,6.88,4.71,6.75,28.46,56.29,38.36,Hematite,Dickite
S00115,SYN-002,14.5,16.0,153.18,51.55,15.25,15.25,3.84,28.91,0.0,0.0,9.57,2.5,0.14,8.16,18.52,3.79,4.85,2.64,8.56,58.3,32.01,Hematite,Chlorite
S00116,SYN-002,16.0,18.0,153.52,50.08,17.0,17.0,7.26,3.3,0.0,2.74,5.79,5.67,4.41,29.68,0.3,47.22,31.04,12.95,3.38,5.72,3.37,None,Pyrophyllite
S00117,SYN-002,18.0,19.5,153.85,48.62,18.75,18.75,2.97,6.0,2.42,3.17,14.24,0.0,1.77,6.94,19.24,0.0,3.33,1.16,20.74,47.84,23.19,Hematite,Water_silica
S00118,SYN-002,19.5,21.5,154.19,47.15,20.5,20.5,24.58,2.75,4.17,1.02,12.21,4.12,0.79,4.09,1.37,16.12,2.22,0.0,18.04,31.15,32.51,Goethite,WhiteMica
S00119,SYN-002,21.5,22.5,154.48,45.89,22.0,22.0,2.15,0.0,7.07,5.37,7.41,3.58,0.0,4.33,21.5,4.61,4.87,15.74,15.92,34.24,14.96,Hematite,Gypsum
S00120,SYN-002,22.5,24.0,154.72,44.85,23.25,23.25,9.68,1.28,0.13,1.02,9.36,6.03,2.9,46.18,15.72,15.74,2.02,3.11,34.13,10.18,24.69,Goethite,Alunite
S00121,SYN-002,24.0,25.5,155.01,43.59,24.75,24.75,4.74,3.6,0.0,3.62,8.43,0.0,0.05,3.03,10.39,2.53,20.67,0.0,23.09,50.31,0.0,Hematite,Water_silica
S00122,SYN-002,25.5,26.5,155.25,42.55,26.0,26.0,10.38,0.0,2.51,3.19,6.73,0.0,0.0,12.42,18.63,17.75,4.67,0.61,26.97,29.62,10.8,Hematite,Water_silica
S00123,SYN-002,26.5,27.5,155.45,41.71,27.0,27.0,3.77,1.55,5.87,1.17,9.62,2.58,3.55,4.27,7.38,25.12,3.24,0.95,9.07,58.04,17.04,Hematite,Pyrophyllite
S00124,SYN-002,27.5,29.0,155.69,40.66,28.25,28.25,5.06,0.0,5.3,4.07,7.82,4.94,0.11,41.8,5.48,69.05,28.14,9.76,4.65,3.74,1.33,None,Pyrophyllite
S00125,SYN-002,29.0,31.0,156.03,39.2,30.0,30.0,5.7,1.99,5.03,0.0,4.16,0.52,2.58,8.34,7.68,2.43,2.31,0.0,27.0,37.74,14.64,Hematite,Water_silica
S00126,SYN-002,31.0,32.5,156.36,37.73,31.75,31.75,9.42,0.0,0.0,0.94,12.13,3.7,0.0,15.09,20.67,0.14,3.19,31.45,29.87,36.4,25.21,Hematite,Zunyite
S00127,SYN-002,32.5,34.5,156.7,36.27,33.5,33.5,5.13,0.52,0.85,0.0,16.32,4.49,0.0,10.86,14.42,0.0,1.48,0.0,20.74,2.04,48.81,Goethite,Water_silica
S00128,SYN-002,34.5,36.5,157.09,34.59,35.5,35.5,62.85,0.66,1.88,0.0,18.88,9.72,3.97,6.92,9.84,5.04,22.15,5.64,3.96,0.0,5.69,None,WhiteMica
S00129,SYN-002,36.5,38.0,157.43,33.13,37.25,37.25,6.73,0.0,3.33,32.88,10.23,5.46,0.0,2.82,23.88,1.04,2.47,0.0,14.88,47.45,37.85,Hematite,Epidote
S00130,SYN-002,38.0,40.0,157.76,31.66,39.0,39.0,51.57,0.0,0.93,1.69,2.21,24.43,15.33,0.0,6.56,0.0,3.08,2.1,8.81,8.01,6.99,None,WhiteMica
S00131,SYN-002,40.0,41.0,158.05,30.41,40.5,40.5,100.0,0.0,2.61,2.98,7.69,3.62,7.96,2.48,9.36,2.11,1.79,0.0,24.8,5.46,6.54,None,WhiteMica
S00132,SYN-002,41.0,42.0,158.25,29.57,41.5,41.5,8.95,3.37,3.5,1.59,14.26,1.35,1.12,6.79,9.68,2.43,2.71,1.36,11.9,84.66,38.34,Hematite,Kaolinite
S00133,SYN-002,42.0,44.0,158.54,28.31,43.0,43.0,13.51,0.0,1.32,0.92,5.12,7.7,5.08,3.14,23.29,4.62,13.29,0.0,3.45,0.0,6.06,None,Gypsum
S00134,SYN-002,44.0,46.0,158.92,26.64,45.0,45.0,4.5,0.0,2.68,0.0,10.7,3.4,4.15,34.89,15.84,4.45,0.0,0.0,18.63,65.79,32.92,Hematite,Alunite
S00135,SYN-002,46.0,47.0,159.21,25.38,46.5,46.5,49.28,0.0,0.0,0.0,77.14,10.57,12.31,26.63,10.89,3.54,1.77,1.72,0.0,1.6,8.95,None,Kaolinite
S00136,SYN-002,47.0,48.5,159.45,24.34,47.75,47.75,21.15,0.0,5.55,1.86,55.16,8.81,3.41,0.0,2.39,1.75,1.78,3.19,0.0,6.45,1.25,None,Kaolinite
S00137,SYN-002,48.5,50.0,159.74,23.08,49.25,49.25,7.57,6.34,2.27,0.0,55.47,12.05,5.94,0.0,5.65,0.0,0.0,3.02,0.63,3.59,1.41,None,Kaolinite
S00138,SYN-002,50.0,52.0,160.08,21.61,51.0,51.0,45.03,0.0,0.0,4.7,77.08,11.76,9.01,0.0,3.5,3.16,0.0,4.4,5.04,0.0,0.0,None,Kaolinite
S00139,SYN-002,52.0,53.5,160.42,20.15,52.75,52.75,62.21,0.0,1.76,0.0,0.0,9.76,3.87,6.76,6.67,2.08,4.29,0.0,6.84,0.25,2.41,None,WhiteMica
S00140,SYN-002,53.5,55.0,160.71,18.89,54.25,54.25,22.7,0.0,13.57,0.0,30.19,15.39,3.85,27.62,5.1,0.99,0.0,0.0,1.82,0.02,0.0,None,Kaolinite
S00141,SYN-002,55.0,56.5,161.0,17.64,55.75,55.75,62.54,6.22,0.58,6.09,13.33,6.92,2.98,5.02,3.65,0.0,0.0,4.74,3.01,5.7,6.31,None,WhiteMica
S00142,SYN-002,56.5,58.0,161.29,16.38,57.25,57.25,31.1,2.3,16.85,4.09,3.48,3.98,5.8,2.44,4.81,2.49,3.14,0.0,5.47,31.97,3.56,Hematite,WhiteMica
S00143,SYN-002,58.0,59.5,161.58,15.13,58.75,58.75,26.94,1.74,32.58,0.0,87.47,0.0,4.68,0.0,1.29,2.88,2.48,26.2,0.0,1.23,2.19,None,Kaolinite
S00144,SYN-002,59.5,61.5,161.91,13.66,60.5,60.5,16.65,1.87,1.84,0.0,32.1,8.04,4.68,2.11,0.14,0.0,27.17,0.8,1.57,0.05,0.29,None,Kaolinite
S00145,SYN-002,61.5,63.0,162.25,12.2,62.25,62.25,60.49,0.96,3.69,31.48,6.72,6.83,3.71,3.4,6.11,1.49,1.59,0.0,6.68,3.67,0.0,None,WhiteMica
S00146,SYN-002,63.0,64.0,162.49,11.15,63.5,63.5,78.09,5.51,0.0,22.24,7.54,2.26,6.48,4.78,3.42,2.47,4.16,0.0,0.67,1.69,1.71,None,WhiteMica
S00147,SYN-002,64.0,65.0,162.69,10.31,64.5,64.5,15.54,2.87,0.64,1.11,53.63,6.53,9.36,0.0,7.44,0.68,18.82,3.33,2.77,2.45,7.07,None,Kaolinite
S00148,SYN-002,65.0,66.5,162.93,9.27,65.75,65.75,60.52,0.0,22.94,0.0,6.31,3.37,11.36,4.87,2.05,0.0,2.23,0.0,2.96,3.52,5.88,None,WhiteMica
S00149,SYN-002,66.5,68.5,163.26,7.8,67.5,67.5,94.13,34.23,0.01,2.38,9.67,5.3,6.3,7.2,8.66,1.81,0.82,0.0,9.78,2.43,4.91,None,WhiteMica
S00150,SYN-002,68.5,69.5,163.55,6.54,69.0,69.0,40.94,6.2,0.0,0.53,37.28,0.0,7.43,0.0,0.67,2.54,0.0,0.0,0.0,17.25,0.0,Hematite,WhiteMica
S00151,SYN-002,69.5,70.5,163.75,5.71,70.0,70.0,1.16,6.2,0.0,0.0,5.33,6.17,9.51,6.64,1.46,0.85,3.38,0.0,5.55,4.14,2.77,None,Montmor
S00152,SYN-002,70.5,72.0,163.99,4.66,71.25,71.25,36.02,0.84,0.0,2.87,9.37,2.75,29.86,6.12,10.56,0.0,0.0,3.39,2.15,4.59,2.39,None,WhiteMica
S00153,SYN-002,72.0,73.0,164.23,3.61,72.5,72.5,3.02,0.0,0.0,5.76,23.03,9.33,11.47,0.0,7.71,0.0,5.6,3.93,0.56,7.27,1.27,None,Kaolinite
S00154,SYN-002,73.0,75.0,164.52,2.36,74.0,74.0,24.76,0.0,7.29,3.35,57.97,3.9,14.77,1.55,3.07,4.55,0.55,1.99,0.83,0.44,3.15,None,Kaolinite
S00155,SYN-002,75.0,76.5,164.86,0.89,75.75,75.75,10.01,38.68,1.43,0.0,53.11,9.91,8.97,0.0,1.93,1.07,1.4,4.2,0.2,5.21,0.75,None,Kaolinite
S00156,SYN-002,76.5,77.5,165.1,-0.15,77.0,77.0,17.99,3.55,0.12,0.0,45.72,9.37,6.16,0.0,2.71,0.0,0.91,1.32,0.0,5.2,1.66,None,Kaolinite
S00157,SYN-002,77.5,79.5,165.39,-1.41,78.5,78.5,15.68,3.2,0.0,0.0,70.54,14.45,9.33,3.53,8.01,1.62,1.83,0.75,2.85,39.1,0.84,Hematite,Kaolinite
S00158,SYN-002,79.5,80.5,165.68,-2.67,80.0,80.0,12.24,0.0,2.38,0.0,80.96,10.65,4.78,0.0,2.25,0.12,2.94,0.0,0.0,21.28,1.41,Hematite,Kaolinite
S00159,SYN-002,80.5,82.0,165.92,-3.71,81.25,81.25,22.35,4.01,0.0,0.0,95.36,2.87,7.77,0.0,3.04,0.0,3.79,0.18,0.0,0.0,0.0,None,Kaolinite
S00160,SYN-002,82.0,83.0,166.16,-4.76,82.5,82.5,0.0,3.21,0.0,2.07,75.06,13.87,16.86,3.05,6.44,32.11,0.59,0.0,0.0,1.27,3.19,None,Kaolinite
S00161,SYN-002,83.0,84.0,166.35,-5.6,83.5,83.5,96.5,7.32,1.11,3.76,9.15,6.67,31.57,23.47,3.8,4.47,0.2,0.47,5.36,0.0,4.57,None,WhiteMica
S00162,SYN-002,84.0,85.0,166.55,-6.43,84.5,84.5,18.88,1.67,1.12,0.84,53.99,25.07,21.57,0.0,5.18,3.29,1.42,0.79,0.0,0.0,1.0,None,Kaolinite
S00163,SYN-002,85.0,86.0,166.74,-7.27,85.5,85.5,21.11,0.0,1.1,1.24,12.64,17.81,9.09,4.27,9.19,0.81,0.0,0.0,4.85,3.88,5.8,None,WhiteMica
S00164,SYN-002,86.0,87.0,166.93,-8.11,86.5,86.5,8.54,1.47,10.73,0.0,61.55,15.67,7.42,17.81,6.91,1.34,2.89,1.42,0.43,0.0,0.83,None,Kaolinite
S00165,SYN-002,87.0,88.0,167.13,-8.94,87.5,87.5,64.26,5.32,0.0,1.58,62.5,10.94,6.53,1.4,2.26,1.87,1.87,0.0,3.86,0.0,0.0,None,WhiteMica
S00166,SYN-002,88.0,89.5,167.37,-9.99,88.75,88.75,43.78,23.07,0.22,0.0,64.66,9.35,9.73,0.0,7.26,0.0,0.0,2.07,1.53,35.82,5.63,Hematite,Kaolinite
S00167,SYN-002,89.5,91.0,167.66,-11.25,90.25,90.25,19.65,26.35,0.03,0.98,23.35,8.97,3.42,1.23,0.0,7.77,0.0,0.86,2.32,35.7,1.68,Hematite,Chlorite
S00168,SYN-002,91.0,92.5,167.95,-12.5,91.75,91.75,81.8,3.16,1.45,1.02,3.04,7.41,8.14,1.24,27.94,0.0,0.0,1.0,0.32,3.58,3.59,None,WhiteMica
S00169,SYN-002,92.5,94.0,168.24,-13.76,93.25,93.25,72.11,4.46,3.05,0.0,8.85,5.42,8.45,0.52,7.69,0.0,0.0,3.07,32.89,0.0,0.0,None,WhiteMica
S00170,SYN-002,94.0,95.5,168.52,-15.01,94.75,94.75,16.14,0.0,0.0,3.28,66.36,13.3,7.4,0.0,5.93,1.31,1.6,0.0,0.46,0.5,2.61,None,Kaolinite
S00171,SYN-002,95.5,97.5,168.86,-16.48,96.5,96.5,90.19,4.54,3.22,4.32,4.21,0.17,32.37,4.06,3.01,0.0,0.0,3.26,21.29,3.03,2.2,None,WhiteMica
S00172,SYN-002,97.5,99.5,169.25,-18.15,98.5,98.5,9.11,36.18,14.55,31.84,1.49,2.95,43.95,0.0,0.0,0.84,6.59,0.27,1.52,4.27,22.42,Goethite,Montmor
S00173,SYN-002,99.5,100.5,169.54,-19.41,100.0,100.0,44.39,0.17,1.89,0.29,81.73,5.87,3.11,0.0,2.36,5.72,4.47,1.31,3.01,3.09,2.1,None,Kaolinite
S00174,SYN-002,100.5,101.5,169.73,-20.25,101.0,101.0,8.84,34.77,13.92,10.99,2.73,1.97,14.09,0.0,0.21,6.94,2.5,2.39,0.0,4.19,3.47,None,Chlorite
S00175,SYN-002,101.5,102.5,169.92,-21.08,102.0,102.0,34.95,1.16,37.99,2.31,61.3,13.19,13.56,0.0,5.49,0.0,32.18,3.25,0.0,1.59,3.29,None,Kaolinite
S00176,SYN-002,102.5,103.5,170.12,-21.92,103.0,103.0,46.48,3.6,4.53,0.0,95.69,8.42,11.55,26.38,8.91,2.67,0.0,3.43,0.09,3.0,4.29,None,Kaolinite
S00177,SYN-002,103.5,105.0,170.36,-22.97,104.25,104.25,15.29,4.45,31.26,36.4,18.13,1.4,18.15,1.7,0.0,0.0,38.73,1.93,1.28,2.55,0.0,None,Diaspore
S00178,SYN-002,105.0,106.5,170.65,-24.22,105.75,105.75,29.38,2.35,6.05,0.0,30.47,2.74,5.23,2.39,0.0,0.0,3.54,0.0,0.0,0.0,6.75,None,Kaolinite
S00179,SYN-002,106.5,107.5,170.89,-25.27,107.0,107.0,32.77,1.35,0.0,2.02,60.99,8.34,1.32,2.89,6.31,0.0,3.19,0.0,0.0,0.0,2.45,None,Kaolinite
S00180,SYN-002,107.5,109.0,171.13,-26.32,108.25,108.25,7.98,1.2,0.0,1.21,22.99,6.28,5.04,25.88,7.24,1.04,0.0,0.0,4.78,0.0,1.7,None,Alunite
S00181,SYN-002,109.0,110.5,171.42,-27.57,109.75,109.75,78.77,0.0,2.14,1.43,9.05,10.9,7.22,4.49,6.46,0.82,1.02,4.21,3.14,0.16,3.86,None,WhiteMica
S00182,SYN-002,110.5,111.5,171.66,-28.62,111.0,111.0,38.99,22.13,5.39,3.82,58.58,45.34,9.77,0.0,6.1,3.46,4.66,3.92,1.15,5.33,2.55,None,Kaolinite
S00183,SYN-002,111.5,113.5,171.95,-29.88,112.5,112.5,24.46,2.76,1.77,0.6,40.42,12.75,7.84,0.0,5.65,1.69,2.39,2.22,3.37,1.71,3.29,None,Kaolinite
S00184,SYN-002,113.5,114.5,172.24,-31.13,114.0,114.0,37.55,0.0,3.67,27.21,40.59,0.0,46.05,0.76,1.55,0.0,0.36,0.0,0.35,0.0,2.06,None,Montmor
S00185,SYN-002,114.5,116.5,172.53,-32.39,115.5,115.5,29.84,3.88,2.34,26.28,56.91,8.36,13.05,1.2,3.78,0.0,24.6,0.0,0.0,1.51,4.43,None,Kaolinite
S00186,SYN-002,116.5,117.5,172.82,-33.64,117.0,117.0,23.43,0.0,0.34,0.0,67.23,44.11,10.29,1.19,1.59,0.02,0.0,1.26,6.07,2.51,0.0,None,Kaolinite
S00187,SYN-002,117.5,119.5,173.11,-34.9,118.5,118.5,25.47,0.09,3.0,1.55,74.27,10.39,6.1,0.12,5.07,1.88,0.0,3.34,32.12,0.9,3.6,None,Kaolinite
S00188,SYN-002,119.5,121.5,173.5,-36.57,120.5,120.5,19.39,6.75,10.35,4.19,13.36,0.0,2.38,4.2,0.52,0.07,1.95,0.0,4.55,0.54,1.73,None,WhiteMica
S00189,SYN-002,121.5,123.5,173.88,-38.25,122.5,122.5,2.75,45.96,46.3,6.33,2.01,2.96,35.68,3.89,4.74,0.0,20.65,28.7,3.3,31.97,0.0,Hematite,Carbonate
S00190,SYN-002,123.5,125.5,174.27,-39.92,124.5,124.5,35.87,2.05,2.41,2.36,33.92,14.83,28.86,18.63,0.74,0.0,0.0,0.35,3.03,2.52,5.76,None,WhiteMica
S00191,SYN-002,125.5,127.5,174.65,-41.6,126.5,126.5,6.05,0.0,9.1,7.05,2.56,2.04,32.35,0.0,3.67,0.24,4.61,0.0,2.9,1.55,2.06,None,Montmor
S00192,SYN-002,127.5,129.0,174.99,-43.06,128.25,128.25,24.89,1.01,0.0,0.0,55.77,9.87,9.09,0.48,2.91,1.53,0.0,0.0,1.21,34.74,5.53,Hematite,Kaolinite
S00193,SYN-002,129.0,131.0,175.33,-44.53,130.0,130.0,6.72,2.42,0.89,0.0,24.28,12.99,9.28,0.0,5.58,0.0,0.0,0.0,3.89,31.82,4.82,Hematite,Kaolinite
S00194,SYN-002,131.0,132.0,175.62,-45.78,131.5,131.5,85.78,0.91,3.02,0.0,6.53,7.24,2.46,4.85,7.7,3.01,3.1,1.14,9.47,2.82,1.15,None,WhiteMica
S00195,SYN-002,132.0,133.5,175.86,-46.83,132.75,132.75,40.81,0.0,1.75,1.68,9.34,6.04,9.02,3.62,9.27,0.0,0.0,0.0,4.17,1.02,5.91,None,WhiteMica
S00196,SYN-002,133.5,135.0,176.15,-48.09,134.25,134.25,100.0,1.04,2.46,0.69,9.37,4.99,2.62,5.27,8.2,0.0,0.0,3.48,0.27,3.41,2.41,None,WhiteMica
S00197,SYN-002,135.0,137.0,176.49,-49.55,136.0,136.0,63.12,1.19,0.0,0.0,2.86,7.56,8.14,1.46,3.66,0.0,0.76,2.18,17.53,5.92,1.32,None,WhiteMica
S00198,SYN-002,137.0,138.5,176.83,-51.02,137.75,137.75,0.77,5.42,28.66,4.55,10.67,6.56,7.61,18.37,5.63,2.34,27.76,1.93,7.93,32.47,0.52,Hematite,Carbonate
S00199,SYN-002,138.5,140.0,177.11,-52.27,139.25,139.25,5.91,1.55,3.38,35.06,45.61,12.19,5.45,0.19,2.17,0.0,0.0,0.0,1.07,1.38,1.0,None,Kaolinite
S00200,SYN-002,140.0,141.5,177.4,-53.53,140.75,140.75,23.91,0.48,1.89,1.53,48.92,8.51,3.09,3.16,3.01,0.84,0.0,0.0,1.08,0.0,19.48,Goethite,Kaolinite
S00201,SYN-003,0.0,1.5,76.9,42.2,0.75,0.75,1.94,0.23,1.28,6.63,3.46,18.12,0.0,41.8,1.79,71.99,19.19,11.03,9.25,1.39,1.16,None,Pyrophyllite
S00202,SYN-003,1.5,2.5,77.99,41.66,2.0,2.0,2.59,1.93,0.08,0.0,5.4,0.0,4.82,11.71,16.44,2.77,0.0,14.72,16.86,26.03,9.15,Hematite,Water_silica
S00203,SYN-003,2.5,4.0,79.08,41.12,3.25,3.25,2.06,0.0,2.66,0.0,19.03,1.74,3.08,8.17,16.56,3.52,3.02,23.03,13.59,47.01,42.06,Hematite,Zunyite
S00204,SYN-003,4.0,5.5,80.38,40.47,4.75,4.75,7.58,0.0,3.52,0.56,27.25,1.07,5.98,7.43,17.91,0.0,1.53,1.62,22.3,49.56,31.88,Hematite,Kaolinite
S00205,SYN-003,5.5,6.5,81.47,39.93,6.0,6.0,7.05,0.0,0.0,0.0,10.05,0.93,1.7,14.19,16.9,0.0,1.16,16.95,20.08,17.88,33.72,Goethite,Water_silica
S00206,SYN-003,6.5,8.0,82.56,39.4,7.25,7.25,8.87,0.48,4.53,0.0,6.54,5.76,3.97,13.69,14.12,0.0,1.93,4.68,15.35,30.17,37.32,Goethite,Water_silica
S00207,SYN-003,8.0,9.5,83.87,38.75,8.75,8.75,5.26,1.65,3.68,1.54,17.12,0.0,0.0,10.52,1.77,0.47,0.0,4.14,36.64,19.57,33.56,Goethite,Water_silica
S00208,SYN-003,9.5,11.0,85.17,38.1,10.25,10.25,2.14,2.11,0.0,0.09,10.97,1.19,0.0,5.75,19.44,0.0,0.78,2.3,4.58,21.15,31.77,Goethite,Gypsum
S00209,SYN-003,11.0,12.5,86.48,37.45,11.75,11.75,6.01,0.0,5.02,7.74,34.28,2.26,0.0,29.95,0.76,100.0,28.11,1.36,6.45,6.72,4.07,None,Pyrophyllite
S00210,SYN-003,12.5,14.0,87.78,36.81,13.25,13.25,0.0,0.0,30.94,1.21,21.5,1.33,0.43,0.0,0.0,0.89,33.35,0.0,17.05,34.52,16.84,Hematite,Diaspore
S00211,SYN-003,14.0,15.5,89.09,36.16,14.75,14.75,13.74,0.78,24.82,0.0,10.16,2.81,0.89,3.4,6.23,3.03,1.65,0.0,8.31,60.38,14.26,Hematite,Carbonate
S00212,SYN-003,15.5,17.5,90.61,35.41,16.5,16.5,7.42,0.0,3.33,0.0,6.58,0.0,7.66,2.44,9.56,35.82,3.34,2.29,15.23,41.68,14.36,Hematite,Pyrophyllite
S00213,SYN-003,17.5,19.5,92.35,34.54,18.5,18.5,6.37,2.54,5.14,6.3,2.3,0.45,16.55,7.78,19.69,0.0,0.29,3.68,20.79,53.84,0.0,Hematite,Water_silica
S00214,SYN-003,19.5,21.0,93.87,33.79,20.25,20.25,6.75,0.53,1.17,0.0,14.98,0.0,0.0,11.38,12.6,7.65,4.56,2.56,3.34,53.19,20.73,Hematite,Kaolinite
S00215,SYN-003,21.0,22.5,95.18,33.14,21.75,21.75,12.98,1.0,26.05,9.08,6.24,0.0,3.61,15.11,25.81,2.18,0.0,0.03,36.9,56.87,33.96,Hematite,Water_silica
S00216,SYN-003,22.5,24.0,96.48,32.49,23.25,23.25,3.85,0.0,0.0,2.06,8.11,4.11,0.0,12.58,5.26,1.92,2.93,1.72,21.11,36.98,41.28,Goethite,Water_silica
S00217,SYN-003,24.0,26.0,98.01,31.74,25.0,25.0,10.71,5.51,3.99,0.0,15.53,0.0,1.56,5.45,7.07,18.34,0.0,0.56,5.82,32.27,17.99,Hematite,Pyrophyllite
S00218,SYN-003,26.0,27.5,99.53,30.98,26.75,26.75,32.98,0.0,3.75,1.81,14.74,0.0,35.62,8.91,0.0,0.5,4.12,0.0,13.26,18.73,25.85,Goethite,Montmor
S00219,SYN-003,27.5,29.5,101.05,30.23,28.5,28.5,3.94,0.2,4.59,0.98,7.26,3.57,0.0,9.45,6.78,3.95,1.75,0.67,7.38,88.18,20.76,Hematite,Alunite
S00220,SYN-003,29.5,31.0,102.58,29.47,30.25,30.25,9.6,2.92,8.66,3.03,8.8,15.06,0.0,43.01,0.0,86.76,20.12,10.08,3.81,3.48,1.72,None,Pyrophyllite
S00221,SYN-003,31.0,32.5,103.88,28.83,31.75,31.75,2.69,1.47,0.0,2.57,7.96,0.36,4.99,2.39,10.01,0.0,0.0,0.17,25.24,60.45,30.02,Hematite,Water_silica
S00222,SYN-003,32.5,34.0,105.19,28.18,33.25,33.25,4.61,0.57,3.61,0.95,2.1,0.45,4.02,4.85,23.23,1.97,1.46,3.19,30.88,77.28,9.95,Hematite,Water_silica
S00223,SYN-003,34.0,35.5,106.49,27.53,34.75,34.75,5.15,0.0,3.75,0.63,0.75,0.5,2.08,6.45,20.59,4.99,2.2,0.0,12.65,47.94,20.53,Hematite,Gypsum
S00224,SYN-003,35.5,36.5,107.58,26.99,36.0,36.0,11.53,0.0,0.0,4.07,38.3,3.89,5.58,15.67,15.5,1.67,1.76,0.0,25.06,33.18,17.12,Hematite,Kaolinite
S00225,SYN-003,36.5,38.0,108.67,26.45,37.25,37.25,3.46,2.56,0.0,0.05,3.63,4.44,0.47,0.0,0.0,89.04,20.02,10.13,6.87,0.33,5.38,None,Pyrophyllite
S00226,SYN-003,38.0,40.0,110.19,25.7,39.0,39.0,5.38,0.0,0.0,1.35,6.15,5.4,3.42,22.72,0.0,60.19,23.66,6.73,6.81,3.15,2.04,None,Pyrophyllite
S00227,SYN-003,40.0,41.0,111.5,25.05,40.5,40.5,20.39,1.84,0.54,5.13,7.27,5.33,3.71,32.31,2.12,88.43,49.78,8.23,11.27,0.0,2.53,None,Pyrophyllite
S00228,SYN-003,41.0,42.5,112.59,24.51,41.75,41.75,67.95,2.68,4.62,27.91,9.03,7.91,7.59,1.31,3.78,18.15,12.04,0.29,9.05,0.0,26.93,Goethite,WhiteMica
S00229,SYN-003,42.5,43.5,113.67,23.97,43.0,43.0,4.21,0.0,3.95,0.0,19.54,5.0,0.0,39.23,7.03,29.16,26.29,6.01,7.04,3.64,24.44,Goethite,Alunite
S00230,SYN-003,43.5,45.0,114.76,23.44,44.25,44.25,5.49,0.0,3.84,0.0,13.93,0.0,30.45,9.39,12.04,2.48,2.02,3.84,16.05,21.47,45.7,Goethite,Montmor
S00231,SYN-003,45.0,46.0,115.85,22.9,45.5,45.5,39.21,7.11,0.5,3.75,5.89,3.04,10.16,5.17,4.45,3.58,2.14,1.2,0.0,1.22,3.09,None,WhiteMica
S00232,SYN-003,46.0,48.0,117.15,22.25,47.0,47.0,0.23,0.35,4.3,4.82,1.2,14.15,0.39,46.0,1.37,32.61,0.57,2.33,13.26,1.44,0.61,None,Alunite
S00233,SYN-003,48.0,49.0,118.46,21.6,48.5,48.5,37.0,0.93,36.21,0.78,8.45,12.65,1.19,28.36,2.68,47.37,17.28,10.13,0.64,1.88,22.27,Goethite,Pyrophyllite
S00234,SYN-003,49.0,51.0,119.77,20.96,50.0,50.0,88.41,22.58,6.76,3.37,7.51,6.33,7.63,7.68,7.32,0.0,3.41,0.0,2.91,23.72,4.63,Hematite,WhiteMica
S00235,SYN-003,51.0,53.0,121.51,20.09,52.0,52.0,4.11,0.32,1.11,1.77,13.73,8.95,16.97,26.38,0.0,86.24,8.11,14.73,9.65,5.26,5.31,None,Pyrophyllite
S00236,SYN-003,53.0,54.5,123.03,19.34,53.75,53.75,72.3,0.0,0.0,5.61,10.77,4.75,1.68,6.78,7.63,1.53,2.46,0.67,4.06,0.0,5.94,None,WhiteMica
S00237,SYN-003,54.5,56.5,124.55,18.58,55.5,55.5,42.39,0.31,5.11,0.0,6.85,7.0,6.47,2.58,7.57,0.0,0.0,0.15,38.61,0.0,33.88,Goethite,WhiteMica
S00238,SYN-003,56.5,58.5,126.29,17.72,57.5,57.5,8.5,26.21,2.42,0.0,7.24,22.18,2.67,44.55,1.72,66.65,25.54,4.79,15.56,2.57,5.07,None,Pyrophyllite
S00239,SYN-003,58.5,60.5,128.03,16.86,59.5,59.5,97.21,4.93,0.0,0.0,15.61,0.75,0.28,5.49,6.78,5.24,5.48,1.81,13.28,0.0,6.38,None,WhiteMica
S00240,SYN-003,60.5,62.0,129.56,16.1,61.25,61.25,82.52,0.93,3.36,0.16,13.37,4.94,4.77,0.0,7.19,4.09,11.27,32.71,6.39,0.09,6.56,None,WhiteMica
S00241,SYN-003,62.0,63.5,130.86,15.46,62.75,62.75,36.39,0.0,0.46,1.94,8.42,7.46,3.94,6.96,4.77,3.46,3.45,0.76,7.32,4.15,5.34,None,WhiteMica
S00242,SYN-003,63.5,64.5,131.95,14.92,64.0,64.0,54.03,0.59,1.49,0.47,7.18,7.9,18.97,4.41,42.72,0.0,2.3,3.16,2.79,0.0,2.45,None,WhiteMica
S00243,SYN-003,64.5,66.0,133.04,14.38,65.25,65.25,0.0,3.0,0.0,0.0,7.76,9.92,0.2,48.58,1.39,52.69,10.61,8.2,7.51,4.05,6.37,None,Pyrophyllite
S00244,SYN-003,66.0,67.0,134.13,13.84,66.5,66.5,71.49,0.0,2.69,0.0,7.34,5.92,2.94,5.08,7.8,0.29,4.31,1.53,32.27,0.0,0.0,None,WhiteMica
S00245,SYN-003,67.0,68.5,135.21,13.3,67.75,67.75,48.49,0.0,0.0,1.21,5.84,0.17,3.02,0.0,5.94,0.72,0.62,4.07,7.04,7.14,1.4,None,WhiteMica
S00246,SYN-003,68.5,70.0,136.52,12.65,69.25,69.25,3.3,0.0,0.0,0.5,3.61,10.27,0.7,42.65,18.83,48.47,15.71,3.15,7.0,3.7,0.0,None,Pyrophyllite
S00247,SYN-003,70.0,71.5,137.82,12.0,70.75,70.75,10.97,5.02,2.37,0.34,28.07,15.09,14.94,4.68,1.73,0.0,0.54,0.0,1.06,3.76,2.38,None,Kaolinite
S00248,SYN-003,71.5,73.0,139.13,11.36,72.25,72.25,49.27,6.2,3.2,0.96,8.45,7.73,6.25,4.26,9.04,5.45,0.0,5.46,9.42,1.03,27.09,Goethite,WhiteMica
S00249,SYN-003,73.0,75.0,140.65,10.6,74.0,74.0,7.22,0.0,1.1,4.46,9.97,6.91,4.59,29.8,4.55,26.12,25.58,8.76,5.61,2.03,1.82,None,Alunite
S00250,SYN-003,75.0,77.0,142.39,9.74,76.0,76.0,21.93,2.97,18.34,2.45,60.08,50.36,8.12,4.14,4.64,2.45,1.91,4.72,0.56,8.74,2.45,None,Kaolinite
S00251,SYN-003,77.0,78.5,143.92,8.99,77.75,77.75,23.37,1.96,15.59,0.86,44.64,14.08,9.53,1.43,3.66,1.45,25.58,0.0,1.35,0.0,0.26,None,Kaolinite
S00252,SYN-003,78.5,80.0,145.22,8.34,79.25,79.25,58.96,0.32,0.54,3.3,10.48,39.85,7.94,7.72,4.61,3.7,0.0,0.0,7.64,0.59,4.56,None,WhiteMica
S00253,SYN-003,80.0,82.0,146.74,7.58,81.0,81.0,23.81,2.93,0.96,0.85,51.33,12.56,4.91,0.0,2.17,2.71,0.07,0.0,0.0,1.17,2.44,None,Kaolinite
S00254,SYN-003,82.0,83.0,148.05,6.94,82.5,82.5,30.18,1.63,1.65,1.31,3.14,3.74,5.01,3.85,6.32,0.73,0.0,0.0,3.7,2.43,2.19,None,WhiteMica
S00255,SYN-003,83.0,84.0,148.92,6.5,83.5,83.5,25.56,1.11,0.0,0.0,4.98,6.38,0.5,68.7,0.86,32.75,28.6,5.64,2.76,3.72,0.0,None,Alunite
S00256,SYN-003,84.0,85.0,149.79,6.07,84.5,84.5,0.0,0.97,25.36,0.0,10.31,4.85,10.81,2.89,8.42,2.66,0.78,0.0,6.13,3.24,0.45,None,Carbonate
S00257,SYN-003,85.0,86.5,150.88,5.53,85.75,85.75,13.05,0.0,0.69,0.76,74.45,7.45,36.09,0.0,2.42,4.02,0.97,6.55,2.44,0.0,0.66,None,Kaolinite
S00258,SYN-003,86.5,88.0,152.18,4.89,87.25,87.25,64.24,0.57,0.36,2.16,11.36,8.18,4.14,2.48,2.71,0.0,0.0,17.08,4.41,3.93,4.18,None,WhiteMica
S00259,SYN-003,88.0,90.0,153.71,4.13,89.0,89.0,6.09,0.0,4.36,5.15,10.06,8.25,6.7,1.32,12.0,0.0,0.0,2.0,20.66,3.91,9.9,None,Water_silica
S00260,SYN-003,90.0,91.5,155.23,3.38,90.75,90.75,32.08,0.42,2.94,1.27,7.53,8.96,5.85,3.35,4.41,1.03,0.0,0.0,6.24,2.18,3.6,None,WhiteMica
S00261,SYN-003,91.5,93.0,156.54,2.73,92.25,92.25,30.9,6.64,18.94,0.0,38.76,17.07,11.74,24.16,4.4,0.57,0.0,0.0,7.98,0.43,4.96,None,Kaolinite
S00262,SYN-003,93.0,95.0,158.06,1.98,94.0,94.0,3.57,26.6,2.81,5.23,35.32,7.6,0.0,33.14,3.96,58.83,25.15,7.43,11.81,2.72,5.14,None,Pyrophyllite
S00263,SYN-003,95.0,97.0,159.8,1.11,96.0,96.0,11.76,2.04,3.42,3.67,9.91,8.74,4.14,0.08,4.78,0.0,3.78,5.21,6.21,17.07,0.0,Hematite,WhiteMica
S00264,SYN-003,97.0,98.5,161.32,0.36,97.75,97.75,21.12,0.0,3.49,0.0,66.36,9.24,8.22,9.46,1.35,27.99,1.02,1.15,0.0,1.88,5.88,None,Kaolinite
S00265,SYN-003,98.5,100.0,162.63,-0.29,99.25,99.25,14.98,4.75,1.33,0.0,12.68,1.86,8.28,4.25,6.05,0.0,0.0,0.4,4.98,28.52,3.63,Hematite,WhiteMica
S00266,SYN-003,100.0,101.5,163.93,-0.94,100.75,100.75,69.13,3.57,5.39,2.61,7.79,4.71,2.77,5.9,8.0,1.28,2.2,0.3,7.51,0.0,5.68,None,WhiteMica
S00267,SYN-003,101.5,102.5,165.02,-1.48,102.0,102.0,42.06,1.48,2.06,0.0,79.17,34.65,31.31,0.0,18.37,0.56,1.8,4.73,1.99,2.1,0.43,None,Kaolinite
S00268,SYN-003,102.5,103.5,165.89,-1.91,103.0,103.0,10.16,0.48,1.81,1.28,77.84,16.11,9.03,0.0,4.08,0.0,3.1,0.9,28.49,4.68,3.68,None,Kaolinite
S00269,SYN-003,103.5,105.5,167.2,-2.55,104.5,104.5,20.23,0.39,6.33,0.0,43.94,17.33,8.35,0.0,4.39,4.78,0.0,2.16,0.0,3.7,4.73,None,Kaolinite
S00270,SYN-003,105.5,107.0,168.72,-3.31,106.25,106.25,32.86,0.06,2.38,3.56,37.52,38.7,10.01,3.53,2.67,0.27,0.82,0.0,3.15,1.52,2.78,None,Dickite
S00271,SYN-003,107.0,108.5,170.03,-3.96,107.75,107.75,52.2,0.0,1.92,0.0,8.08,7.69,0.0,2.05,8.26,0.54,0.88,0.47,4.29,1.39,0.12,None,WhiteMica
S00272,SYN-003,108.5,110.0,171.33,-4.6,109.25,109.25,51.26,3.67,0.0,0.58,15.68,5.77,4.68,4.08,10.05,0.0,2.07,4.36,4.77,6.4,0.0,None,WhiteMica
S00273,SYN-003,110.0,111.5,172.64,-5.25,110.75,110.75,23.65,2.39,3.34,0.6,9.11,6.99,4.36,2.97,5.83,0.2,0.54,0.0,5.49,0.0,4.77,None,WhiteMica
S00274,SYN-003,111.5,113.5,174.16,-6.0,112.5,112.5,21.33,18.39,6.72,14.3,15.51,0.0,11.6,1.71,0.0,0.74,0.88,0.93,0.0,3.62,4.44,None,WhiteMica
S00275,SYN-003,113.5,115.5,175.9,-6.87,114.5,114.5,31.6,0.0,4.2,1.25,32.67,17.24,9.36,2.72,5.51,3.3,4.3,0.0,0.09,5.05,1.27,None,Kaolinite
S00276,SYN-003,115.5,117.0,177.42,-7.62,116.25,116.25,14.11,4.17,1.88,0.0,13.73,5.22,7.37,1.08,21.0,4.85,0.0,0.0,0.0,0.0,5.03,None,Gypsum
S00277,SYN-003,117.0,118.5,178.73,-8.27,117.75,117.75,16.6,30.4,0.32,5.24,62.82,7.36,3.79,2.15,5.62,24.82,1.18,0.66,4.62,1.59,1.6,None,Kaolinite
S00278,SYN-003,118.5,120.5,180.25,-9.02,119.5,119.5,12.21,3.66,0.0,1.3,64.16,4.59,35.14,1.96,24.59,1.39,0.0,2.14,0.35,4.78,0.52,None,Kaolinite
S00279,SYN-003,120.5,122.0,181.77,-9.78,121.25,121.25,15.5,26.64,1.8,0.0,50.54,4.22,10.7,0.0,0.43,23.57,0.13,6.04,4.12,0.19,4.05,None,Kaolinite
S00280,SYN-003,122.0,124.0,183.3,-10.53,123.0,123.0,9.66,33.75,39.9,2.27,9.18,0.0,16.0,2.18,0.0,3.7,3.62,0.0,2.38,2.38,0.0,None,Carbonate
S00281,SYN-003,124.0,125.0,184.6,-11.18,124.5,124.5,40.88,0.0,3.51,2.39,4.37,5.65,7.66,4.11,6.89,2.15,3.14,4.4,5.8,0.0,3.5,None,WhiteMica
S00282,SYN-003,125.0,127.0,185.91,-11.83,126.0,126.0,8.15,0.25,0.0,5.13,18.28,20.24,10.42,5.7,8.19,6.72,0.0,0.0,2.55,1.0,0.0,None,Dickite
S00283,SYN-003,127.0,128.5,187.43,-12.58,127.75,127.75,9.3,33.27,15.07,4.36,0.08,1.59,25.84,2.46,0.0,3.17,0.0,2.06,37.01,5.5,0.07,None,Water_silica
S00284,SYN-003,128.5,129.5,188.52,-13.12,129.0,129.0,20.63,2.53,1.88,4.59,40.11,6.68,12.72,0.0,4.15,4.37,2.14,4.18,1.44,0.0,2.02,None,Kaolinite
S00285,SYN-003,129.5,131.0,189.61,-13.66,130.25,130.25,14.06,18.6,25.01,6.63,16.13,2.27,1.48,1.43,3.71,5.69,3.85,0.0,3.75,0.0,4.74,None,Carbonate
S00286,SYN-003,131.0,132.5,190.91,-14.31,131.75,131.75,67.83,1.66,2.77,0.0,44.01,4.82,1.88,5.4,1.85,0.64,2.73,2.61,12.95,1.91,0.0,None,WhiteMica
S00287,SYN-003,132.5,133.5,192.0,-14.85,133.0,133.0,28.27,0.81,1.99,0.0,77.81,5.92,13.11,0.0,4.78,0.0,0.46,3.53,2.79,3.34,4.81,None,Kaolinite
S00288,SYN-003,133.5,135.0,193.09,-15.39,134.25,134.25,56.64,2.63,0.19,0.0,9.45,5.35,6.31,4.16,3.11,1.55,4.22,4.61,9.72,0.78,5.95,None,WhiteMica
S00289,SYN-003,135.0,137.0,194.61,-16.14,136.0,136.0,14.23,0.0,0.66,0.39,61.17,11.7,24.92,1.6,2.24,0.0,0.0,0.0,3.17,1.24,3.6,None,Kaolinite
S00290,SYN-003,137.0,138.5,196.13,-16.9,137.75,137.75,6.74,34.14,12.06,4.09,3.82,0.0,49.33,0.0,3.13,0.09,0.0,0.0,3.26,3.86,2.55,None,Montmor
S00291,SYN-003,138.5,140.0,197.44,-17.54,139.25,139.25,21.1,0.0,0.97,0.06,64.91,7.97,8.67,2.61,3.46,0.04,5.01,1.27,0.76,5.07,2.92,None,Kaolinite
S00292,SYN-003,140.0,141.5,198.74,-18.19,140.75,140.75,79.47,1.32,1.9,2.38,5.64,2.97,6.01,31.01,5.75,0.78,0.0,3.11,6.68,3.3,0.0,None,WhiteMica
S00293,SYN-003,141.5,143.0,200.05,-18.84,142.25,142.25,83.19,2.4,4.68,2.28,4.03,4.05,5.81,4.43,6.97,5.53,0.0,2.08,5.0,4.37,2.86,None,WhiteMica
S00294,SYN-003,143.0,145.0,201.57,-19.59,144.0,144.0,51.42,0.0,2.39,22.73,8.86,5.82,7.61,5.28,38.48,4.52,0.23,30.07,5.06,1.93,33.23,Goethite,WhiteMica
S00295,SYN-003,145.0,147.0,203.31,-20.45,146.0,146.0,9.66,6.18,0.0,3.53,7.78,5.87,4.94,3.92,7.42,1.49,1.48,1.43,4.81,0.44,12.17,None,WhiteMica
S00296,SYN-003,147.0,148.0,204.62,-21.1,147.5,147.5,7.5,25.04,11.96,10.29,16.93,2.22,21.83,4.66,0.0,1.19,0.0,0.0,2.94,19.76,6.2,Hematite,Chlorite
S00297,SYN-003,148.0,150.0,205.92,-21.75,149.0,149.0,38.25,29.6,20.15,0.69,3.52,7.53,5.13,3.95,5.85,0.0,2.52,0.0,8.65,0.0,2.58,None,WhiteMica
S00298,SYN-003,150.0,152.0,207.67,-22.61,151.0,151.0,55.45,2.64,0.0,1.9,7.68,5.23,6.13,4.85,5.37,0.0,0.0,2.85,7.4,1.69,0.49,None,WhiteMica
S00299,SYN-003,152.0,153.5,209.19,-23.37,152.75,152.75,23.03,29.07,9.8,6.78,9.21,1.52,13.73,0.0,3.53,0.0,2.31,7.91,1.13,5.25,3.84,None,Chlorite
S00300,SYN-003,153.5,155.5,210.71,-24.12,154.5,154.5,2.25,0.0,16.25,7.93,0.99,20.63,33.17,3.54,0.98,7.66,0.7,0.0,0.0,0.0,2.85,None,Montmor
S00301,SYN-003,155.5,156.5,212.02,-24.77,156.0,156.0,11.18,27.23,15.18,4.18,3.94,1.98,21.16,0.98,2.01,32.87,0.0,2.19,3.6,9.69,3.9,None,Pyrophyllite
S00302,SYN-003,156.5,158.5,213.32,-25.42,157.5,157.5,37.73,2.12,0.0,0.33,34.33,10.52,4.75,2.94,12.48,0.0,19.55,1.02,6.59,1.56,0.39,None,WhiteMica
S00303,SYN-003,158.5,160.0,214.85,-26.17,159.25,159.25,3.86,19.05,23.57,10.85,0.81,0.0,9.19,2.8,6.48,4.7,0.47,0.0,3.24,0.0,29.31,Goethite,Carbonate
S00304,SYN-003,160.0,161.5,216.15,-26.82,160.75,160.75,0.62,49.14,15.92,12.23,25.56,1.98,13.35,5.0,1.87,2.82,0.0,1.44,0.0,0.62,3.96,None,Chlorite
S00305,SYN-003,161.5,162.5,217.24,-27.36,162.0,162.0,5.05,32.73,49.56,7.61,6.92,0.0,43.23,0.0,0.0,3.04,0.0,3.07,5.89,1.82,1.77,None,Carbonate
S00306,SYN-003,162.5,164.5,218.54,-28.0,163.5,163.5,27.69,17.98,17.24,11.61,4.75,4.51,56.52,0.0,3.06,0.7,2.34,2.38,3.64,5.42,2.94,None,Montmor
S00307,SYN-003,164.5,165.5,219.85,-28.65,165.0,165.0,42.1,2.81,0.0,0.55,7.78,9.32,1.62,4.25,5.29,0.0,0.74,4.36,11.2,2.29,0.28,None,WhiteMica
S00308,SYN-003,165.5,166.5,220.72,-29.08,166.0,166.0,59.82,0.0,5.93,12.51,9.77,4.64,3.97,0.9,8.73,2.87,0.53,4.27,6.48,0.0,5.72,None,WhiteMica
S00309,SYN-003,166.5,167.5,221.59,-29.51,167.0,167.0,3.07,2.14,26.11,4.39,1.55,1.54,11.8,2.13,33.14,0.0,4.61,5.52,1.77,6.4,0.0,None,Gypsum
S00310,SYN-003,167.5,169.5,222.9,-30.16,168.5,168.5,19.82,2.84,0.0,0.0,100.0,24.21,9.24,30.25,6.95,0.0,1.65,1.3,0.28,12.61,5.09,None,Kaolinite
S00311,SYN-003,169.5,170.5,224.2,-30.81,170.0,170.0,12.91,35.44,13.82,10.08,0.0,1.32,10.37,0.0,3.42,3.92,1.31,1.61,3.17,0.0,22.86,Goethite,Chlorite
S00312,SYN-003,170.5,172.5,225.51,-31.45,171.5,171.5,4.97,36.77,47.78,40.84,0.0,2.33,7.38,0.0,0.0,2.59,0.0,4.76,2.44,3.17,2.39,None,Carbonate
S00313,SYN-003,172.5,174.0,227.03,-32.21,173.25,173.25,2.14,41.63,21.36,18.55,2.97,0.0,26.4,0.0,1.51,2.54,2.77,2.76,1.71,4.49,3.4,None,Chlorite
S00314,SYN-003,174.0,175.0,228.12,-32.75,174.5,174.5,6.07,35.61,13.72,15.39,4.36,17.49,12.69,1.57,1.16,0.83,4.14,0.22,0.71,4.41,2.45,None,Chlorite
S00315,SYN-003,175.0,176.0,228.99,-33.18,175.5,175.5,3.58,23.61,19.59,8.84,2.19,3.05,33.85,0.0,5.62,0.0,4.01,0.0,31.42,0.0,2.21,None,Montmor
S00316,SYN-003,176.0,177.0,229.86,-33.61,176.5,176.5,100.0,4.12,18.93,6.87,1.66,6.53,4.35,0.0,2.47,20.75,1.18,2.66,2.75,6.07,2.9,None,WhiteMica
S00317,SYN-003,177.0,178.5,230.95,-34.15,177.75,177.75,8.33,52.43,32.83,5.87,0.0,0.0,13.45,24.25,2.74,4.51,2.48,26.45,0.0,0.0,1.74,None,Chlorite
S00318,SYN-003,178.5,180.5,232.47,-34.9,179.5,179.5,3.6,40.51,8.95,8.07,1.6,0.0,44.0,0.0,5.49,2.02,0.0,0.0,1.73,3.59,3.75,None,Montmor
S00319,SYN-004,0.0,1.0,42.25,41.08,0.5,0.5,2.79,0.0,2.36,0.0,11.61,2.69,31.47,3.27,42.52,0.0,0.64,0.0,32.76,16.67,5.72,Hematite,Gypsum
S00320,SYN-004,1.0,3.0,41.06,40.66,2.0,2.0,5.84,5.4,13.31,0.0,10.84,0.0,1.9,6.47,22.02,3.27,0.0,0.0,22.41,4.93,43.57,Goethite,Water_silica
S00321,SYN-004,3.0,4.0,39.88,40.23,3.5,3.5,22.36,6.86,2.66,19.2,6.82,2.03,0.0,9.62,9.93,2.12,0.0,2.44,21.77,61.43,38.92,Hematite,WhiteMica
S00322,SYN-004,4.0,6.0,38.69,39.81,5.0,5.0,2.54,1.07,0.0,0.0,44.09,3.46,0.0,7.1,10.55,0.95,2.66,2.98,22.04,49.23,9.02,Hematite,Kaolinite
S00323,SYN-004,6.0,8.0,37.11,39.25,7.0,7.0,7.09,0.0,0.0,0.0,1.97,4.71,6.28,6.72,11.28,3.0,2.47,38.23,28.59,86.15,19.4,Hematite,Zunyite
S00324,SYN-004,8.0,10.0,35.53,38.68,9.0,9.0,9.26,17.74,2.12,3.64,19.51,0.0,3.85,10.64,3.07,0.0,5.98,0.31,0.0,39.72,16.7,Hematite,Kaolinite
S00325,SYN-004,10.0,11.5,34.14,38.19,10.75,10.75,35.9,33.51,1.04,0.98,10.72,0.46,16.23,13.05,21.63,5.7,1.1,0.46,23.64,43.08,47.67,Goethite,WhiteMica
S00326,SYN-004,11.5,13.5,32.76,37.69,12.5,12.5,1.92,0.01,0.0,0.0,7.64,13.83,0.99,51.04,1.22,55.2,24.1,11.52,5.16,3.15,6.21,None,Pyrophyllite
S00327,SYN-004,13.5,14.5,31.57,37.27,14.0,14.0,3.85,0.0,4.71,0.67,10.0,5.2,20.81,12.38,10.32,8.43,1.89,0.79,11.4,48.84,44.86,Hematite,Montmor
S00328,SYN-004,14.5,15.5,30.78,36.99,15.0,15.0,4.57,0.0,1.65,0.25,9.99,3.5,17.48,17.86,12.18,17.52,1.58,0.0,8.42,53.31,39.39,Hematite,Alunite
S00329,SYN-004,15.5,16.5,29.99,36.7,16.0,16.0,1.52,0.0,3.15,0.0,7.66,0.7,0.28,7.41,23.17,4.14,3.37,2.28,16.87,29.24,32.96,Goethite,Gypsum
S00330,SYN-004,16.5,18.0,29.0,36.35,17.25,17.25,5.64,11.13,2.47,3.43,12.43,1.21,5.45,27.51,10.6,0.84,0.0,0.38,17.32,41.21,39.01,Hematite,Alunite
S00331,SYN-004,18.0,19.5,27.82,35.93,18.75,18.75,6.84,0.0,3.75,4.23,4.53,1.94,4.23,11.8,21.98,0.0,1.58,0.0,3.82,56.57,35.39,Hematite,Gypsum
S00332,SYN-004,19.5,21.0,26.63,35.5,20.25,20.25,3.58,0.0,0.0,0.0,9.35,0.27,3.5,6.6,23.24,4.44,1.27,25.38,8.38,72.06,61.64,Hematite,Zunyite
S00333,SYN-004,21.0,23.0,25.25,35.01,22.0,22.0,11.24,3.75,1.7,5.25,11.94,2.57,3.24,1.08,17.54,0.49,3.06,17.08,6.56,40.02,28.52,Hematite,Gypsum
S00334,SYN-004,23.0,24.0,24.06,34.59,23.5,23.5,8.14,1.12,0.85,0.0,8.5,2.43,0.98,9.74,11.19,2.73,6.75,15.03,11.19,45.68,0.0,Hematite,Zunyite
S00335,SYN-004,24.0,25.5,23.07,34.23,24.75,24.75,1.16,1.51,2.83,0.0,10.02,13.15,2.42,9.91,4.05,5.98,2.03,0.0,22.09,60.42,21.79,Hematite,Water_silica
S00336,SYN-004,25.5,26.5,22.09,33.88,26.0,26.0,1.21,0.0,1.84,2.38,10.97,23.29,5.05,24.83,6.85,2.52,0.0,0.0,14.92,70.77,63.54,Hematite,Alunite
S00337,SYN-004,26.5,28.0,21.1,33.53,27.25,27.25,3.34,3.57,0.0,2.61,2.08,0.06,2.37,14.67,14.88,1.72,0.0,5.04,20.33,61.11,23.89,Hematite,Water_silica
S00338,SYN-004,28.0,29.5,19.91,33.1,28.75,28.75,45.26,0.93,0.0,3.06,4.0,9.27,3.59,33.05,6.33,0.76,4.95,29.59,6.85,3.5,9.31,None,WhiteMica
S00339,SYN-004,29.5,31.5,18.53,32.61,30.5,30.5,10.25,0.0,0.36,32.01,2.5,0.56,10.19,6.05,29.67,0.0,3.84,0.31,11.59,85.09,43.0,Hematite,Epidote
S00340,SYN-004,31.5,33.0,17.14,32.12,32.25,32.25,8.41,4.01,5.32,10.43,10.6,1.87,4.34,13.1,16.41,0.0,0.0,3.45,29.05,48.92,17.46,Hematite,Water_silica
S00341,SYN-004,33.0,34.0,16.15,31.76,33.5,33.5,10.38,1.59,17.06,4.13,7.26,1.65,19.56,3.18,9.3,0.86,1.99,3.83,14.3,27.24,39.34,Goethite,Montmor
S00342,SYN-004,34.0,35.5,15.17,31.41,34.75,34.75,6.03,0.0,2.97,0.0,7.53,0.0,1.13,8.99,3.8,18.28,0.0,4.98,25.25,15.05,9.56,Hematite,Water_silica
S00343,SYN-004,35.5,36.5,14.18,31.06,36.0,36.0,5.43,0.0,4.3,1.03,12.56,4.55,0.02,5.09,20.11,2.9,7.94,1.06,45.27,40.61,32.23,Hematite,Water_silica
S00344,SYN-004,36.5,38.5,12.99,30.63,37.5,37.5,2.63,6.64,2.65,5.43,5.55,1.21,0.0,7.74,15.85,0.0,0.0,0.0,11.7,92.63,17.79,Hematite,Gypsum
S00345,SYN-004,38.5,40.0,11.61,30.14,39.25,39.25,1.67,4.57,0.0,0.0,7.71,12.57,1.4,55.51,32.91,74.26,8.38,9.01,11.26,1.46,5.5,None,Pyrophyllite
S00346,SYN-004,40.0,41.0,10.62,29.79,40.5,40.5,0.0,0.0,1.87,1.83,7.6,15.81,0.0,54.0,0.0,49.64,9.76,7.53,9.41,4.89,4.68,None,Alunite
S00347,SYN-004,41.0,42.0,9.83,29.5,41.5,41.5,6.94,3.21,6.13,0.0,0.0,4.86,1.64,10.74,2.64,0.0,0.0,0.0,35.56,38.08,11.15,Hematite,Water_silica
S00348,SYN-004,42.0,43.0,9.04,29.22,42.5,42.5,2.43,0.35,25.36,2.9,7.52,6.77,0.09,74.57,0.32,69.04,7.14,4.61,10.37,2.08,0.0,None,Alunite
S00349,SYN-004,43.0,45.0,7.85,28.8,44.0,44.0,1.53,0.0,1.08,1.67,6.77,12.65,30.79,36.07,4.86,17.1,9.45,10.46,4.6,5.5,2.61,None,Alunite
S00350,SYN-004,45.0,46.5,6.47,28.3,45.75,45.75,4.3,6.21,5.87,1.58,43.58,25.25,6.21,33.62,0.0,31.5,19.28,3.96,9.23,0.0,1.3,None,Kaolinite
S00351,SYN-004,46.5,48.5,5.08,27.81,47.5,47.5,2.03,0.0,5.12,5.21,4.04,11.95,0.0,39.45,2.87,95.78,26.14,12.75,8.02,6.47,32.76,Goethite,Pyrophyllite
S00352,SYN-004,48.5,50.0,3.7,27.32,49.25,49.25,2.8,0.0,0.0,1.44,5.36,6.11,3.11,60.11,0.42,88.37,26.12,8.38,8.69,0.0,5.57,None,Pyrophyllite
S00353,SYN-004,50.0,51.5,2.51,26.89,50.75,50.75,2.87,22.71,5.22,0.02,9.96,5.33,1.65,74.48,2.67,100.0,3.0,28.54,0.0,6.3,0.0,None,Pyrophyllite
S00354,SYN-004,51.5,52.5,1.53,26.54,52.0,52.0,3.88,1.22,5.61,0.0,6.47,12.43,4.1,23.37,1.72,84.1,17.71,2.54,9.89,0.75,0.94,None,Pyrophyllite
S00355,SYN-004,52.5,54.5,0.34,26.11,53.5,53.5,2.68,1.88,0.89,4.38,5.12,13.93,0.0,44.28,0.0,85.23,15.78,6.8,16.04,3.08,0.0,None,Pyrophyllite
S00356,SYN-004,54.5,56.0,-1.04,25.62,55.25,55.25,57.93,0.0,0.0,2.57,6.25,4.27,4.21,1.13,20.96,21.93,3.18,2.43,6.33,0.91,2.65,None,WhiteMica
S00357,SYN-004,56.0,57.5,-2.23,25.2,56.75,56.75,1.35,0.0,1.31,0.14,21.41,7.22,3.96,20.26,1.61,94.25,0.0,6.7,19.32,0.0,5.84,None,Pyrophyllite
S00358,SYN-004,57.5,59.0,-3.42,24.77,58.25,58.25,4.21,3.67,1.07,0.38,31.33,12.74,4.71,30.2,6.61,100.0,24.72,9.64,11.41,0.96,0.0,None,Pyrophyllite
S00359,SYN-004,59.0,60.5,-4.6,24.35,59.75,59.75,6.67,1.88,0.0,3.83,2.49,15.4,4.81,19.51,1.97,46.18,24.5,4.3,7.15,4.06,1.67,None,Pyrophyllite
S00360,SYN-004,60.5,62.5,-5.99,23.86,61.5,61.5,4.32,3.33,0.0,6.34,7.97,8.37,4.77,88.49,3.52,100.0,27.65,10.83,4.27,3.03,5.0,None,Pyrophyllite
S00361,SYN-004,62.5,63.5,-7.17,23.43,63.0,63.0,2.48,0.38,4.5,35.71,6.37,3.53,1.68,35.42,1.94,100.0,15.49,0.0,5.47,5.19,6.14,None,Pyrophyllite
S00362,SYN-004,63.5,65.0,-8.16,23.08,64.25,64.25,3.69,1.81,2.29,0.86,7.92,25.21,2.66,36.23,3.17,22.77,35.84,8.29,13.25,3.43,3.04,None,Alunite
S00363,SYN-004,65.0,66.5,-9.35,22.66,65.75,65.75,0.0,0.67,0.0,1.19,6.03,6.96,0.15,32.71,0.0,40.43,21.35,5.39,9.04,2.99,0.0,None,Pyrophyllite
S00364,SYN-004,66.5,68.0,-10.53,22.23,67.25,67.25,3.65,4.84,0.0,0.06,7.25,7.99,0.0,37.42,0.9,63.91,12.75,8.33,31.88,6.27,2.2,None,Pyrophyllite
S00365,SYN-004,68.0,69.0,-11.52,21.88,68.5,68.5,3.0,25.72,0.0,0.31,1.06,9.84,1.84,37.91,3.4,60.74,11.04,12.34,2.34,35.12,1.93,Hematite,Pyrophyllite
S00366,SYN-004,69.0,70.0,-12.31,21.6,69.5,69.5,27.02,1.22,0.79,0.32,21.22,9.93,0.8,22.13,0.32,13.26,9.2,11.25,9.98,0.0,1.48,None,WhiteMica
S00367,SYN-004,70.0,71.5,-13.3,21.24,70.75,70.75,2.12,0.05,3.48,3.48,8.0,8.77,3.61,7.7,29.63,31.5,30.06,9.2,11.89,0.0,0.0,None,Pyrophyllite
S00368,SYN-004,71.5,73.0,-14.49,20.82,72.25,72.25,2.97,0.0,0.0,0.98,13.08,13.06,3.35,12.89,0.0,60.36,27.88,12.78,9.09,6.71,16.27,Goethite,Pyrophyllite
S00369,SYN-004,73.0,74.5,-15.67,20.4,73.75,73.75,6.48,1.79,3.45,4.6,6.99,6.58,0.0,8.81,1.35,84.44,9.15,12.93,3.89,1.85,2.13,None,Pyrophyllite
S00370,SYN-004,74.5,76.0,-16.86,19.97,75.25,75.25,34.13,3.25,1.69,0.91,4.13,15.69,7.05,34.81,0.55,70.37,10.74,13.53,9.9,2.22,0.0,None,Pyrophyllite
S00371,SYN-004,76.0,77.5,-18.05,19.55,76.75,76.75,1.68,0.0,1.56,14.67,6.37,14.23,2.17,20.24,26.13,100.0,9.41,5.81,14.7,0.6,4.44,None,Pyrophyllite
S00372,SYN-004,77.5,79.0,-19.23,19.13,78.25,78.25,2.7,1.52,3.76,4.39,3.59,13.9,0.0,46.11,0.23,24.2,5.97,10.68,7.43,0.0,7.18,None,Alunite
S00373,SYN-004,79.0,80.5,-20.42,18.7,79.75,79.75,2.77,1.66,3.31,1.25,9.37,7.03,0.0,35.47,2.25,100.0,33.8,10.76,11.73,6.99,3.69,None,Pyrophyllite
S00374,SYN-004,80.5,81.5,-21.41,18.35,81.0,81.0,6.02,33.55,0.0,0.88,6.13,9.48,0.0,28.91,30.81,100.0,12.05,8.03,7.2,0.0,0.43,None,Pyrophyllite
S00375,SYN-004,81.5,83.0,-22.4,18.0,82.25,82.25,4.36,0.0,0.0,1.28,8.84,13.25,20.51,26.09,0.0,12.29,24.15,11.72,7.36,0.0,8.28,None,Alunite
S00376,SYN-004,83.0,84.5,-23.58,17.57,83.75,83.75,4.23,0.0,0.63,4.87,5.59,9.1,9.88,1.43,1.96,25.45,15.26,8.13,8.74,11.27,2.93,None,Pyrophyllite
S00377,SYN-004,84.5,85.5,-24.57,17.22,85.0,85.0,5.34,0.0,2.09,1.97,9.08,19.18,25.09,15.52,0.54,45.0,16.22,2.64,6.7,0.89,4.92,None,Pyrophyllite
S00378,SYN-004,85.5,87.0,-25.56,16.87,86.25,86.25,15.57,34.83,15.32,7.45,5.93,0.0,17.03,2.23,1.26,3.0,3.62,0.13,0.62,0.61,2.02,None,Chlorite
S00379,SYN-004,87.0,88.5,-26.75,16.44,87.75,87.75,2.51,1.28,4.61,4.32,1.62,6.67,0.0,24.94,0.59,31.4,15.66,12.57,6.36,3.79,1.36,None,Pyrophyllite
S00380,SYN-004,88.5,89.5,-27.73,16.09,89.0,89.0,7.41,0.0,1.36,0.61,6.07,6.89,0.45,18.39,0.39,69.4,20.98,5.8,8.07,4.86,4.82,None,Pyrophyllite
S00381,SYN-004,89.5,91.0,-28.72,15.74,90.25,90.25,4.0,0.0,5.46,3.92,7.46,4.78,2.64,59.14,0.74,70.72,16.5,1.68,11.48,1.95,0.58,None,Pyrophyllite
S00382,SYN-004,91.0,92.5,-29.91,15.31,91.75,91.75,1.86,0.0,0.0,1.79,5.28,42.71,0.0,42.78,0.0,58.5,24.04,19.48,8.3,2.81,17.89,Goethite,Pyrophyllite
S00383,SYN-004,92.5,94.0,-31.09,14.89,93.25,93.25,35.21,0.19,0.0,3.41,6.97,1.21,0.0,27.28,12.45,64.26,27.36,4.1,7.87,0.0,2.7,None,Pyrophyllite
S00384,SYN-004,94.0,95.5,-32.28,14.47,94.75,94.75,20.32,0.0,0.44,3.62,6.92,5.59,12.66,52.55,0.65,51.69,12.98,10.3,8.71,3.54,6.17,None,Alunite
S00385,SYN-004,95.5,97.0,-33.47,14.04,96.25,96.25,2.94,3.09,0.0,0.0,8.83,12.68,12.16,17.97,3.87,64.82,19.65,4.19,13.71,1.41,0.0,None,Pyrophyllite
S00386,SYN-004,97.0,98.5,-34.65,13.62,97.75,97.75,4.99,22.83,7.95,4.61,10.89,3.75,0.97,1.83,0.0,1.75,2.59,36.32,1.23,1.15,20.65,Goethite,Zunyite
S00387,SYN-004,98.5,100.5,-36.04,13.13,99.5,99.5,23.76,0.0,3.37,15.52,12.77,3.98,5.45,7.95,11.35,2.58,3.82,2.46,8.47,4.5,4.93,None,WhiteMica
S00388,SYN-004,100.5,102.0,-37.42,12.63,101.25,101.25,90.45,1.51,0.97,0.0,16.52,35.53,4.32,1.12,30.08,1.37,33.05,0.0,6.86,0.0,4.46,None,WhiteMica
S00389,SYN-004,102.0,103.5,-38.61,12.21,102.75,102.75,6.37,2.4,4.1,1.38,7.68,6.93,2.66,27.22,35.03,100.0,4.77,32.48,4.46,4.68,4.74,None,Pyrophyllite
S00390,SYN-004,103.5,105.0,-39.79,11.78,104.25,104.25,2.44,1.58,0.0,3.59,7.06,8.42,0.0,44.3,0.0,0.0,13.77,5.48,10.42,1.95,14.81,None,Alunite
S00391,SYN-004,105.0,106.5,-40.98,11.36,105.75,105.75,24.91,11.41,8.23,6.65,10.51,4.89,18.7,0.25,1.26,0.0,1.32,3.45,0.0,0.9,0.0,None,WhiteMica
S00392,SYN-004,106.5,108.0,-42.17,10.94,107.25,107.25,2.09,0.45,0.0,3.99,8.37,11.78,5.14,15.93,0.0,55.44,18.15,4.41,11.03,6.5,0.0,None,Pyrophyllite
S00393,SYN-004,108.0,109.5,-43.35,10.51,108.75,108.75,5.65,16.72,4.07,4.33,2.35,14.65,12.75,41.86,5.71,66.5,16.39,11.12,7.41,4.11,2.02,None,Pyrophyllite
S00394,SYN-004,109.5,111.5,-44.74,10.02,110.5,110.5,1.82,32.43,0.42,1.46,3.97,8.77,4.27,36.22,3.46,52.56,17.12,16.18,12.43,0.0,3.75,None,Pyrophyllite
S00395,SYN-004,111.5,113.5,-46.32,9.46,112.5,112.5,6.06,18.6,3.88,5.05,2.26,14.15,2.49,40.47,2.43,62.74,22.18,8.02,11.38,4.52,0.52,None,Pyrophyllite
S00396,SYN-004,113.5,115.0,-47.7,8.96,114.25,114.25,14.46,24.96,2.51,39.42,17.01,0.0,13.21,0.0,2.46,0.0,3.68,0.16,0.69,3.59,4.42,None,Epidote
S00397,SYN-004,115.0,116.5,-48.89,8.54,115.75,115.75,23.86,27.03,30.64,11.06,4.15,3.73,19.78,28.26,0.0,1.77,0.0,5.01,5.47,0.0,2.56,None,Carbonate
S00398,SYN-004,116.5,118.5,-50.27,8.04,117.5,117.5,5.95,7.91,12.49,4.29,17.91,5.41,12.52,0.0,1.83,15.04,0.0,0.0,0.88,1.92,2.98,None,Kaolinite
S00399,SYN-004,118.5,120.0,-51.65,7.55,119.25,119.25,15.13,14.56,14.4,5.6,8.64,0.0,7.34,0.0,3.12,2.13,2.44,14.16,1.24,4.12,4.51,None,WhiteMica
S00400,SYN-004,120.0,122.0,-53.04,7.06,121.0,121.0,4.88,1.82,6.69,0.0,7.48,36.8,2.65,57.88,0.0,84.67,23.88,1.61,11.01,0.0,3.0,None,Pyrophyllite
S00401,SYN-004,122.0,123.5,-54.42,6.56,122.75,122.75,19.67,9.46,14.65,4.21,0.0,0.03,6.73,0.0,1.05,0.0,0.0,2.73,0.0,4.06,0.01,None,WhiteMica
S00402,SYN-004,123.5,124.5,-55.41,6.21,124.0,124.0,15.37,48.11,13.55,3.84,5.48,0.0,12.03,0.0,1.15,0.0,3.25,1.28,15.5,1.14,6.87,None,Chlorite
S00403,SYN-004,124.5,125.5,-56.2,5.93,125.0,125.0,7.48,23.62,40.69,2.22,10.34,3.63,12.81,2.35,0.0,3.89,1.83,0.81,0.0,1.66,4.33,None,Carbonate
S00404,SYN-004,125.5,127.5,-57.39,5.5,126.5,126.5,0.0,21.51,12.75,7.81,14.4,0.16,20.7,7.09,1.94,1.69,6.38,0.0,0.71,4.95,0.18,None,Chlorite
S00405,SYN-004,127.5,128.5,-58.57,5.08,128.0,128.0,26.97,20.73,13.44,4.18,11.28,0.06,12.24,0.0,5.22,1.63,0.0,3.12,0.0,0.19,2.43,None,WhiteMica
S00406,SYN-004,128.5,130.0,-59.56,4.73,129.25,129.25,17.79,25.2,1.71,3.85,5.47,2.25,4.17,3.25,4.72,0.0,27.69,3.49,1.26,0.0,3.4,None,Diaspore
S00407,SYN-004,130.0,131.5,-60.75,4.3,130.75,130.75,24.4,25.39,5.05,3.4,24.47,5.1,11.12,0.97,0.0,3.1,0.0,0.0,1.6,3.87,0.0,None,Chlorite
S00408,SYN-004,131.5,132.5,-61.74,3.95,132.0,132.0,22.69,41.78,4.32,6.82,5.56,1.05,4.4,1.89,0.26,0.74,1.93,3.54,0.0,2.35,4.92,None,Chlorite
S00409,SYN-004,132.5,134.0,-62.73,3.6,133.25,133.25,20.3,15.71,15.72,6.06,13.4,0.02,16.2,1.03,4.61,3.15,3.02,1.83,0.0,0.98,0.17,None,WhiteMica
S00410,SYN-004,134.0,135.5,-63.91,3.17,134.75,134.75,32.29,21.42,6.48,6.07,11.51,0.49,17.65,3.16,2.69,0.07,2.19,3.96,0.0,0.0,7.22,None,WhiteMica
S00411,SYN-004,135.5,136.5,-64.9,2.82,136.0,136.0,39.47,20.12,7.2,3.94,15.31,2.85,18.73,0.0,2.64,0.0,2.47,3.16,2.88,1.08,5.31,None,WhiteMica
S00412,SYN-004,136.5,138.5,-66.09,2.4,137.5,137.5,26.31,75.48,10.03,7.18,2.44,29.68,12.09,19.75,11.53,0.0,2.25,33.47,16.04,18.41,1.27,Hematite,Chlorite
S00413,SYN-004,138.5,140.5,-67.67,1.83,139.5,139.5,16.6,18.2,4.4,4.21,9.12,1.16,9.59,4.04,3.49,2.26,0.6,6.44,4.65,1.45,0.31,None,Chlorite
S00414,SYN-004,140.5,142.0,-69.05,1.34,141.25,141.25,29.69,24.87,11.71,6.19,22.96,0.0,10.78,2.95,0.5,0.0,3.34,0.0,4.77,0.0,3.33,None,WhiteMica
S00415,SYN-004,142.0,143.0,-70.04,0.98,142.5,142.5,5.2,26.61,0.41,5.62,15.46,0.0,28.49,2.02,1.78,5.73,3.48,0.0,1.34,0.31,0.0,None,Montmor
S00416,SYN-004,143.0,144.5,-71.03,0.63,143.75,143.75,4.43,35.87,4.7,1.44,10.4,0.0,10.79,1.44,0.0,0.0,0.37,0.0,5.06,3.05,2.54,None,Chlorite
S00417,SYN-004,144.5,145.5,-72.02,0.28,145.0,145.0,23.11,13.97,10.89,11.48,6.67,0.0,24.14,0.3,5.32,0.83,0.0,2.31,4.82,12.56,32.29,Goethite,Montmor
S00418,SYN-004,145.5,147.0,-73.01,-0.07,146.25,146.25,10.11,62.06,36.96,7.55,17.98,3.9,11.69,0.32,0.0,4.18,1.89,0.0,2.2,1.53,3.91,None,Chlorite
S00419,SYN-004,147.0,149.0,-74.39,-0.57,148.0,148.0,30.71,20.54,27.32,6.49,20.28,0.0,33.78,0.0,6.08,1.91,1.73,0.0,0.0,0.0,5.43,None,Montmor
S00420,SYN-004,149.0,151.0,-75.97,-1.13,150.0,150.0,25.63,46.76,10.21,6.91,5.8,2.56,9.27,2.46,1.27,0.32,0.0,4.0,2.12,0.0,5.09,None,Chlorite
S00421,SYN-004,151.0,153.0,-77.55,-1.7,152.0,152.0,27.43,25.59,15.09,11.54,6.31,0.0,9.41,4.61,0.78,4.08,1.78,0.0,1.76,1.31,5.39,None,WhiteMica
S00422,SYN-004,153.0,154.5,-78.94,-2.19,153.75,153.75,22.37,9.83,11.61,9.07,13.51,0.0,5.98,1.94,0.0,0.0,0.0,0.6,0.0,1.93,3.92,None,WhiteMica
S00423,SYN-004,154.5,156.0,-80.12,-2.62,155.25,155.25,29.57,20.05,9.95,6.94,14.01,2.06,7.52,1.24,0.0,0.48,0.0,1.01,6.23,0.0,3.37,None,WhiteMica
S00424,SYN-004,156.0,157.5,-81.31,-3.04,156.75,156.75,4.05,35.23,5.52,4.09,32.65,4.48,25.79,2.7,0.69,0.0,2.18,0.0,2.81,2.46,1.32,None,Chlorite
S00425,SYN-004,157.5,159.0,-82.49,-3.46,158.25,158.25,26.77,22.81,14.18,4.51,21.95,4.94,17.43,0.0,1.54,3.41,0.0,17.64,32.1,2.45,10.19,None,Water_silica
S00426,SYN-004,159.0,160.5,-83.68,-3.89,159.75,159.75,5.2,37.77,11.99,1.13,6.75,1.91,11.87,0.0,2.55,2.6,4.43,0.72,36.44,0.0,3.33,None,Chlorite
S00427,SYN-004,160.5,161.5,-84.67,-4.24,161.0,161.0,27.41,29.12,19.38,5.01,12.22,1.02,9.86,1.02,0.68,2.61,3.16,16.1,1.34,5.06,0.0,None,Chlorite
S00428,SYN-004,161.5,162.5,-85.46,-4.52,162.0,162.0,6.73,31.98,27.03,4.87,0.0,0.27,16.67,2.29,0.0,0.0,1.06,0.66,5.04,0.0,3.27,None,Chlorite
S00429,SYN-004,162.5,164.0,-86.45,-4.87,163.25,163.25,20.82,18.58,13.73,7.79,15.89,2.18,21.78,0.0,2.55,1.53,1.82,1.07,2.31,0.0,0.0,None,Montmor
S00430,SYN-004,164.0,165.0,-87.44,-5.23,164.5,164.5,15.45,51.1,8.21,7.71,15.84,7.39,8.74,1.6,4.16,1.4,4.68,0.0,0.79,0.43,0.0,None,Chlorite
S00431,SYN-004,165.0,166.0,-88.23,-5.51,165.5,165.5,19.18,12.65,11.3,7.66,8.5,0.47,3.27,0.0,3.85,1.47,3.61,2.1,0.0,0.0,1.08,None,WhiteMica
S00432,SYN-004,166.0,168.0,-89.41,-5.93,167.0,167.0,19.35,39.12,11.9,4.61,8.72,4.04,16.99,2.93,2.77,1.96,0.0,4.37,3.86,0.0,10.89,None,Chlorite
S00433,SYN-004,168.0,170.0,-91.0,-6.5,169.0,169.0,14.54,9.9,15.23,7.49,9.52,0.0,8.16,1.76,2.45,1.53,3.73,4.65,5.7,4.67,1.12,None,Carbonate
S00434,SYN-004,170.0,171.5,-92.38,-6.99,170.75,170.75,26.26,35.05,15.95,8.23,21.2,0.0,5.91,0.72,0.0,0.0,0.0,2.7,0.17,4.29,1.89,None,Chlorite
S00435,SYN-004,171.5,173.5,-93.76,-7.49,172.5,172.5,26.02,26.75,9.27,0.0,6.72,5.62,7.12,3.1,1.72,0.0,3.5,3.25,0.86,0.0,3.13,None,Chlorite
S00436,SYN-004,173.5,175.5,-95.34,-8.05,174.5,174.5,17.12,21.86,4.53,6.82,35.97,1.21,16.61,1.57,0.0,6.42,0.15,0.0,4.03,3.62,4.95,None,Kaolinite
S00437,SYN-004,175.5,176.5,-96.53,-8.48,176.0,176.0,11.68,9.59,1.66,11.62,16.19,1.76,13.34,20.95,3.74,0.0,0.0,27.22,0.02,0.41,1.16,None,Zunyite
S00438,SYN-004,176.5,178.0,-97.52,-8.83,177.25,177.25,2.9,10.42,12.46,3.84,15.11,0.93,31.75,2.46,0.66,29.69,1.81,12.4,1.52,0.0,0.0,None,Montmor
S00439,SYN-004,178.0,179.5,-98.71,-9.25,178.75,178.75,13.02,73.63,25.63,6.38,6.06,16.44,5.09,0.67,0.0,0.44,10.78,4.15,3.25,1.38,0.0,None,Chlorite
S00440,SYN-004,179.5,180.5,-99.69,-9.6,180.0,180.0,7.36,39.75,20.94,6.63,20.58,0.06,26.21,4.15,3.65,0.0,1.27,0.0,1.21,1.36,2.14,None,Chlorite
S00441,SYN-004,180.5,182.5,-100.88,-10.03,181.5,181.5,25.4,12.11,4.87,5.21,6.12,2.57,7.8,1.91,1.92,0.76,2.27,2.37,27.73,24.02,6.79,Hematite,Water_silica
S00442,SYN-004,182.5,184.0,-102.26,-10.52,183.25,183.25,1.44,27.17,7.34,0.0,13.39,0.0,16.96,0.0,4.02,3.98,0.0,1.82,1.03,0.0,0.46,None,Chlorite
S00443,SYN-004,184.0,185.5,-103.45,-10.95,184.75,184.75,19.2,31.09,16.77,26.99,1.74,0.1,8.79,5.12,28.83,2.04,3.9,2.73,0.0,1.29,4.92,None,Chlorite
S00444,SYN-004,185.5,186.5,-104.44,-11.3,186.0,186.0,21.32,1.49,16.84,21.13,33.82,0.0,35.13,4.31,2.3,0.0,20.07,4.8,0.0,7.65,1.71,None,Montmor
S00445,SYN-004,186.5,187.5,-105.23,-11.58,187.0,187.0,23.19,25.83,14.32,4.29,12.28,2.03,5.76,2.27,0.0,0.0,0.0,0.91,1.1,0.0,2.49,None,Chlorite
S00446,SYN-004,187.5,189.5,-106.42,-12.0,188.5,188.5,23.01,13.36,15.54,2.7,12.88,2.12,14.14,1.58,0.0,3.4,1.2,0.0,1.29,0.59,0.09,None,WhiteMica
S00447,SYN-004,189.5,190.5,-107.6,-12.43,190.0,190.0,15.81,28.25,6.82,8.51,29.5,0.0,9.06,3.08,20.41,2.69,2.83,0.0,0.0,1.22,3.93,None,Kaolinite
S00448,SYN-004,190.5,191.5,-108.39,-12.71,191.0,191.0,12.07,20.0,3.18,8.1,13.23,6.27,14.66,31.42,0.78,0.0,1.51,1.72,1.69,2.37,4.42,None,Alunite
S00449,SYN-004,191.5,193.0,-109.38,-13.06,192.25,192.25,22.94,19.53,5.47,6.93,11.79,1.13,21.01,5.96,3.2,1.1,1.56,0.27,24.03,3.84,0.0,None,Water_silica
S00450,SYN-004,193.0,194.5,-110.57,-13.49,193.75,193.75,8.18,35.22,0.84,9.31,53.99,1.46,10.03,0.0,2.95,1.3,1.88,0.0,2.88,2.36,0.9,None,Kaolinite
S00451,SYN-004,194.5,196.0,-111.75,-13.91,195.25,195.25,22.26,10.73,4.99,21.82,15.44,4.56,30.8,3.81,2.7,1.82,0.0,1.09,3.13,5.96,2.68,None,Montmor
S00452,SYN-004,196.0,197.5,-112.94,-14.33,196.75,196.75,1.73,13.83,7.72,6.2,4.18,0.0,15.74,0.98,1.82,2.25,5.19,0.0,0.0,1.06,4.28,None,Montmor
S00453,SYN-004,197.5,198.5,-113.93,-14.69,198.0,198.0,18.06,19.43,10.75,37.54,7.5,0.0,12.89,0.0,0.0,0.23,2.85,2.66,23.07,4.64,8.92,None,Epidote
S00454,SYN-004,198.5,199.5,-114.72,-14.97,199.0,199.0,16.32,10.67,10.61,7.58,21.71,1.91,5.59,3.3,4.36,2.95,0.0,5.0,0.1,1.63,1.33,None,Kaolinite
S00455,SYN-004,199.5,201.5,-115.9,-15.39,200.5,200.5,27.85,29.07,6.9,7.57,12.97,0.0,11.8,4.87,0.0,2.68,22.38,4.12,0.2,3.95,0.0,None,Chlorite
S00456,SYN-004,201.5,203.0,-117.29,-15.89,202.25,202.25,18.81,18.96,12.56,3.93,11.09,0.61,12.43,3.63,0.0,3.38,3.37,19.84,0.56,0.4,1.52,None,Zunyite
S00457,SYN-004,203.0,204.5,-118.47,-16.31,203.75,203.75,32.45,2.71,4.66,2.01,55.09,10.52,28.45,4.31,5.96,0.41,3.67,27.12,3.34,0.0,3.85,None,Kaolinite
S00458,SYN-004,204.5,206.0,-119.66,-16.73,205.25,205.25,15.43,7.65,6.98,4.88,11.06,6.33,18.79,0.78,0.37,3.13,1.86,0.0,0.85,0.0,4.18,None,Montmor
S00459,SYN-004,206.0,208.0,-121.04,-17.23,207.0,207.0,23.59,16.47,10.05,3.29,27.22,5.77,10.25,2.17,1.25,3.06,2.11,0.0,0.0,1.36,2.47,None,Kaolinite
S00460,SYN-004,208.0,209.0,-122.23,-17.65,208.5,208.5,20.03,23.0,5.01,10.54,9.23,3.44,43.97,2.95,0.4,0.06,2.59,4.0,1.84,0.23,0.29,None,Montmor
S00461,SYN-004,209.0,210.5,-123.22,-18.01,209.75,209.75,5.61,12.09,20.32,5.1,2.64,0.0,31.51,26.73,4.05,0.0,5.51,2.3,0.0,15.38,3.91,Hematite,Montmor
S00462,SYN-004,210.5,212.0,-124.41,-18.43,211.25,211.25,19.26,17.58,14.9,1.79,19.51,4.16,14.26,2.63,0.0,0.89,1.77,1.54,4.98,3.69,3.23,None,Kaolinite
S00463,SYN-004,212.0,213.5,-125.59,-18.85,212.75,212.75,5.21,8.21,14.91,12.5,1.09,0.69,42.47,0.0,2.18,7.69,0.0,0.0,3.55,4.58,3.59,None,Montmor
S00464,SYN-004,213.5,215.5,-126.98,-19.35,214.5,214.5,4.51,30.62,14.2,5.24,2.24,0.71,20.77,0.0,12.72,0.0,0.0,3.37,4.99,4.06,1.15,None,Chlorite
S00465,SYN-004,215.5,217.0,-128.36,-19.84,216.25,216.25,18.1,25.96,41.86,8.47,11.2,2.43,20.14,4.28,3.21,0.0,0.0,5.2,2.36,4.74,5.11,None,Carbonate
S00466,SYN-004,217.0,219.0,-129.74,-20.33,218.0,218.0,12.6,27.68,13.05,7.57,0.24,0.12,20.64,3.56,27.37,1.7,0.18,2.72,0.73,3.71,3.47,None,Chlorite
S00467,SYN-005,0.0,2.0,57.06,124.95,1.0,1.0,5.47,3.36,3.55,0.05,17.46,4.8,6.63,5.95,18.11,0.82,3.15,0.54,28.01,46.9,27.27,Hematite,Water_silica
S00468,SYN-005,2.0,3.5,57.14,123.34,2.75,2.75,5.37,5.75,2.16,3.76,15.44,27.13,2.0,5.49,14.77,1.44,0.62,5.44,16.27,78.94,12.69,Hematite,Dickite
S00469,SYN-005,3.5,5.5,57.22,121.74,4.5,4.5,10.37,1.76,0.03,2.52,15.39,0.0,8.61,7.2,11.28,1.35,0.0,1.38,50.65,54.25,37.71,Hematite,Water_silica
S00470,SYN-005,5.5,7.0,57.3,120.13,6.25,6.25,5.66,4.58,2.21,3.44,4.96,0.16,0.82,21.53,11.53,0.71,0.0,4.59,17.87,43.07,23.46,Hematite,Alunite
S00471,SYN-005,7.0,9.0,57.38,118.53,8.0,8.0,9.59,0.0,2.9,0.0,9.65,1.98,1.75,29.57,22.44,0.0,0.0,0.0,15.79,16.58,29.18,Goethite,Alunite
S00472,SYN-005,9.0,10.5,57.47,116.92,9.75,9.75,1.71,3.04,1.21,14.72,4.29,3.02,0.94,8.52,16.01,2.65,0.0,4.83,12.32,57.21,27.32,Hematite,Gypsum
S00473,SYN-005,10.5,12.0,57.54,115.55,11.25,11.25,13.26,0.0,0.0,0.49,9.73,1.57,1.35,9.57,22.75,4.16,1.17,2.89,17.91,52.55,35.11,Hematite,Gypsum
S00474,SYN-005,12.0,13.5,57.61,114.17,12.75,12.75,4.99,0.0,0.0,6.88,8.43,0.0,2.12,1.82,17.0,17.33,6.01,1.53,20.54,87.87,19.24,Hematite,Water_silica
S00475,SYN-005,13.5,14.5,57.66,113.02,14.0,14.0,7.91,1.44,1.66,3.22,5.15,5.33,4.98,11.32,15.48,0.0,18.01,3.55,19.74,18.32,42.11,Goethite,Water_silica
S00476,SYN-005,14.5,16.0,57.72,111.88,15.25,15.25,1.82,2.75,1.4,0.0,7.12,7.27,0.0,38.56,3.05,42.22,0.78,4.24,3.42,0.0,2.73,None,Pyrophyllite
S00477,SYN-005,16.0,18.0,57.8,110.27,17.0,17.0,35.34,0.0,0.0,1.14,12.26,0.1,0.0,10.56,36.48,0.0,6.31,0.0,22.7,41.4,53.76,Goethite,Gypsum
S00478,SYN-005,18.0,19.5,57.89,108.67,18.75,18.75,4.66,2.02,0.02,1.91,8.84,3.05,1.22,1.58,14.99,5.35,0.87,2.36,35.67,52.96,14.04,Hematite,Water_silica
S00479,SYN-005,19.5,20.5,57.94,107.52,20.0,20.0,8.21,0.42,0.0,1.34,37.01,1.11,2.74,16.66,20.43,0.76,2.99,0.0,7.45,14.26,48.09,Goethite,Kaolinite
S00480,SYN-005,20.5,22.0,58.0,106.37,21.25,21.25,8.35,0.0,3.28,2.95,10.39,1.04,4.4,8.01,31.76,4.51,1.52,0.0,21.24,44.5,21.05,Hematite,Gypsum
S00481,SYN-005,22.0,23.0,58.06,105.23,22.5,22.5,4.07,0.06,4.09,17.61,0.0,24.94,0.0,3.98,26.2,5.3,0.0,0.0,12.06,62.53,21.64,Hematite,Gypsum
S00482,SYN-005,23.0,24.0,58.11,104.31,23.5,23.5,4.11,0.34,1.4,4.61,1.85,5.06,0.0,9.13,30.95,3.21,0.0,0.0,4.43,29.87,38.66,Goethite,Gypsum
S00483,SYN-005,24.0,26.0,58.18,102.93,25.0,25.0,6.12,3.33,5.78,11.58,19.43,1.96,1.3,4.73,6.45,3.59,0.0,0.0,49.68,62.02,14.07,Hematite,Water_silica
S00484,SYN-005,26.0,27.5,58.26,101.33,26.75,26.75,5.69,1.91,22.56,1.71,8.38,0.0,4.0,2.2,10.95,3.39,1.59,6.89,13.47,42.52,35.55,Hematite,Carbonate
S00485,SYN-005,27.5,29.0,58.33,99.95,28.25,28.25,9.76,4.82,2.4,0.0,11.08,4.9,0.0,7.02,40.81,0.65,0.0,0.0,10.87,43.83,34.94,Hematite,Gypsum
S00486,SYN-005,29.0,30.5,58.4,98.58,29.75,29.75,7.9,2.5,0.92,1.31,10.04,2.43,2.87,7.18,4.38,0.0,0.0,3.78,7.11,60.6,27.09,Hematite,Kaolinite
S00487,SYN-005,30.5,31.5,58.46,97.43,31.0,31.0,5.81,0.0,0.33,3.67,16.37,1.63,6.14,2.33,13.27,3.2,2.12,0.0,19.94,29.09,26.6,Hematite,Water_silica
S00488,SYN-005,31.5,33.0,58.52,96.28,32.25,32.25,7.64,1.05,2.61,0.0,1.42,3.77,1.23,5.19,8.12,0.0,0.0,0.0,12.31,17.56,21.25,Goethite,Water_silica
S00489,SYN-005,33.0,34.5,58.59,94.91,33.75,33.75,3.82,2.01,4.12,23.98,9.74,12.23,29.28,33.81,0.0,100.0,19.48,4.99,6.07,2.7,5.59,None,Pyrophyllite
S00490,SYN-005,34.5,36.0,58.66,93.53,35.25,35.25,2.63,22.57,7.25,4.19,6.95,18.88,1.74,10.44,0.0,31.84,15.45,8.36,5.6,0.19,2.11,None,Pyrophyllite
S00491,SYN-005,36.0,38.0,58.74,91.93,37.0,37.0,80.83,31.51,0.32,36.8,8.02,23.32,7.13,5.03,5.92,0.91,5.6,1.83,5.34,1.64,5.21,None,WhiteMica
S00492,SYN-005,38.0,39.5,58.82,90.32,38.75,38.75,0.47,0.33,0.85,0.78,15.98,2.01,0.63,4.28,14.26,21.04,4.87,0.3,29.58,36.98,37.11,Goethite,Water_silica
S00493,SYN-005,39.5,41.0,58.89,88.95,40.25,40.25,4.34,26.25,33.18,12.17,15.67,7.34,2.38,6.71,8.17,0.0,1.33,4.76,20.83,48.2,23.11,Hematite,Carbonate
S00494,SYN-005,41.0,43.0,58.97,87.34,42.0,42.0,79.03,5.7,0.45,3.48,8.16,8.9,7.17,1.34,3.78,0.7,3.42,2.31,7.41,1.88,1.55,None,WhiteMica
S00495,SYN-005,43.0,45.0,59.06,85.51,44.0,44.0,4.87,29.26,28.69,0.0,4.29,5.66,0.0,35.03,2.06,70.36,14.1,6.5,10.61,0.0,0.14,None,Pyrophyllite
S00496,SYN-005,45.0,46.5,59.15,83.9,45.75,45.75,6.78,1.35,2.76,0.5,10.03,1.2,19.49,10.33,20.64,2.63,0.26,16.21,15.94,48.61,42.02,Hematite,Gypsum
S00497,SYN-005,46.5,48.5,59.23,82.3,47.5,47.5,8.72,0.0,1.08,0.0,6.36,4.86,0.0,25.09,2.72,54.66,29.31,15.62,11.25,0.0,2.95,None,Pyrophyllite
S00498,SYN-005,48.5,50.5,59.32,80.46,49.5,49.5,93.49,3.82,2.67,1.41,0.0,6.85,0.0,3.05,3.61,3.53,0.0,2.12,0.8,0.75,0.0,None,WhiteMica
S00499,SYN-005,50.5,52.5,59.41,78.63,51.5,51.5,3.07,3.79,3.46,0.0,0.94,11.54,1.55,30.23,1.74,61.43,29.38,7.65,30.57,0.0,3.86,None,Pyrophyllite
S00500,SYN-005,52.5,53.5,59.48,77.25,53.0,53.0,5.33,1.62,4.16,3.04,4.9,10.24,4.97,25.18,2.18,73.84,17.57,10.9,7.1,5.27,5.57,None,Pyrophyllite
S00501,SYN-005,53.5,55.0,59.54,76.1,54.25,54.25,4.06,0.58,1.1,0.0,0.0,6.77,0.0,39.08,1.61,39.7,58.44,7.38,16.0,2.3,9.03,None,Diaspore
S00502,SYN-005,55.0,56.5,59.61,74.73,55.75,55.75,4.06,5.82,0.0,2.57,6.89,4.52,0.0,17.74,0.41,82.28,30.55,7.85,8.72,2.29,21.0,Goethite,Pyrophyllite
S00503,SYN-005,56.5,58.0,59.68,73.35,57.25,57.25,3.59,2.64,5.49,35.33,5.25,7.69,0.41,35.05,4.55,100.0,10.31,6.71,43.46,4.56,7.51,None,Pyrophyllite
S00504,SYN-005,58.0,59.5,59.75,71.98,58.75,58.75,1.86,0.72,0.52,0.0,5.64,12.35,3.95,17.0,5.83,47.82,16.25,7.98,7.16,3.78,3.75,None,Pyrophyllite
S00505,SYN-005,59.5,61.5,59.83,70.37,60.5,60.5,4.84,0.0,4.18,0.0,3.48,8.5,0.0,6.1,1.07,42.19,32.35,6.21,12.8,3.79,6.49,None,Pyrophyllite
S00506,SYN-005,61.5,63.5,59.93,68.54,62.5,62.5,46.85,5.77,0.0,1.09,11.26,5.31,1.42,0.32,5.79,1.94,3.02,1.88,6.2,4.56,3.47,None,WhiteMica
S00507,SYN-005,63.5,65.0,60.01,66.93,64.25,64.25,3.28,4.52,1.86,12.06,4.19,15.27,0.0,27.08,0.0,86.32,27.49,8.13,39.62,31.43,6.55,Hematite,Pyrophyllite
S00508,SYN-005,65.0,66.5,60.08,65.56,65.75,65.75,1.74,1.72,32.02,0.0,7.87,9.39,0.0,38.68,0.61,79.31,13.8,6.0,8.66,2.81,0.0,None,Pyrophyllite
S00509,SYN-005,66.5,68.0,60.15,64.18,67.25,67.25,6.54,1.26,0.0,1.19,2.12,12.71,2.61,20.81,1.42,16.25,30.43,16.17,8.81,3.12,0.21,None,Diaspore
S00510,SYN-005,68.0,69.5,60.22,62.8,68.75,68.75,4.25,2.89,15.63,13.38,37.15,11.25,0.84,33.97,0.0,68.68,23.16,9.41,24.2,0.0,2.07,None,Pyrophyllite
S00511,SYN-005,69.5,70.5,60.28,61.66,70.0,70.0,3.43,3.4,3.34,2.73,3.81,8.18,0.33,26.77,4.55,74.19,0.0,10.09,4.61,0.0,5.21,None,Pyrophyllite
S00512,SYN-005,70.5,71.5,60.32,60.74,71.0,71.0,7.35,12.86,0.0,3.54,1.46,13.75,15.95,17.09,0.0,53.64,17.14,7.39,8.03,0.0,4.81,None,Pyrophyllite
S00513,SYN-005,71.5,73.5,60.39,59.36,72.5,72.5,0.0,3.41,1.49,1.61,9.31,19.66,3.16,73.22,0.0,92.14,32.78,2.69,13.6,3.75,0.65,None,Pyrophyllite
S00514,SYN-005,73.5,75.0,60.48,57.76,74.25,74.25,19.22,2.33,5.07,0.0,9.59,7.51,4.0,22.62,0.35,15.3,16.73,3.14,6.97,0.68,0.0,None,Alunite
S00515,SYN-005,75.0,77.0,60.56,56.15,76.0,76.0,1.8,16.89,0.0,2.36,4.54,8.14,3.76,37.39,0.02,1.78,30.32,7.37,11.8,1.32,2.67,None,Alunite
S00516,SYN-005,77.0,78.5,60.64,54.55,77.75,77.75,4.53,0.0,2.21,2.84,4.52,11.72,2.64,10.97,1.34,81.36,6.38,7.25,6.6,2.4,1.82,None,Pyrophyllite
S00517,SYN-005,78.5,80.5,60.72,52.94,79.5,79.5,2.53,5.73,4.23,0.75,23.44,12.84,4.66,33.97,3.17,34.88,7.4,9.41,1.25,5.55,16.96,Goethite,Pyrophyllite
S00518,SYN-005,80.5,82.0,60.8,51.34,81.25,81.25,50.11,29.18,0.0,0.0,9.62,2.38,0.0,0.09,6.98,0.56,2.05,1.73,6.43,3.65,2.31,None,WhiteMica
S00519,SYN-005,82.0,84.0,60.88,49.73,83.0,83.0,36.54,0.0,1.14,0.48,3.81,6.33,0.0,40.98,4.39,54.14,27.17,8.67,6.12,2.5,2.42,None,Pyrophyllite
S00520,SYN-005,84.0,85.0,60.95,48.36,84.5,84.5,100.0,25.57,0.0,0.12,19.45,6.37,4.32,3.82,8.86,0.0,2.76,6.4,1.67,3.04,5.42,None,WhiteMica
S00521,SYN-005,85.0,86.5,61.01,47.21,85.75,85.75,7.28,1.97,0.0,7.39,4.29,5.7,2.17,37.07,3.18,26.96,24.9,6.31,2.16,7.6,5.24,None,Alunite
S00522,SYN-005,86.5,88.5,61.09,45.6,87.5,87.5,74.51,0.0,0.0,0.0,3.51,9.33,4.16,2.12,4.44,2.41,0.0,1.54,5.31,0.0,1.9,None,WhiteMica
S00523,SYN-005,88.5,90.5,61.19,43.77,89.5,89.5,8.64,0.0,12.71,0.0,7.22,10.35,7.07,44.85,0.0,76.09,17.79,17.54,10.7,5.48,2.03,None,Pyrophyllite
S00524,SYN-005,90.5,92.5,61.28,41.94,91.5,91.5,3.45,0.95,22.98,2.43,11.6,3.08,0.0,41.3,0.93,63.43,51.2,9.25,14.95,2.06,4.99,None,Pyrophyllite
S00525,SYN-005,92.5,93.5,61.35,40.56,93.0,93.0,4.84,0.0,1.37,3.82,5.04,14.54,0.0,36.31,1.46,51.72,13.2,6.41,8.3,1.8,3.68,None,Pyrophyllite
S00526,SYN-005,93.5,95.0,61.41,39.41,94.25,94.25,4.14,1.54,0.51,0.35,8.76,8.99,0.0,44.18,1.97,54.62,8.88,24.43,5.3,3.57,5.32,None,Pyrophyllite
S00527,SYN-005,95.0,96.0,61.47,38.27,95.5,95.5,8.33,2.05,16.49,0.78,6.95,4.74,1.92,26.62,2.42,51.03,21.13,10.6,5.76,0.0,4.25,None,Pyrophyllite
S00528,SYN-005,96.0,97.0,61.51,37.35,96.5,96.5,0.0,0.0,2.37,0.2,1.48,4.65,4.79,39.51,1.39,63.26,29.94,7.19,11.13,0.0,2.92,None,Pyrophyllite
S00529,SYN-005,97.0,98.5,61.57,36.2,97.75,97.75,0.08,0.0,1.89,3.7,15.13,9.36,5.38,4.97,4.39,2.06,0.0,3.06,19.31,2.98,3.51,None,Water_silica
S00530,SYN-005,98.5,100.0,61.64,34.83,99.25,99.25,13.83,45.78,4.53,1.67,13.03,19.58,41.78,0.0,0.16,0.0,2.6,0.09,4.26,3.15,0.0,None,Chlorite
S00531,SYN-005,100.0,102.0,61.72,33.22,101.0,101.0,4.94,1.13,5.15,1.2,5.93,11.41,2.54,32.31,0.98,41.84,21.38,11.43,7.58,3.43,1.43,None,Pyrophyllite
S00532,SYN-005,102.0,104.0,61.82,31.39,103.0,103.0,2.18,4.68,2.02,3.45,5.59,11.29,0.66,58.65,3.48,42.68,19.67,7.69,7.9,3.78,6.68,None,Alunite
S00533,SYN-005,104.0,105.5,61.9,29.78,104.75,104.75,17.79,33.39,10.78,9.08,18.04,9.3,18.82,1.27,0.0,13.84,2.81,0.0,4.07,34.21,5.6,Hematite,Chlorite
S00534,SYN-005,105.5,107.5,61.98,28.18,106.5,106.5,0.0,0.0,4.56,17.45,9.95,6.54,2.56,35.94,0.87,55.26,15.29,6.61,7.67,0.39,2.37,None,Pyrophyllite
S00535,SYN-005,107.5,108.5,62.05,26.8,108.0,108.0,69.87,0.18,18.4,4.95,13.47,8.89,7.11,17.12,9.47,0.0,0.96,1.28,3.91,2.98,0.22,None,WhiteMica
S00536,SYN-005,108.5,109.5,62.1,25.88,109.0,109.0,14.75,5.8,12.58,5.3,15.42,3.62,21.08,0.0,0.0,4.2,0.02,1.97,3.4,3.87,4.64,None,Montmor
S00537,SYN-005,109.5,111.0,62.15,24.74,110.25,110.25,3.1,0.0,5.15,8.98,10.06,9.49,0.48,13.49,3.59,71.68,33.26,35.35,6.58,2.93,0.0,None,Pyrophyllite
S00538,SYN-005,111.0,113.0,62.24,23.13,112.0,112.0,24.0,18.43,0.8,2.43,13.38,0.0,17.39,1.6,0.0,1.2,1.11,6.47,2.24,1.73,4.2,None,WhiteMica
S00539,SYN-005,113.0,114.0,62.31,21.76,113.5,113.5,16.67,19.36,15.26,6.98,12.13,0.08,15.75,0.0,3.04,0.0,33.17,3.33,2.27,0.06,3.12,None,Diaspore
S00540,SYN-005,114.0,115.5,62.36,20.61,114.75,114.75,18.71,27.69,4.38,3.78,9.33,2.55,16.58,6.02,1.67,2.44,4.71,0.88,2.87,1.48,2.32,None,Chlorite
S00541,SYN-005,115.5,117.0,62.43,19.23,116.25,116.25,3.95,13.61,10.8,32.49,0.0,2.42,28.64,3.41,2.24,0.0,0.0,4.99,0.0,15.81,5.64,Hematite,Epidote
S00542,SYN-005,117.0,118.0,62.49,18.09,117.5,117.5,5.9,12.76,10.95,5.45,16.84,6.28,24.15,0.0,0.0,3.78,2.03,3.31,4.13,7.48,5.26,None,Montmor
S00543,SYN-005,118.0,119.5,62.55,16.94,118.75,118.75,22.79,16.74,18.04,4.63,9.66,20.32,14.71,0.0,0.0,0.0,3.42,3.03,32.1,0.0,4.93,None,Water_silica
S00544,SYN-005,119.5,121.5,62.63,15.34,120.5,120.5,11.82,9.68,14.3,3.63,8.54,2.05,18.59,1.41,0.0,1.49,2.09,4.37,0.85,2.05,6.89,None,Montmor
S00545,SYN-005,121.5,123.0,62.71,13.73,122.25,122.25,3.87,24.01,16.05,3.73,2.59,1.28,44.95,2.91,0.0,0.0,0.0,0.0,2.62,0.0,1.61,None,Montmor
S00546,SYN-005,123.0,124.0,62.77,12.58,123.5,123.5,10.53,27.4,14.68,3.38,0.72,2.21,37.28,0.53,0.17,0.0,3.95,1.56,1.95,0.18,1.66,None,Montmor
S00547,SYN-005,124.0,126.0,62.84,11.21,125.0,125.0,8.49,16.04,3.3,2.79,14.22,1.36,9.74,0.0,0.0,1.98,2.96,0.0,3.47,2.59,3.17,None,Chlorite
S00548,SYN-005,126.0,127.5,62.92,9.6,126.75,126.75,4.51,26.86,17.38,11.7,0.0,1.82,18.96,0.0,0.37,12.7,7.78,38.19,0.25,0.0,7.51,None,Zunyite
S00549,SYN-005,127.5,129.5,63.01,8.0,128.5,128.5,27.85,16.41,9.2,8.15,29.99,3.15,23.46,0.36,19.16,0.5,1.18,2.29,1.47,0.88,0.0,None,Kaolinite
S00550,SYN-005,129.5,131.0,63.09,6.39,130.25,130.25,21.02,18.9,15.55,6.88,18.92,4.61,16.83,1.62,3.09,2.48,0.0,0.0,1.43,0.5,1.68,None,WhiteMica
S00551,SYN-005,131.0,132.5,63.16,5.02,131.75,131.75,23.04,10.25,6.32,6.7,37.78,0.0,11.82,5.32,0.0,0.0,5.83,0.0,3.39,2.48,1.45,None,Kaolinite
S00552,SYN-005,132.5,134.0,63.23,3.64,133.25,133.25,19.27,31.72,8.38,5.02,7.8,0.88,13.56,1.56,0.0,2.06,5.7,2.95,0.0,0.94,4.24,None,Chlorite
S00553,SYN-005,134.0,135.5,63.3,2.26,134.75,134.75,15.33,26.67,8.25,6.14,5.82,0.0,12.62,0.19,0.0,5.68,1.27,4.32,3.57,4.93,0.14,None,Chlorite
S00554,SYN-005,135.5,137.5,63.38,0.66,136.5,136.5,13.99,7.66,28.07,4.01,8.9,0.65,14.03,0.0,1.21,2.6,2.19,1.21,0.0,1.84,3.17,None,Carbonate
S00555,SYN-005,137.5,138.5,63.45,-0.72,138.0,138.0,21.61,22.26,3.08,3.97,54.97,0.0,15.32,6.55,0.0,1.3,1.63,0.98,0.29,0.0,7.28,None,Kaolinite
S00556,SYN-005,138.5,139.5,63.5,-1.63,139.0,139.0,24.15,6.5,44.34,10.62,10.72,0.0,12.76,1.39,0.0,0.0,1.33,2.07,0.0,11.97,0.0,None,Carbonate
S00557,SYN-005,139.5,141.0,63.55,-2.78,140.25,140.25,15.51,35.29,7.2,8.39,16.09,15.66,4.0,25.81,2.38,0.34,1.44,4.09,0.05,0.0,0.84,None,Chlorite
S00558,SYN-005,141.0,142.5,63.62,-4.16,141.75,141.75,0.25,42.19,5.84,8.93,3.24,0.71,9.41,3.52,1.17,0.0,1.59,0.0,4.17,1.48,3.32,None,Chlorite
S00559,SYN-005,142.5,144.5,63.71,-5.76,143.5,143.5,30.92,37.98,9.95,4.48,4.95,0.0,25.18,9.45,5.01,1.97,4.13,3.44,2.63,3.23,5.29,None,Chlorite
S00560,SYN-005,144.5,146.5,63.8,-7.6,145.5,145.5,38.02,42.62,8.99,1.96,6.15,2.67,15.68,2.51,1.36,1.43,0.0,2.02,1.68,3.76,3.47,None,Chlorite
S00561,SYN-006,0.0,1.5,24.15,165.73,0.75,0.75,9.01,0.0,0.63,0.0,11.86,4.07,1.84,8.51,23.24,1.78,16.21,0.0,20.5,47.97,42.42,Hematite,Gypsum
S00562,SYN-006,1.5,3.0,24.63,167.05,2.25,2.25,35.87,15.42,32.53,26.38,8.33,2.3,0.75,7.88,18.19,0.0,2.38,0.59,16.3,27.93,21.38,Hematite,WhiteMica
S00563,SYN-006,3.0,4.0,25.04,168.16,3.5,3.5,9.94,2.35,0.63,0.13,2.42,2.3,0.56,1.43,4.59,0.15,0.0,4.17,20.43,50.98,11.33,Hematite,Water_silica
S00564,SYN-006,4.0,5.5,25.44,169.27,4.75,4.75,8.34,0.0,1.25,3.07,12.61,0.29,31.64,7.9,12.08,6.1,4.5,3.83,5.71,40.01,25.66,Hematite,Montmor
S00565,SYN-006,5.5,7.5,26.0,170.82,6.5,6.5,4.68,1.99,0.0,4.27,11.11,0.31,35.88,4.08,5.94,0.0,3.37,0.0,57.39,70.86,16.15,Hematite,Water_silica
S00566,SYN-006,7.5,9.0,26.56,172.37,8.25,8.25,5.62,0.0,0.52,1.23,11.2,2.44,0.0,28.52,21.52,0.74,0.0,0.0,3.55,58.81,41.71,Hematite,Alunite
S00567,SYN-006,9.0,10.5,27.04,173.7,9.75,9.75,7.1,24.16,6.6,3.43,12.17,0.0,0.0,11.16,43.05,2.65,0.71,0.0,24.43,51.81,17.71,Hematite,Gypsum
S00568,SYN-006,10.5,12.0,27.52,175.03,11.25,11.25,4.79,16.22,0.0,4.66,7.28,0.0,0.0,3.21,13.45,30.07,4.23,16.64,16.57,38.57,52.27,Goethite,Pyrophyllite
S00569,SYN-006,12.0,14.0,28.09,176.58,13.0,13.0,10.13,5.27,2.29,0.0,16.72,1.24,33.76,8.34,16.22,2.72,2.21,0.0,35.19,35.27,42.43,Goethite,Water_silica
S00570,SYN-006,14.0,15.5,28.65,178.13,14.75,14.75,3.01,0.0,17.16,4.79,10.04,4.3,1.26,6.25,9.3,32.32,0.63,0.77,17.98,37.72,17.39,Hematite,Pyrophyllite
S00571,SYN-006,15.5,16.5,29.05,179.23,16.0,16.0,6.85,4.03,0.0,1.11,12.44,1.4,0.0,4.57,6.44,4.8,0.0,0.0,23.07,47.2,3.69,Hematite,Water_silica
S00572,SYN-006,16.5,18.0,29.45,180.34,17.25,17.25,7.99,3.54,2.6,0.0,8.78,1.36,0.53,36.55,15.17,1.31,0.92,0.0,0.83,60.49,20.81,Hematite,Alunite
S00573,SYN-006,18.0,19.0,29.85,181.45,18.5,18.5,15.95,1.81,0.36,3.31,1.37,14.4,10.88,1.65,3.22,0.0,0.0,31.39,8.15,4.26,5.4,None,Zunyite
S00574,SYN-006,19.0,20.0,30.17,182.33,19.5,19.5,5.15,0.74,0.0,1.95,14.73,0.0,1.6,5.84,1.83,2.21,34.19,2.48,27.69,44.21,11.84,Hematite,Diaspore
S00575,SYN-006,20.0,21.0,30.49,183.22,20.5,20.5,4.55,0.26,2.0,1.02,10.47,5.44,0.0,6.08,22.45,1.73,1.97,1.04,21.41,32.53,50.38,Goethite,Gypsum
S00576,SYN-006,21.0,22.5,30.9,184.32,21.75,21.75,5.79,0.0,32.73,0.0,9.62,3.97,0.0,5.35,13.14,0.0,19.36,2.94,3.18,65.56,52.65,Hematite,Carbonate
S00577,SYN-006,22.5,24.0,31.38,185.65,23.25,23.25,8.19,0.0,1.79,0.0,15.43,4.25,5.71,8.63,4.71,1.69,15.07,4.26,12.22,31.22,20.74,Hematite,Kaolinite
S00578,SYN-006,24.0,25.5,31.86,186.98,24.75,24.75,4.65,0.0,2.02,5.29,2.25,12.91,0.0,7.43,12.33,0.0,3.94,10.53,15.14,26.01,26.92,Goethite,Water_silica
S00579,SYN-006,25.5,27.0,32.34,188.31,26.25,26.25,3.11,0.0,0.0,1.9,8.74,2.08,2.97,5.47,17.64,2.14,2.56,3.47,26.51,62.18,13.45,Hematite,Water_silica
S00580,SYN-006,27.0,29.0,32.9,189.86,28.0,28.0,9.11,5.19,2.97,4.9,7.24,0.0,0.0,4.68,8.85,0.0,0.0,2.7,15.46,51.48,25.05,Hematite,Water_silica
S00581,SYN-006,29.0,31.0,33.55,191.63,30.0,30.0,8.62,3.35,0.0,0.07,7.02,4.92,1.69,35.64,3.23,65.49,9.59,11.74,5.13,3.38,5.36,None,Pyrophyllite
S00582,SYN-006,31.0,32.5,34.11,193.18,31.75,31.75,7.08,0.0,0.73,0.16,11.68,3.13,1.7,7.85,1.77,0.0,0.0,0.0,7.23,46.17,48.55,Goethite,Kaolinite
S00583,SYN-006,32.5,34.0,34.59,194.51,33.25,33.25,2.36,1.39,1.89,20.27,9.28,8.84,2.75,18.3,4.83,84.11,19.24,4.09,2.0,4.4,29.66,Goethite,Pyrophyllite
S00584,SYN-006,34.0,36.0,35.15,196.06,35.0,35.0,16.2,1.58,0.14,2.56,33.94,44.26,5.58,42.49,1.74,52.78,17.24,38.0,9.38,1.12,2.65,None,Pyrophyllite
S00585,SYN-006,36.0,37.0,35.63,197.39,36.5,36.5,8.72,1.57,8.55,0.0,11.42,2.0,0.0,5.66,13.22,3.34,2.97,3.44,13.98,74.67,19.34,Hematite,Water_silica
S00586,SYN-006,37.0,38.5,36.03,198.49,37.75,37.75,8.05,2.29,3.27,0.0,9.95,2.5,0.0,14.21,18.8,2.36,0.0,5.11,22.12,36.63,29.25,Hematite,Water_silica
S00587,SYN-006,38.5,40.5,36.6,200.04,39.5,39.5,46.07,2.09,4.03,17.89,6.79,0.0,0.1,6.11,15.47,1.16,0.77,0.0,16.8,42.65,18.12,Hematite,WhiteMica
S00588,SYN-006,40.5,42.0,37.16,201.59,41.25,41.25,42.82,5.61,4.86,17.09,9.06,8.13,4.89,0.0,10.3,0.81,0.0,2.05,7.31,1.52,0.0,None,WhiteMica
S00589,SYN-006,42.0,43.5,37.64,202.92,42.75,42.75,81.44,0.0,0.0,0.0,11.57,11.97,3.49,5.73,5.77,2.04,2.96,12.12,2.42,0.46,35.81,Goethite,WhiteMica
S00590,SYN-006,43.5,45.0,38.12,204.25,44.25,44.25,2.85,51.12,16.16,10.49,0.0,2.91,27.43,1.37,0.0,5.49,0.0,0.0,0.58,0.0,8.33,None,Chlorite
S00591,SYN-006,45.0,46.5,38.6,205.58,45.75,45.75,8.5,21.97,25.09,11.67,0.0,0.0,39.14,1.06,0.0,3.46,0.0,1.77,0.0,5.4,1.53,None,Montmor
S00592,SYN-006,46.5,48.0,39.08,206.91,47.25,47.25,92.51,27.08,2.75,0.0,8.18,1.81,4.99,0.6,7.26,0.55,1.57,0.0,4.43,1.52,2.21,None,WhiteMica
S00593,SYN-006,48.0,49.0,39.49,208.02,48.5,48.5,5.32,13.75,22.8,6.8,2.73,0.3,15.24,0.0,0.0,0.55,3.78,0.0,0.26,0.0,1.24,None,Carbonate
S00594,SYN-006,49.0,50.5,39.89,209.12,49.75,49.75,5.64,32.9,44.67,13.3,4.26,0.0,18.18,2.53,2.28,5.38,3.01,2.13,0.78,0.0,6.73,None,Carbonate
S00595,SYN-006,50.5,51.5,40.29,210.23,51.0,51.0,12.57,0.0,0.0,0.0,10.96,6.62,3.77,32.45,10.51,5.74,6.07,0.02,2.68,20.75,4.61,Hematite,Alunite
S00596,SYN-006,51.5,53.5,40.77,211.56,52.5,52.5,9.16,48.56,34.45,5.74,2.38,1.5,18.91,1.05,0.0,0.01,4.13,3.38,0.0,2.61,2.26,None,Chlorite
S00597,SYN-006,53.5,55.0,41.33,213.11,54.25,54.25,3.9,22.92,11.84,4.06,0.0,0.0,6.1,0.0,3.7,0.0,0.0,0.0,0.0,3.14,12.42,None,Chlorite
S00598,SYN-006,55.0,56.5,41.81,214.44,55.75,55.75,7.71,38.71,15.38,9.35,1.07,16.84,11.13,0.0,2.01,0.12,5.28,0.0,24.34,0.64,2.3,None,Chlorite
S00599,SYN-006,56.5,58.5,42.38,215.99,57.5,57.5,17.94,17.45,5.56,8.52,1.93,3.01,20.47,1.48,3.42,0.0,1.64,3.76,0.4,26.19,0.34,Hematite,Montmor
S00600,SYN-006,58.5,60.5,43.02,217.76,59.5,59.5,65.02,2.14,8.51,0.0,3.29,3.47,1.31,0.0,13.15,5.02,2.14,0.0,36.29,0.0,2.74,None,WhiteMica
S00601,SYN-006,60.5,62.0,43.58,219.31,61.25,61.25,7.55,28.27,13.09,8.51,5.1,0.0,17.24,2.37,0.0,0.0,0.0,5.53,1.63,0.34,3.36,None,Chlorite
S00602,SYN-006,62.0,63.5,44.06,220.64,62.75,62.75,63.5,4.42,4.66,0.0,0.0,10.19,7.39,0.0,7.13,0.0,2.93,1.55,16.34,0.41,0.85,None,WhiteMica
S00603,SYN-006,63.5,65.5,44.62,222.19,64.5,64.5,4.94,13.36,28.87,11.66,3.5,1.76,18.14,0.24,5.86,2.85,0.0,0.44,0.0,1.95,2.02,None,Carbonate
S00604,SYN-006,65.5,67.0,45.19,223.74,66.25,66.25,5.35,28.14,13.37,8.38,3.52,0.0,18.21,30.27,6.75,2.03,21.99,4.66,0.0,28.89,5.46,Hematite,Alunite
S00605,SYN-006,67.0,69.0,45.75,225.29,68.0,68.0,8.21,26.53,5.0,9.13,1.36,2.4,17.06,0.0,1.28,0.0,0.0,5.62,0.0,2.03,1.42,None,Chlorite
S00606,SYN-006,69.0,71.0,46.39,227.06,70.0,70.0,8.02,35.66,22.28,12.89,0.0,0.03,11.8,0.0,2.18,2.37,14.36,2.98,0.8,3.02,19.58,Goethite,Chlorite
S00607,SYN-006,71.0,73.0,47.03,228.83,72.0,72.0,5.55,50.4,18.8,8.96,0.0,0.0,21.52,2.92,33.91,2.47,2.32,1.55,0.0,4.24,4.3,None,Chlorite
S00608,SYN-006,73.0,74.0,47.51,230.16,73.5,73.5,67.49,0.0,5.45,0.0,3.43,4.51,6.06,0.0,8.03,0.58,2.65,0.0,1.78,5.58,3.87,None,WhiteMica
S00609,SYN-006,74.0,75.5,47.92,231.26,74.75,74.75,4.73,23.1,21.98,9.78,0.45,0.0,20.66,0.19,3.72,0.0,0.0,2.9,0.0,21.97,4.19,Hematite,Chlorite
S00610,SYN-006,75.5,76.5,48.32,232.37,76.0,76.0,73.02,0.0,3.21,3.39,5.1,8.72,8.62,26.75,6.36,3.62,1.4,0.0,4.15,2.98,0.0,None,WhiteMica
S00611,SYN-006,76.5,78.0,48.72,233.48,77.25,77.25,10.32,2.8,39.93,2.9,2.95,0.97,10.87,5.49,3.18,0.0,0.0,3.38,0.0,3.1,5.35,None,Carbonate
S00612,SYN-006,78.0,80.0,49.28,235.03,79.0,79.0,7.59,25.45,8.75,21.39,0.0,0.0,21.36,1.89,0.0,3.18,0.0,0.0,0.9,2.6,5.93,None,Chlorite
S00613,SYN-006,80.0,81.5,49.84,236.58,80.75,80.75,4.94,31.77,14.68,2.27,2.63,0.0,12.95,0.0,0.0,2.32,15.17,12.04,0.17,0.93,4.37,None,Chlorite
S00614,SYN-006,81.5,83.0,50.32,237.91,82.25,82.25,4.24,30.54,19.99,6.06,0.0,1.66,57.31,0.0,2.18,23.58,0.0,0.0,0.9,0.0,0.0,None,Montmor
S00615,SYN-006,83.0,84.0,50.73,239.01,83.5,83.5,8.77,26.02,15.48,5.95,0.0,3.62,17.65,3.16,3.13,2.29,0.0,0.0,5.06,1.52,4.14,None,Chlorite
S00616,SYN-006,84.0,86.0,51.21,240.34,85.0,85.0,6.31,46.75,18.79,15.59,4.72,2.19,21.19,0.0,1.57,0.0,15.34,2.0,1.77,2.54,0.42,None,Chlorite
S00617,SYN-006,86.0,87.0,51.69,241.67,86.5,86.5,5.56,49.48,12.13,5.84,3.12,0.0,32.86,3.49,0.0,0.0,2.16,0.96,0.0,4.6,4.78,None,Chlorite
S00618,SYN-006,87.0,88.0,52.01,242.56,87.5,87.5,6.31,26.68,19.06,9.59,0.43,0.86,17.54,0.0,2.59,0.66,5.03,1.28,0.0,1.56,4.53,None,Chlorite
S00619,SYN-006,88.0,89.0,52.33,243.44,88.5,88.5,6.91,18.2,26.18,5.97,0.0,2.9,20.65,1.8,5.76,3.22,3.73,0.88,1.99,0.0,2.09,None,Carbonate
S00620,SYN-006,89.0,90.0,52.65,244.33,89.5,89.5,5.85,5.99,10.92,4.26,3.57,0.86,24.82,0.36,0.0,2.0,0.0,0.73,0.0,0.0,3.63,None,Montmor
S00621,SYN-006,90.0,91.5,53.05,245.43,90.75,90.75,9.25,32.15,17.01,10.05,3.39,2.01,18.98,1.84,3.55,0.0,3.43,1.17,0.0,0.0,3.77,None,Chlorite
S00622,SYN-006,91.5,93.0,53.54,246.76,92.25,92.25,9.4,31.09,34.43,5.41,2.8,0.11,18.84,3.02,5.78,0.0,28.79,5.11,3.38,33.97,6.2,Hematite,Carbonate
S00623,SYN-006,93.0,94.5,54.02,248.09,93.75,93.75,7.44,14.65,20.44,8.75,24.19,0.24,35.83,1.25,3.56,4.87,3.09,2.82,28.59,14.96,14.26,None,Montmor
S00624,SYN-006,94.5,95.5,54.42,249.2,95.0,95.0,97.04,4.92,2.15,0.0,5.68,4.79,1.91,3.15,2.0,0.99,1.49,6.64,4.53,0.0,0.58,None,WhiteMica
S00625,SYN-006,95.5,96.5,54.74,250.08,96.0,96.0,9.71,27.44,22.29,10.26,0.0,0.0,3.27,16.09,1.0,4.75,0.07,0.0,0.0,5.94,0.0,None,Chlorite
S00626,SYN-006,96.5,98.0,55.14,251.19,97.25,97.25,6.02,61.11,19.61,14.86,1.16,2.73,18.27,0.0,3.44,0.0,4.86,0.1,16.89,1.48,6.46,None,Chlorite
S00627,SYN-006,98.0,99.0,55.54,252.3,98.5,98.5,7.86,20.13,4.23,3.46,4.72,18.02,7.74,2.24,0.98,2.86,0.0,2.91,5.32,19.18,0.0,Hematite,Chlorite
S00628,SYN-006,99.0,100.5,55.94,253.41,99.75,99.75,8.71,18.0,9.05,7.45,0.0,0.0,13.42,1.26,2.56,1.84,3.87,0.53,0.0,0.0,0.12,None,Chlorite
S00629,SYN-006,100.5,101.5,56.35,254.51,101.0,101.0,8.75,33.1,11.42,7.6,1.32,3.09,10.99,0.54,1.41,2.91,3.79,17.66,0.61,1.79,1.86,None,Chlorite
S00630,SYN-006,101.5,103.0,56.75,255.62,102.25,102.25,8.47,25.15,10.27,8.0,5.29,0.0,12.19,20.69,1.48,4.99,2.45,1.14,0.76,0.0,1.91,None,Chlorite
S00631,SYN-006,103.0,104.5,57.23,256.95,103.75,103.75,68.8,34.01,0.19,3.83,9.61,7.13,0.96,2.07,6.94,3.04,1.06,4.14,5.29,2.26,0.0,None,WhiteMica
S00632,SYN-006,104.5,106.0,57.71,258.28,105.25,105.25,7.7,20.55,12.09,17.25,0.44,0.77,12.69,0.0,0.0,4.76,0.0,1.73,2.83,0.0,3.17,None,Chlorite
S00633,SYN-006,106.0,107.0,58.11,259.38,106.5,106.5,11.28,17.14,22.66,7.38,12.61,0.0,21.93,1.77,0.04,2.47,1.71,4.39,0.0,5.22,0.0,None,Carbonate
S00634,SYN-006,107.0,108.0,58.43,260.27,107.5,107.5,4.54,26.36,21.03,0.0,0.0,0.0,20.7,2.08,5.26,0.59,3.28,2.2,0.0,6.75,29.67,Goethite,Chlorite
S00635,SYN-006,108.0,110.0,58.91,261.6,109.0,109.0,5.58,39.65,12.95,7.29,2.76,0.0,18.9,14.17,0.0,0.45,1.32,6.04,3.13,30.2,4.23,Hematite,Chlorite
S00636,SYN-006,110.0,111.0,59.4,262.93,110.5,110.5,5.42,30.6,20.26,7.57,0.0,0.0,27.8,1.18,0.0,0.65,0.99,0.0,7.32,0.0,5.76,None,Chlorite
S00637,SYN-006,111.0,112.5,59.8,264.03,111.75,111.75,32.28,25.01,18.37,7.13,0.0,2.75,42.77,0.0,9.99,8.02,0.27,0.0,0.0,0.79,4.15,None,Montmor
S00638,SYN-006,112.5,114.0,60.28,265.36,113.25,113.25,0.63,31.89,15.76,5.41,0.0,1.0,22.11,0.0,0.11,1.31,0.0,2.2,0.0,0.0,4.63,None,Chlorite
S00639,SYN-006,114.0,115.5,60.76,266.69,114.75,114.75,9.71,45.19,40.97,3.24,1.72,0.0,25.36,0.0,0.53,3.15,0.96,0.66,7.33,1.05,0.0,None,Chlorite
S00640,SYN-006,115.5,117.0,61.24,268.02,116.25,116.25,3.23,34.18,11.24,15.77,0.0,0.77,20.27,1.51,0.19,2.24,4.2,1.53,0.22,0.0,0.94,None,Chlorite
S00641,SYN-006,117.0,119.0,61.8,269.57,118.0,118.0,6.46,31.28,39.19,9.15,28.28,0.0,50.07,5.96,1.24,0.0,0.0,2.1,0.32,4.78,2.62,None,Montmor
S00642,SYN-006,119.0,121.0,62.45,271.34,120.0,120.0,58.6,0.55,0.0,4.62,7.07,5.71,2.66,0.0,9.7,0.0,0.0,6.4,7.37,0.0,5.15,None,WhiteMica
S00643,SYN-006,121.0,122.5,63.01,272.89,121.75,121.75,30.11,36.05,8.43,7.31,2.6,2.63,4.84,14.96,0.0,2.39,2.18,0.0,1.65,0.0,2.88,None,Chlorite
S00644,SYN-006,122.5,124.0,63.49,274.22,123.25,123.25,26.51,26.01,8.78,15.66,1.02,0.0,0.0,0.0,23.61,0.0,21.58,0.0,2.22,4.11,2.32,None,WhiteMica
S00645,SYN-006,124.0,125.0,63.89,275.32,124.5,124.5,3.88,30.32,6.2,4.87,0.0,0.0,0.88,12.55,0.7,0.0,0.0,3.0,1.82,0.42,4.46,None,Chlorite
S00646,SYN-006,125.0,126.5,64.29,276.43,125.75,125.75,2.93,21.84,8.9,10.17,0.4,1.0,12.94,0.86,0.0,2.69,2.98,0.0,3.6,5.74,0.0,None,Chlorite
S00647,SYN-006,126.5,128.0,64.77,277.76,127.25,127.25,6.52,8.46,16.6,3.5,5.55,2.31,29.07,0.0,0.0,0.0,3.71,0.0,0.0,2.04,0.44,None,Montmor
S00648,SYN-006,128.0,129.0,65.18,278.87,128.5,128.5,87.96,5.47,0.0,1.91,7.9,5.96,6.0,0.0,3.97,0.0,4.01,1.12,2.61,2.51,3.44,None,WhiteMica
S00649,SYN-006,129.0,130.5,65.58,279.97,129.75,129.75,4.11,32.32,47.6,10.7,4.4,1.8,20.07,1.84,3.94,3.39,0.0,0.77,0.63,2.74,3.09,None,Carbonate
S00650,SYN-006,130.5,132.5,66.14,281.52,131.5,131.5,4.45,32.37,14.06,3.92,12.05,1.08,41.1,0.93,0.1,2.63,1.91,0.99,3.92,2.96,4.18,None,Montmor
S00651,SYN-006,132.5,133.5,66.62,282.85,133.0,133.0,6.46,24.37,13.85,9.69,22.55,4.84,22.61,0.77,2.14,4.36,3.15,3.16,0.0,1.45,3.66,None,Chlorite
S00652,SYN-006,133.5,135.0,67.02,283.96,134.25,134.25,100.0,0.0,2.74,4.27,3.74,6.9,7.15,3.03,0.99,2.93,4.03,0.55,3.98,1.56,3.99,None,WhiteMica
S00653,SYN-006,135.0,136.5,67.5,285.29,135.75,135.75,8.16,41.05,28.76,15.03,1.5,6.24,20.86,6.17,0.0,2.4,0.0,2.86,21.73,5.02,1.55,None,Chlorite
S00654,SYN-006,136.5,137.5,67.91,286.4,137.0,137.0,3.79,18.91,7.81,8.34,0.0,1.22,7.02,0.95,1.43,0.0,0.0,1.8,2.97,0.12,6.34,None,Chlorite
S00655,SYN-006,137.5,138.5,68.23,287.28,138.0,138.0,100.0,3.53,5.1,16.52,3.42,8.48,5.72,4.97,7.6,0.37,3.36,2.3,8.28,2.4,0.36,None,WhiteMica
S00656,SYN-006,138.5,139.5,68.55,288.17,139.0,139.0,3.32,5.68,7.04,0.11,0.0,0.95,21.8,5.76,1.13,3.99,0.0,2.62,1.41,0.96,24.18,Goethite,Montmor
S00657,SYN-006,139.5,141.5,69.03,289.5,140.5,140.5,6.06,19.22,9.91,33.24,0.0,0.8,24.74,0.0,3.5,4.11,0.0,0.0,0.0,3.59,3.08,None,Epidote
S00658,SYN-006,141.5,142.5,69.51,290.82,142.0,142.0,7.46,8.58,15.48,9.73,0.0,0.0,35.02,0.0,1.61,3.43,2.96,0.0,1.99,5.18,4.59,None,Montmor
S00659,SYN-006,142.5,143.5,69.83,291.71,143.0,143.0,9.95,32.26,19.71,11.24,1.88,2.14,43.67,0.0,0.0,3.03,24.9,10.19,2.3,0.67,0.67,None,Montmor
S00660,SYN-006,143.5,144.5,70.15,292.59,144.0,144.0,63.38,1.03,0.31,0.0,8.15,5.7,18.46,3.62,1.26,7.65,1.42,2.28,6.96,0.0,2.79,None,WhiteMica
S00661,SYN-006,144.5,145.5,70.47,293.48,145.0,145.0,3.11,31.32,20.45,13.3,0.0,4.38,31.72,4.13,7.21,18.33,0.1,1.58,0.0,0.11,5.6,None,Montmor
S00662,SYN-006,145.5,147.0,70.88,294.59,146.25,146.25,5.14,40.41,22.8,13.49,2.26,0.0,14.72,0.0,2.29,3.34,0.0,3.4,1.01,4.29,2.99,None,Chlorite
S00663,SYN-006,147.0,148.0,71.28,295.69,147.5,147.5,9.17,40.14,15.22,7.53,2.3,0.78,36.84,0.0,0.0,0.0,3.93,0.0,0.0,2.61,3.41,None,Chlorite
S00664,SYN-006,148.0,149.5,71.68,296.8,148.75,148.75,11.33,16.35,13.15,5.63,2.93,4.92,13.18,2.05,1.67,0.0,0.64,3.04,4.08,1.8,2.04,None,Chlorite
S00665,SYN-006,149.5,151.0,72.16,298.13,150.25,150.25,3.32,31.67,27.76,3.97,0.0,2.18,33.63,0.24,2.18,0.0,1.97,32.76,0.0,1.51,3.01,None,Montmor
S00666,SYN-006,151.0,153.0,72.72,299.68,152.0,152.0,4.01,34.73,0.0,6.06,2.49,2.23,20.32,2.64,2.41,0.0,0.0,0.0,0.88,0.22,2.93,None,Chlorite
S00667,SYN-006,153.0,154.0,73.2,301.01,153.5,153.5,69.29,2.72,0.0,1.67,6.05,8.41,7.14,7.67,1.76,3.55,0.86,0.48,2.59,4.14,4.03,None,WhiteMica
S00668,SYN-006,154.0,156.0,73.69,302.34,155.0,155.0,64.68,0.0,0.0,1.76,8.02,8.8,3.85,2.9,1.59,0.0,0.0,0.0,4.71,2.43,29.68,Goethite,WhiteMica
S00669,SYN-006,156.0,157.5,74.25,303.89,156.75,156.75,7.03,40.35,16.45,9.72,0.0,0.0,30.07,24.88,2.11,1.64,0.0,5.6,3.18,6.45,2.66,None,Chlorite
S00670,SYN-006,157.5,158.5,74.65,304.99,158.0,158.0,4.44,2.64,19.1,3.14,2.98,2.96,28.97,0.0,1.81,1.12,3.7,23.8,6.2,1.92,3.35,None,Montmor
S00671,SYN-006,158.5,160.5,75.13,306.32,159.5,159.5,3.95,31.55,29.49,4.66,4.26,3.72,9.56,5.35,23.22,4.52,1.37,1.13,0.72,2.64,5.0,None,Chlorite
S00672,SYN-006,160.5,162.5,75.77,308.09,161.5,161.5,6.66,0.31,4.04,10.02,3.01,1.7,15.28,33.22,3.02,4.21,1.59,1.82,8.08,0.84,4.67,None,Alunite
S00673,SYN-006,162.5,164.0,76.34,309.64,163.25,163.25,10.18,21.09,12.98,5.67,0.76,0.0,35.22,0.0,3.07,1.64,36.92,0.26,24.44,0.38,6.49,None,Diaspore
S00674,SYN-006,164.0,166.0,76.9,311.19,165.0,165.0,2.46,41.78,24.24,9.33,2.62,2.31,18.8,2.35,0.0,3.17,3.64,0.0,2.67,1.82,3.06,None,Chlorite
S00675,SYN-006,166.0,167.5,77.46,312.74,166.75,166.75,10.05,65.92,3.05,17.55,0.0,25.39,24.59,0.0,0.0,0.94,4.08,19.95,0.0,4.98,0.0,None,Chlorite
S00676,SYN-006,167.5,169.0,77.94,314.07,168.25,168.25,4.45,24.99,14.53,9.04,18.16,0.0,37.68,3.03,0.0,14.96,19.02,1.82,5.3,0.82,2.81,None,Montmor
S00677,SYN-006,169.0,171.0,78.5,315.62,170.0,170.0,6.93,12.29,22.0,5.22,29.38,3.21,16.01,19.38,14.88,18.64,0.52,3.83,0.98,0.78,30.02,Goethite,Kaolinite
S00678,SYN-006,171.0,172.5,79.06,317.17,171.75,171.75,10.3,53.44,24.68,30.99,4.47,3.94,12.26,3.36,0.0,0.82,0.0,2.7,0.0,0.0,0.0,None,Chlorite
S00679,SYN-006,172.5,174.5,79.63,318.72,173.5,173.5,6.88,28.83,12.17,11.44,0.0,0.0,25.5,0.0,0.0,1.73,1.61,0.0,4.3,8.19,1.41,None,Chlorite
S00680,SYN-006,174.5,176.0,80.19,320.27,175.25,175.25,21.65,19.55,20.8,5.49,1.24,33.11,23.97,0.0,1.8,2.86,0.19,0.0,0.1,0.51,19.98,Goethite,Dickite
S00681,SYN-006,176.0,178.0,80.75,321.82,177.0,177.0,58.48,0.55,1.81,4.77,9.96,4.87,7.64,3.79,0.59,2.88,0.0,2.84,6.04,0.0,0.32,None,WhiteMica
S00682,SYN-006,178.0,179.5,81.31,323.37,178.75,178.75,7.94,16.35,14.58,7.1,2.3,0.0,27.91,1.36,0.0,0.0,0.39,0.42,0.0,2.44,6.33,None,Montmor
S00683,SYN-006,179.5,180.5,81.71,324.48,180.0,180.0,5.53,35.88,20.01,5.51,0.0,1.69,9.21,2.11,0.0,0.18,0.61,0.0,0.4,13.62,22.01,Goethite,Chlorite
S00684,SYN-006,180.5,182.0,82.12,325.59,181.25,181.25,100.0,3.04,4.27,0.0,13.9,11.09,9.96,2.95,8.85,1.02,0.0,0.0,7.22,3.97,6.1,None,WhiteMica
S00685,SYN-006,182.0,183.5,82.6,326.91,182.75,182.75,26.73,32.98,24.31,9.96,0.35,0.0,22.44,5.23,0.0,3.14,0.48,0.96,3.72,2.47,7.35,None,Chlorite
S00686,SYN-006,183.5,184.5,83.0,328.02,184.0,184.0,38.45,1.04,4.4,0.0,7.93,8.01,2.34,1.05,6.37,2.51,16.61,2.81,5.8,0.0,5.47,None,WhiteMica
S00687,SYN-006,184.5,185.5,83.32,328.91,185.0,185.0,5.45,25.87,28.62,9.2,2.73,4.41,18.16,5.12,0.0,17.53,7.48,2.34,0.83,0.09,1.8,None,Carbonate
S00688,SYN-006,185.5,187.0,83.72,330.01,186.25,186.25,8.33,16.89,23.75,9.95,1.47,26.92,0.0,0.66,0.55,0.0,0.0,2.05,0.22,4.66,0.37,None,Dickite
S00689,SYN-006,187.0,188.0,84.12,331.12,187.5,187.5,2.24,19.56,7.27,6.02,15.35,2.12,21.75,21.64,3.45,3.74,0.79,0.11,1.19,4.32,0.63,None,Montmor
S00690,SYN-006,188.0,189.0,84.44,332.01,188.5,188.5,3.26,22.79,20.73,7.82,0.0,0.0,28.47,0.0,2.29,0.0,12.03,2.26,0.0,3.06,18.3,Goethite,Montmor
S00691,SYN-006,189.0,190.5,84.85,333.11,189.75,189.75,2.2,15.41,23.44,9.5,1.12,2.66,30.72,2.81,0.0,2.28,1.58,4.74,32.43,5.68,1.9,None,Water_silica
S00692,SYN-006,190.5,192.0,85.33,334.44,191.25,191.25,5.85,19.09,22.7,13.56,30.74,2.86,17.71,3.9,4.83,1.57,28.26,16.98,1.06,28.88,0.41,Hematite,Kaolinite
S00693,SYN-006,192.0,193.5,85.81,335.77,192.75,192.75,20.85,36.11,7.47,9.1,0.34,0.0,24.72,1.37,0.7,3.42,1.01,2.16,3.61,4.89,4.48,None,Chlorite
S00694,SYN-006,193.5,195.0,86.29,337.1,194.25,194.25,4.13,25.1,14.52,4.39,0.0,0.0,22.42,1.2,1.37,1.03,0.0,0.0,4.94,0.9,4.27,None,Chlorite
S00695,SYN-006,195.0,197.0,86.85,338.65,196.0,196.0,3.01,5.91,48.82,8.96,1.13,0.81,11.84,6.48,1.5,0.0,3.86,1.67,0.0,6.33,0.69,None,Carbonate
S00696,SYN-006,197.0,198.5,87.41,340.2,197.75,197.75,10.0,40.91,19.19,7.41,0.0,15.99,10.74,2.9,0.0,0.0,0.0,5.07,22.46,0.72,1.6,None,Chlorite
S00697,SYN-006,198.5,199.5,87.82,341.31,199.0,199.0,3.33,33.25,51.6,0.8,1.23,3.38,17.61,0.0,2.61,5.34,0.0,1.11,5.18,0.0,0.0,None,Carbonate
S00698,SYN-006,199.5,200.5,88.14,342.19,200.0,200.0,2.53,10.57,26.29,1.36,0.29,0.0,44.74,1.11,0.0,0.0,0.0,0.46,0.0,0.0,3.21,None,Montmor
S00699,SYN-006,200.5,202.0,88.54,343.3,201.25,201.25,6.67,23.4,6.67,7.76,0.0,2.99,18.71,1.7,4.55,0.0,2.11,4.32,0.21,5.47,1.86,None,Chlorite
S00700,SYN-006,202.0,203.0,88.94,344.41,202.5,202.5,35.73,18.02,14.27,8.06,0.0,2.41,14.62,0.53,1.67,0.05,1.69,0.88,0.0,5.75,5.45,None,WhiteMica
S00701,SYN-006,203.0,204.5,89.34,345.51,203.75,203.75,99.09,4.34,39.04,0.99,14.53,4.84,4.36,2.59,11.55,0.0,2.13,0.6,6.02,0.0,2.95,None,WhiteMica
S00702,SYN-006,204.5,206.5,89.9,347.06,205.5,205.5,5.69,36.53,3.85,6.94,3.57,0.93,19.72,4.35,2.11,0.52,0.42,2.78,0.0,23.92,18.42,Hematite,Chlorite
S00703,SYN-006,206.5,207.5,90.38,348.39,207.0,207.0,54.72,4.25,2.24,0.0,9.46,7.66,1.53,5.1,7.98,1.98,0.0,3.3,6.08,0.0,3.02,None,WhiteMica
S00704,SYN-006,207.5,208.5,90.71,349.28,208.0,208.0,5.9,23.32,20.47,11.18,3.07,3.09,9.36,0.38,15.74,0.18,2.76,1.83,0.62,0.0,2.23,None,Chlorite
S00705,SYN-006,208.5,210.5,91.19,350.6,209.5,209.5,38.08,27.08,19.99,4.63,0.0,0.0,30.34,0.0,0.1,2.61,0.0,2.6,1.0,1.3,1.06,None,WhiteMica
S00706,SYN-006,210.5,212.0,91.75,352.15,211.25,211.25,8.37,25.62,40.11,3.01,23.56,1.05,3.26,0.0,4.38,16.18,0.55,3.4,3.86,1.28,2.58,None,Carbonate
S00707,SYN-006,212.0,213.0,92.15,353.26,212.5,212.5,7.15,9.35,23.39,5.03,0.0,0.0,17.34,2.89,0.0,0.0,1.11,4.5,0.05,0.0,0.0,None,Carbonate
S00708,SYN-006,213.0,215.0,92.63,354.59,214.0,214.0,35.97,45.71,18.39,5.8,0.43,0.93,16.35,0.0,0.0,3.01,1.6,3.97,0.0,19.96,3.3,Hematite,Chlorite
S00709,SYN-006,215.0,217.0,93.27,356.36,216.0,216.0,7.23,36.35,17.84,7.79,16.15,0.03,16.9,0.0,1.57,1.9,1.32,4.96,2.53,6.63,3.49,None,Chlorite
S00710,SYN-006,217.0,218.5,93.84,357.91,217.75,217.75,2.33,18.58,13.72,5.13,0.51,1.35,11.16,35.67,0.0,4.52,1.79,0.7,3.42,4.86,5.6,None,Alunite
S00711,SYN-006,218.5,220.0,94.32,359.24,219.25,219.25,15.07,30.42,16.94,0.29,2.82,1.22,5.76,0.0,0.0,1.99,2.28,0.0,9.8,2.33,3.34,None,Chlorite
S00712,SYN-006,220.0,221.5,94.8,360.57,220.75,220.75,9.86,73.21,17.99,0.0,0.2,1.55,19.95,0.0,1.85,0.88,6.03,15.4,0.0,2.41,0.45,None,Chlorite
S00713,SYN-006,221.5,222.5,95.2,361.68,222.0,222.0,9.52,55.5,1.85,8.44,0.35,1.65,16.34,0.0,3.04,0.69,2.95,8.51,6.75,13.01,0.0,None,Chlorite
S00714,SYN-006,222.5,224.0,95.6,362.78,223.25,223.25,7.18,47.62,17.42,3.94,15.52,2.63,21.11,0.0,1.11,1.56,0.0,1.09,5.08,1.69,0.17,None,Chlorite
S00715,SYN-006,224.0,225.5,96.08,364.11,224.75,224.75,0.79,64.76,16.73,0.78,1.35,0.0,4.64,0.0,0.0,2.12,3.26,0.0,0.0,2.03,3.74,None,Chlorite
S00716,SYN-006,225.5,227.0,96.57,365.44,226.25,226.25,2.74,26.41,58.13,10.25,0.0,2.47,31.9,0.61,0.36,1.19,0.79,7.99,0.34,0.0,5.99,None,Carbonate
S00717,SYN-006,227.0,229.0,97.13,366.99,228.0,228.0,4.17,20.66,15.05,13.56,1.8,0.0,17.35,0.0,0.0,0.1,0.0,1.84,1.06,1.36,3.18,None,Chlorite
S00718,SYN-006,229.0,230.0,97.61,368.32,229.5,229.5,5.54,15.53,10.49,7.66,3.68,0.0,0.0,31.5,0.96,2.77,0.0,0.0,0.0,0.0,0.89,None,Alunite
S00719,SYN-007,0.0,1.5,5.85,43.99,0.75,0.75,9.01,2.31,4.9,2.23,9.89,24.95,2.3,9.2,16.54,0.07,0.47,0.0,23.03,43.77,17.92,Hematite,Dickite
S00720,SYN-007,1.5,2.5,5.35,42.87,2.0,2.0,34.7,3.76,0.0,1.47,9.02,19.59,2.32,42.75,4.81,80.07,20.49,5.85,9.09,1.48,3.55,None,Pyrophyllite
S00721,SYN-007,2.5,4.5,4.75,41.52,3.5,3.5,4.04,3.57,6.63,0.18,11.46,0.0,2.9,33.56,20.03,0.0,0.0,0.0,0.0,35.85,38.44,Goethite,Alunite
S00722,SYN-007,4.5,6.0,4.04,39.95,5.25,5.25,7.27,0.09,3.13,0.0,9.2,1.97,1.56,6.96,23.97,0.0,0.0,0.0,32.49,35.74,12.39,Hematite,Water_silica
S00723,SYN-007,6.0,7.5,3.44,38.61,6.75,6.75,4.49,1.42,2.48,4.02,35.14,0.59,0.0,11.24,0.0,2.91,1.06,1.16,38.64,25.4,25.69,Goethite,Water_silica
S00724,SYN-007,7.5,9.0,2.84,37.26,8.25,8.25,4.77,0.47,3.93,0.76,12.75,1.83,3.5,10.09,5.65,0.57,0.0,25.51,20.3,32.54,39.08,Goethite,Zunyite
S00725,SYN-007,9.0,10.5,2.24,35.91,9.75,9.75,3.97,0.0,33.93,4.88,6.27,9.05,1.74,23.23,0.44,26.14,18.38,11.1,12.12,3.04,0.0,None,Carbonate
S00726,SYN-007,10.5,12.0,1.63,34.57,11.25,11.25,2.19,4.46,0.0,0.78,10.09,32.92,0.0,10.02,15.06,6.09,0.0,0.95,24.72,33.7,45.3,Goethite,Dickite
S00727,SYN-007,12.0,13.5,1.03,33.22,12.75,12.75,5.23,6.45,0.0,0.0,0.0,1.18,0.0,9.98,15.75,0.0,3.32,2.0,27.97,6.7,19.27,Goethite,Water_silica
S00728,SYN-007,13.5,15.0,0.43,31.87,14.25,14.25,4.3,0.0,0.0,0.0,8.96,11.94,6.29,17.06,2.06,64.86,26.75,12.62,9.45,0.58,3.05,None,Pyrophyllite
S00729,SYN-007,15.0,17.0,-0.27,30.3,16.0,16.0,7.47,0.0,0.01,0.18,9.02,4.69,0.0,2.19,22.79,28.38,0.0,12.14,27.06,53.37,11.98,Hematite,Pyrophyllite
S00730,SYN-007,17.0,19.0,-1.08,28.51,18.0,18.0,5.82,0.0,4.39,2.58,12.84,2.03,0.14,9.59,9.07,0.54,2.34,0.0,11.34,47.04,25.96,Hematite,Kaolinite
S00731,SYN-007,19.0,20.5,-1.78,26.93,19.75,19.75,27.65,2.62,0.0,0.0,8.74,2.19,0.46,7.11,24.85,0.47,21.01,0.0,17.01,70.03,26.0,Hematite,WhiteMica
S00732,SYN-007,20.5,22.0,-2.38,25.59,21.25,21.25,1.89,3.88,2.36,1.4,11.36,2.21,1.93,6.15,11.77,0.0,0.93,4.25,21.85,17.09,41.79,Goethite,Water_silica
S00733,SYN-007,22.0,23.0,-2.89,24.47,22.5,22.5,11.7,6.09,2.63,3.59,8.99,23.0,0.0,20.46,15.33,2.74,2.47,0.0,60.2,22.84,21.09,Hematite,Water_silica
S00734,SYN-007,23.0,25.0,-3.49,23.12,24.0,24.0,39.49,3.04,1.81,0.99,11.05,5.28,0.05,2.69,25.28,0.0,0.0,1.49,21.89,59.67,33.32,Hematite,WhiteMica
S00735,SYN-007,25.0,26.5,-4.19,21.55,25.75,25.75,3.78,4.69,0.0,3.84,16.3,2.09,0.0,7.67,14.59,0.0,3.05,4.91,0.94,31.62,15.38,Hematite,Kaolinite
S00736,SYN-007,26.5,28.0,-4.79,20.2,27.25,27.25,0.0,0.0,2.41,24.73,9.24,11.77,0.0,33.91,3.11,63.54,20.53,5.29,6.38,2.63,4.46,None,Pyrophyllite
S00737,SYN-007,28.0,29.0,-5.3,19.08,28.5,28.5,7.25,5.35,17.12,4.55,13.54,1.64,2.27,7.38,18.96,3.16,2.81,1.43,64.39,41.1,41.69,Goethite,Water_silica
S00738,SYN-007,29.0,31.0,-5.9,17.73,30.0,30.0,11.91,4.86,0.15,3.46,4.17,19.12,1.96,7.71,17.6,2.55,4.84,4.4,13.63,37.35,39.11,Goethite,Dickite
S00739,SYN-007,31.0,32.5,-6.6,16.16,31.75,31.75,33.72,3.4,5.46,0.0,2.54,3.55,0.0,4.35,11.88,0.53,4.13,19.03,24.84,70.93,34.98,Hematite,WhiteMica
S00740,SYN-007,32.5,34.0,-7.2,14.81,33.25,33.25,0.0,0.0,4.04,1.11,11.99,0.0,2.43,8.81,11.52,3.55,1.86,17.77,2.45,40.99,38.5,Hematite,Zunyite
S00741,SYN-007,34.0,35.0,-7.7,13.69,34.5,34.5,13.16,1.18,0.23,2.06,15.26,1.34,1.07,19.22,21.44,1.85,8.1,4.48,29.23,40.91,31.25,Hematite,Water_silica
S00742,SYN-007,35.0,37.0,-8.31,12.35,36.0,36.0,2.21,0.33,0.0,0.0,7.93,2.26,0.97,18.98,0.0,100.0,12.73,4.97,7.43,1.73,0.99,None,Pyrophyllite
S00743,SYN-007,37.0,38.0,-8.91,11.0,37.5,37.5,19.36,0.0,1.43,0.0,33.55,8.8,2.59,23.33,11.57,19.88,0.0,4.03,5.11,3.11,5.42,None,Kaolinite
S00744,SYN-007,38.0,39.0,-9.31,10.1,38.5,38.5,6.27,4.55,1.63,0.11,18.01,4.83,0.0,19.93,0.22,38.41,9.68,15.99,10.07,2.88,6.51,None,Pyrophyllite
S00745,SYN-007,39.0,41.0,-9.91,8.75,40.0,40.0,4.15,0.0,0.0,0.0,4.86,0.0,0.6,24.71,22.74,25.27,11.77,41.4,11.97,14.19,4.4,None,Zunyite
S00746,SYN-007,41.0,43.0,-10.72,6.96,42.0,42.0,4.92,0.0,2.88,0.0,8.03,12.02,2.71,40.99,1.06,35.94,11.41,10.6,6.56,0.0,3.93,None,Alunite
S00747,SYN-007,43.0,44.0,-11.32,5.61,43.5,43.5,4.33,0.0,0.22,0.0,8.41,18.75,3.65,10.63,0.0,39.35,23.5,3.13,11.99,0.0,0.0,None,Pyrophyllite
S00748,SYN-007,44.0,45.5,-11.82,4.49,44.75,44.75,1.01,16.8,5.61,0.03,2.53,6.79,3.18,9.02,24.47,21.2,3.41,0.0,26.0,72.78,47.2,Hematite,Water_silica
S00749,SYN-007,45.5,47.0,-12.42,3.14,46.25,46.25,9.48,4.7,0.0,2.17,6.43,14.8,0.0,21.14,1.47,65.15,17.33,4.33,7.74,18.18,3.75,Hematite,Pyrophyllite
S00750,SYN-007,47.0,49.0,-13.13,1.57,48.0,48.0,2.92,0.0,4.02,1.04,5.16,10.2,2.87,66.54,1.01,23.8,21.2,8.76,5.62,29.99,5.41,Hematite,Alunite
S00751,SYN-007,49.0,50.5,-13.83,0.0,49.75,49.75,8.01,0.38,0.4,0.45,6.52,9.57,0.0,60.13,0.5,63.55,6.84,6.63,5.71,19.0,2.69,Hematite,Pyrophyllite
S00752,SYN-007,50.5,52.0,-14.43,-1.35,51.25,51.25,4.33,0.0,1.48,3.1,5.25,8.41,0.0,49.42,1.58,55.85,15.44,4.38,6.98,0.81,5.04,None,Pyrophyllite
S00753,SYN-007,52.0,53.5,-15.03,-2.69,52.75,52.75,8.24,0.54,0.7,22.84,5.26,14.77,1.38,32.63,0.0,77.63,21.91,9.0,7.96,1.26,3.35,None,Pyrophyllite
S00754,SYN-007,53.5,55.0,-15.64,-4.04,54.25,54.25,0.94,15.16,2.47,0.53,11.29,10.97,0.65,42.83,0.0,70.33,26.42,1.85,12.14,0.0,3.11,None,Pyrophyllite
S00755,SYN-007,55.0,57.0,-16.34,-5.61,56.0,56.0,4.46,1.83,3.81,8.83,4.72,26.78,4.93,26.46,22.83,75.5,5.97,9.09,14.8,0.0,4.21,None,Pyrophyllite
S00756,SYN-007,57.0,58.5,-17.04,-7.18,57.75,57.75,3.02,23.73,3.29,3.74,7.37,5.04,6.52,0.0,0.0,67.16,30.7,4.76,7.24,3.03,2.53,None,Pyrophyllite
S00757,SYN-007,58.5,59.5,-17.54,-8.3,59.0,59.0,4.35,0.0,0.03,31.9,6.41,12.7,0.0,23.79,0.0,83.9,63.25,10.55,3.03,0.92,1.09,None,Pyrophyllite
S00758,SYN-007,59.5,61.5,-18.15,-9.65,60.5,60.5,7.06,0.38,20.12,13.84,2.69,9.33,0.0,25.17,2.55,18.11,26.24,8.36,5.88,1.16,2.36,None,Diaspore
S00759,SYN-007,61.5,63.5,-18.95,-11.44,62.5,62.5,53.08,3.26,4.41,0.01,30.94,7.59,5.98,3.89,4.26,17.0,0.0,2.78,1.04,3.66,2.12,None,WhiteMica
S00760,SYN-007,63.5,65.5,-19.75,-13.24,64.5,64.5,43.73,0.0,0.0,0.59,10.59,6.55,0.79,6.96,6.98,32.77,0.9,0.0,3.74,3.1,3.95,None,WhiteMica
S00761,SYN-007,65.5,66.5,-20.36,-14.59,66.0,66.0,4.95,1.57,0.0,1.82,2.6,11.79,0.0,32.41,0.71,18.97,28.25,9.9,6.92,1.42,0.76,None,Alunite
S00762,SYN-007,66.5,67.5,-20.76,-15.48,67.0,67.0,7.05,0.0,23.67,0.0,5.78,14.5,0.0,38.95,1.23,54.49,14.94,12.82,9.01,4.97,5.9,None,Pyrophyllite
S00763,SYN-007,67.5,69.0,-21.26,-16.61,68.25,68.25,73.07,1.34,0.1,4.82,5.11,0.0,3.05,4.14,2.56,8.99,0.0,0.0,8.09,0.66,3.81,None,WhiteMica
S00764,SYN-007,69.0,70.0,-21.76,-17.73,69.5,69.5,2.32,2.84,21.38,0.37,0.73,2.64,1.72,55.77,0.19,57.09,11.54,5.6,1.54,0.0,5.99,None,Pyrophyllite
S00765,SYN-007,70.0,72.0,-22.36,-19.08,71.0,71.0,60.38,2.84,5.48,0.0,11.9,3.39,7.63,3.82,5.25,0.03,1.66,0.0,7.15,0.0,30.64,Goethite,WhiteMica
S00766,SYN-007,72.0,73.5,-23.07,-20.65,72.75,72.75,1.94,3.41,3.82,0.0,10.94,8.67,0.55,32.46,6.03,29.66,18.69,4.48,11.81,5.0,0.0,None,Alunite
S00767,SYN-007,73.5,75.0,-23.67,-21.99,74.25,74.25,31.33,0.0,0.0,3.24,6.65,18.56,5.56,6.76,9.87,5.71,5.23,34.2,4.96,0.42,20.46,Goethite,Zunyite
S00768,SYN-007,75.0,77.0,-24.37,-23.56,76.0,76.0,4.04,0.0,0.0,8.69,16.7,8.02,0.0,17.55,1.61,68.87,20.44,12.33,4.77,2.03,1.38,None,Pyrophyllite
S00769,SYN-007,77.0,78.5,-25.08,-25.14,77.75,77.75,3.9,3.01,32.0,0.0,4.8,18.47,5.67,29.18,0.0,22.72,12.94,14.09,9.11,6.68,0.35,None,Carbonate
S00770,SYN-007,78.5,80.0,-25.68,-26.48,79.25,79.25,3.54,0.93,1.06,27.76,9.3,4.97,2.86,41.28,0.0,48.37,56.87,12.61,7.57,0.02,0.0,None,Diaspore
S00771,SYN-007,80.0,81.5,-26.28,-27.83,80.75,80.75,1.6,4.07,0.12,0.0,5.62,6.73,5.6,30.38,5.48,54.56,60.9,0.0,5.6,37.28,29.81,Hematite,Diaspore
S00772,SYN-007,81.5,83.0,-26.88,-29.18,82.25,82.25,7.0,6.29,3.94,2.53,7.76,17.52,0.0,48.66,0.0,69.16,25.25,10.17,12.84,2.27,27.48,Goethite,Pyrophyllite
S00773,SYN-007,83.0,84.5,-27.49,-30.52,83.75,83.75,28.37,0.0,0.0,14.32,4.45,26.31,4.38,39.55,0.0,42.52,18.38,4.64,6.39,2.12,2.44,None,Pyrophyllite
S00774,SYN-007,84.5,86.0,-28.09,-31.87,85.25,85.25,96.39,3.17,1.11,4.38,9.09,3.33,6.92,1.21,5.89,1.94,0.0,0.0,4.39,4.29,6.51,None,WhiteMica
S00775,SYN-007,86.0,88.0,-28.79,-33.44,87.0,87.0,7.57,3.12,6.91,3.5,6.12,11.7,0.83,15.54,0.0,99.41,0.0,11.23,4.57,2.95,2.93,None,Pyrophyllite
S00776,SYN-007,88.0,89.5,-29.49,-35.01,88.75,88.75,4.03,4.46,0.76,0.0,8.61,11.39,0.22,19.35,31.92,96.58,5.56,7.09,9.92,2.47,2.18,None,Pyrophyllite
S00777,SYN-007,89.5,90.5,-30.0,-36.13,90.0,90.0,5.62,0.0,35.34,0.9,3.67,1.33,1.26,37.99,2.09,93.07,17.24,6.79,11.17,39.44,2.26,Hematite,Pyrophyllite
S00778,SYN-007,90.5,92.0,-30.5,-37.26,91.25,91.25,5.39,0.0,25.35,0.0,7.42,18.77,0.0,20.69,1.37,99.74,23.2,6.59,7.3,0.0,4.87,None,Pyrophyllite
S00779,SYN-007,92.0,93.5,-31.1,-38.6,92.75,92.75,1.94,0.0,1.64,0.0,0.0,8.16,0.84,26.92,0.29,81.39,6.48,5.84,8.67,0.0,0.0,None,Pyrophyllite
S00780,SYN-007,93.5,94.5,-31.6,-39.72,94.0,94.0,86.45,26.41,2.78,0.0,8.48,7.39,28.4,6.57,5.37,0.23,6.5,1.16,3.15,1.84,0.0,None,WhiteMica
S00781,SYN-007,94.5,95.5,-32.0,-40.62,95.0,95.0,4.92,0.87,4.17,0.48,9.42,17.85,3.57,32.23,0.0,93.05,50.29,3.4,11.47,3.31,3.53,None,Pyrophyllite
S00782,SYN-007,95.5,97.0,-32.51,-41.74,96.25,96.25,8.82,0.31,0.0,0.0,4.5,13.37,0.0,51.75,5.84,36.46,23.76,6.62,7.25,1.9,3.53,None,Alunite
S00783,SYN-007,97.0,98.5,-33.11,-43.09,97.75,97.75,99.4,0.0,1.41,1.85,12.12,8.39,5.17,0.57,5.94,1.18,0.0,0.0,2.84,0.35,4.48,None,WhiteMica
S00784,SYN-007,98.5,100.5,-33.81,-44.66,99.5,99.5,2.62,0.11,17.93,8.97,3.84,6.13,19.53,3.65,0.0,2.28,0.43,0.0,0.0,5.16,2.94,None,Montmor
S00785,SYN-007,100.5,101.5,-34.41,-46.01,101.0,101.0,4.63,26.41,0.09,0.0,5.77,8.96,4.94,18.07,1.86,41.04,17.47,8.47,7.12,4.03,7.4,None,Pyrophyllite
S00786,SYN-007,101.5,102.5,-34.82,-46.91,102.0,102.0,6.25,3.29,2.19,3.63,5.74,19.19,2.18,36.74,2.62,100.0,12.97,13.38,10.84,0.5,5.06,None,Pyrophyllite
S00787,SYN-007,102.5,104.5,-35.42,-48.25,103.5,103.5,29.55,0.0,3.9,6.64,3.37,12.55,0.92,18.79,32.69,10.92,5.99,39.15,23.75,6.1,0.0,None,Zunyite
S00788,SYN-007,104.5,106.5,-36.22,-50.05,105.5,105.5,4.77,0.0,3.12,2.05,3.16,8.97,3.54,55.77,0.46,87.76,24.26,6.96,5.22,0.96,0.0,None,Pyrophyllite
S00789,SYN-007,106.5,108.0,-36.92,-51.62,107.25,107.25,4.47,13.13,2.89,20.35,7.41,8.24,2.11,26.22,4.13,40.0,12.7,6.69,7.99,1.32,0.0,None,Pyrophyllite
S00790,SYN-007,108.0,109.0,-37.43,-52.74,108.5,108.5,35.01,2.58,3.85,1.36,7.53,14.64,0.0,40.75,0.0,41.78,31.34,0.0,4.54,0.0,3.2,None,Pyrophyllite
S00791,SYN-007,109.0,110.0,-37.83,-53.64,109.5,109.5,5.96,13.56,12.7,1.41,10.98,0.0,15.71,0.0,0.41,0.0,0.0,2.92,13.32,2.66,3.48,None,Montmor
S00792,SYN-007,110.0,111.5,-38.33,-54.76,110.75,110.75,64.18,2.97,21.85,2.64,9.42,5.7,9.72,2.33,6.39,3.46,0.64,0.0,7.37,6.81,7.27,None,WhiteMica
S00793,SYN-007,111.5,113.0,-38.93,-56.11,112.25,112.25,3.61,15.42,9.91,25.57,21.19,0.0,13.7,4.88,6.65,1.82,3.54,3.25,2.29,6.72,1.15,None,Epidote
S00794,SYN-007,113.0,114.5,-39.53,-57.45,113.75,113.75,3.85,17.51,48.71,6.29,5.03,2.19,19.72,2.36,0.0,0.0,1.67,0.0,2.33,1.11,0.76,None,Carbonate
S00795,SYN-007,114.5,115.5,-40.04,-58.58,115.0,115.0,13.02,20.94,14.45,6.32,25.66,1.92,14.3,25.32,0.0,0.0,4.44,2.54,0.0,0.65,3.63,None,Kaolinite
S00796,SYN-007,115.5,117.0,-40.54,-59.7,116.25,116.25,14.33,35.57,6.42,6.4,16.87,5.46,12.04,0.0,0.0,3.44,1.48,32.48,34.0,2.05,0.42,None,Chlorite
S00797,SYN-007,117.0,119.0,-41.24,-61.27,118.0,118.0,5.91,0.0,2.39,0.31,3.61,7.59,0.0,42.56,3.11,74.2,19.43,6.59,7.77,5.57,2.36,None,Pyrophyllite
S00798,SYN-007,119.0,120.5,-41.94,-62.84,119.75,119.75,20.91,31.46,16.14,6.9,20.6,3.54,12.44,0.95,4.95,0.6,27.14,3.89,2.65,2.51,5.31,None,Chlorite
S00799,SYN-007,120.5,122.0,-42.55,-64.19,121.25,121.25,15.79,31.61,11.44,3.2,14.36,0.0,21.88,11.75,27.77,0.0,0.79,3.32,0.0,4.0,4.94,None,Chlorite
S00800,SYN-007,122.0,123.0,-43.05,-65.31,122.5,122.5,22.07,23.69,10.76,10.07,15.65,0.0,15.28,1.51,2.52,0.0,4.68,1.35,5.25,3.74,5.66,None,Chlorite
S00801,SYN-007,123.0,124.5,-43.55,-66.43,123.75,123.75,16.32,10.58,13.82,5.47,7.16,3.07,13.78,0.0,2.02,0.0,3.48,0.74,0.51,4.83,0.0,None,WhiteMica
S00802,SYN-007,124.5,126.0,-44.15,-67.78,125.25,125.25,5.33,43.73,16.54,9.0,0.0,0.0,14.18,2.03,0.0,1.25,1.66,1.72,0.84,4.15,4.39,None,Chlorite
S00803,SYN-007,126.0,128.0,-44.86,-69.35,127.0,127.0,16.1,14.38,5.31,6.8,4.86,24.29,11.26,0.0,0.06,0.0,0.0,4.08,0.0,29.62,3.02,Hematite,Dickite
S00804,SYN-007,128.0,130.0,-45.66,-71.15,129.0,129.0,11.84,22.6,3.79,4.23,5.81,0.39,24.02,23.64,0.39,3.34,2.86,22.25,0.0,29.67,8.92,Hematite,Montmor
S00805,SYN-007,130.0,132.0,-46.46,-72.94,131.0,131.0,26.24,10.11,10.11,6.84,7.28,0.0,20.81,2.45,0.0,1.12,3.89,1.84,0.0,30.08,4.8,Hematite,WhiteMica
S00806,SYN-007,132.0,134.0,-47.27,-74.74,133.0,133.0,4.97,25.01,7.27,11.61,13.22,0.0,8.23,0.0,0.21,4.21,1.22,2.04,0.0,4.34,3.02,None,Chlorite
S00807,SYN-007,134.0,136.0,-48.07,-76.53,135.0,135.0,18.17,29.97,19.33,3.33,5.41,4.35,18.22,4.65,1.91,0.0,3.05,2.22,0.0,3.3,5.57,None,Chlorite
S00808,SYN-007,136.0,138.0,-48.87,-78.33,137.0,137.0,14.69,27.4,6.56,2.99,13.35,1.62,18.45,4.3,0.71,4.43,26.43,4.12,0.0,3.4,4.46,None,Chlorite
S00809,SYN-007,138.0,139.0,-49.47,-79.67,138.5,138.5,21.63,27.0,10.18,3.67,10.3,0.0,15.36,0.0,3.22,0.83,1.06,0.0,0.41,30.92,4.9,Hematite,Chlorite
S00810,SYN-007,139.0,140.0,-49.88,-80.57,139.5,139.5,15.85,3.52,10.86,5.1,8.96,0.0,12.8,7.37,1.86,0.63,26.13,0.91,26.95,0.0,4.28,None,Water_silica
S00811,SYN-007,140.0,141.5,-50.38,-81.69,140.75,140.75,16.06,35.2,15.54,33.91,16.78,5.49,4.66,1.8,1.67,0.61,0.12,0.0,0.0,3.4,2.06,None,Chlorite
S00812,SYN-007,141.5,143.0,-50.98,-83.04,142.25,142.25,43.63,6.48,5.52,3.19,6.82,0.0,18.18,0.93,0.0,6.85,2.65,28.56,0.38,0.0,2.04,None,WhiteMica
S00813,SYN-007,143.0,144.0,-51.48,-84.16,143.5,143.5,26.03,20.49,2.75,5.87,19.75,33.45,3.95,2.69,0.0,0.01,0.0,0.0,2.62,0.0,36.36,Goethite,Dickite
S00814,SYN-007,144.0,146.0,-52.09,-85.51,145.0,145.0,16.02,28.12,16.27,10.22,16.49,3.38,15.05,2.25,0.0,6.38,2.99,1.56,5.71,4.82,1.45,None,Chlorite
S00815,SYN-007,146.0,147.5,-52.79,-87.08,146.75,146.75,30.18,25.55,10.36,5.6,6.65,4.81,14.33,1.49,3.92,3.36,5.16,0.0,1.67,1.03,3.45,None,WhiteMica
S00816,SYN-007,147.5,149.0,-53.39,-88.43,148.25,148.25,10.77,23.55,28.52,0.0,0.0,0.08,8.82,6.54,0.0,2.87,3.04,3.25,0.0,0.0,4.28,None,Carbonate
S00817,SYN-007,149.0,150.0,-53.89,-89.55,149.5,149.5,17.96,9.35,13.64,5.74,18.49,0.0,18.84,0.0,13.1,0.0,0.0,0.0,2.34,0.45,1.59,None,Montmor
S00818,SYN-007,150.0,151.5,-54.39,-90.67,150.75,150.75,16.16,11.13,13.86,6.93,6.02,0.0,8.36,0.11,1.67,0.0,4.67,13.83,3.31,3.86,4.14,None,WhiteMica
S00819,SYN-007,151.5,152.5,-54.9,-91.79,152.0,152.0,14.95,24.84,14.64,7.75,18.98,0.0,34.71,2.09,1.68,1.68,1.29,1.4,2.42,0.82,3.1,None,Montmor
S00820,SYN-007,152.5,154.5,-55.5,-93.14,153.5,153.5,20.06,27.06,37.69,9.71,13.8,3.03,17.37,3.29,0.0,1.46,0.0,2.92,0.0,4.78,26.36,Goethite,Carbonate
S00821,SYN-007,154.5,156.0,-56.2,-94.71,155.25,155.25,7.08,39.03,6.79,11.2,3.7,0.0,27.98,0.0,0.0,1.01,0.0,3.06,7.0,4.28,4.96,None,Chlorite
S00822,SYN-007,156.0,157.5,-56.8,-96.06,156.75,156.75,6.59,41.56,14.88,12.46,0.48,0.06,25.53,20.66,3.9,1.23,0.12,3.62,0.0,4.51,0.0,None,Chlorite
S00823,SYN-007,157.5,159.0,-57.41,-97.4,158.25,158.25,11.76,11.04,7.08,6.65,3.47,34.01,12.92,37.99,1.11,0.2,0.86,0.0,0.0,3.63,0.0,None,Alunite
S00824,SYN-007,159.0,160.5,-58.01,-98.75,159.75,159.75,17.05,25.89,1.02,5.99,5.0,3.11,30.26,0.06,1.63,0.0,1.47,1.55,2.96,0.0,3.14,None,Montmor
S00825,SYN-007,160.5,162.0,-58.61,-100.1,161.25,161.25,16.06,7.0,5.52,3.32,9.81,0.0,13.96,1.4,0.0,5.07,0.4,2.21,0.0,1.35,0.22,None,WhiteMica
S00826,SYN-007,162.0,164.0,-59.31,-101.67,163.0,163.0,18.34,28.18,10.28,8.0,16.69,4.17,25.39,0.0,0.0,1.58,4.24,0.0,0.0,3.1,6.25,None,Chlorite
S00827,SYN-007,164.0,166.0,-60.12,-103.46,165.0,165.0,18.52,13.25,39.94,3.72,11.08,0.03,17.46,3.93,0.86,2.38,16.29,2.15,0.52,0.0,2.19,None,Carbonate
S00828,SYN-007,166.0,167.0,-60.72,-104.81,166.5,166.5,39.37,22.8,38.89,3.64,10.94,0.0,40.28,0.42,0.94,1.49,2.19,0.0,2.58,3.28,0.0,None,Montmor
S00829,SYN-007,167.0,169.0,-61.32,-106.16,168.0,168.0,3.25,14.38,11.83,45.96,0.0,1.72,20.77,1.59,2.99,2.78,0.0,0.0,0.0,4.67,2.63,None,Epidote
S00830,SYN-007,169.0,170.0,-61.93,-107.5,169.5,169.5,16.68,21.13,10.23,6.52,12.22,0.37,16.96,0.0,0.0,1.31,6.69,0.0,2.47,0.0,7.48,None,Chlorite
S00831,SYN-007,170.0,172.0,-62.53,-108.85,171.0,171.0,1.57,16.27,14.44,39.28,32.51,1.81,18.62,0.0,0.0,3.2,0.0,0.0,3.41,0.0,0.82,None,Epidote
S00832,SYN-007,172.0,173.0,-63.13,-110.2,172.5,172.5,27.3,33.49,16.04,10.16,1.23,0.0,20.19,1.35,1.21,6.59,0.97,3.85,1.32,2.24,1.48,None,Chlorite
S00833,SYN-007,173.0,174.5,-63.63,-111.32,173.75,173.75,2.68,49.98,21.27,3.91,0.1,0.0,22.09,1.13,2.83,2.83,0.0,1.34,21.54,8.1,4.41,None,Chlorite
S00834,SYN-007,174.5,176.5,-64.33,-112.89,175.5,175.5,19.04,24.4,9.75,7.96,16.45,0.0,3.13,0.0,23.33,2.63,0.18,0.0,0.0,1.87,6.54,None,Chlorite
S00835,SYN-008,0.0,1.0,-18.58,85.41,0.5,0.5,5.44,0.95,2.06,0.0,9.06,5.34,9.94,8.56,7.64,2.7,4.38,0.13,28.84,25.69,37.82,Goethite,Water_silica
S00836,SYN-008,1.0,2.5,-19.65,85.62,1.75,1.75,2.94,12.63,0.0,0.0,20.68,0.93,2.68,7.12,42.83,2.22,12.92,2.91,28.35,32.34,19.53,Hematite,Gypsum
S00837,SYN-008,2.5,4.0,-20.94,85.87,3.25,3.25,0.62,2.6,0.0,3.42,7.46,8.3,4.95,26.89,0.58,61.94,20.99,8.48,11.49,0.0,0.53,None,Pyrophyllite
S00838,SYN-008,4.0,5.0,-22.02,86.08,4.5,4.5,4.0,5.12,1.0,7.56,8.79,3.02,3.36,7.74,0.0,4.53,0.28,0.0,19.4,21.18,38.63,Goethite,Water_silica
S00839,SYN-008,5.0,6.5,-23.1,86.29,5.75,5.75,6.77,0.0,5.29,0.52,21.37,0.38,1.37,13.7,23.94,0.51,1.38,3.55,24.7,54.23,38.15,Hematite,Water_silica
S00840,SYN-008,6.5,8.5,-24.6,86.58,7.5,7.5,0.41,3.2,0.0,3.87,6.29,13.1,6.44,10.08,12.82,0.59,0.0,2.25,37.84,55.03,56.85,Goethite,Water_silica
S00841,SYN-008,8.5,10.5,-26.32,86.91,9.5,9.5,5.76,1.99,1.03,0.0,7.09,0.05,2.43,8.62,14.05,1.69,1.29,5.34,43.5,26.0,22.58,Hematite,Water_silica
S00842,SYN-008,10.5,12.0,-27.83,87.21,11.25,11.25,9.1,0.0,0.0,5.45,6.84,0.01,5.61,9.53,14.52,1.25,1.1,4.07,32.63,37.11,49.14,Goethite,Water_silica
S00843,SYN-008,12.0,13.5,-29.12,87.46,12.75,12.75,3.72,0.0,0.0,0.25,4.24,0.0,7.5,8.14,22.38,5.84,3.94,11.39,21.79,44.98,25.84,Hematite,Gypsum
S00844,SYN-008,13.5,14.5,-30.2,87.66,14.0,14.0,2.25,0.0,0.0,1.33,2.39,5.41,0.0,9.99,15.1,2.51,4.12,16.45,6.72,15.79,33.78,Goethite,Zunyite
S00845,SYN-008,14.5,15.5,-31.06,87.83,15.0,15.0,5.62,2.41,0.0,0.0,9.0,0.0,4.08,28.22,13.86,9.88,1.5,0.0,19.18,75.12,62.99,Hematite,Alunite
S00846,SYN-008,15.5,16.5,-31.92,88.0,16.0,16.0,5.09,1.04,0.0,3.99,10.65,4.05,2.49,31.84,8.0,0.0,0.27,0.57,23.63,21.75,21.53,Hematite,Alunite
S00847,SYN-008,16.5,18.5,-33.21,88.25,17.5,17.5,4.39,0.0,5.55,4.53,6.77,0.12,1.81,8.68,9.5,5.13,5.68,0.0,26.98,10.0,37.05,Goethite,Water_silica
S00848,SYN-008,18.5,20.5,-34.93,88.58,19.5,19.5,2.79,0.0,1.11,0.0,7.86,0.0,0.0,18.17,18.05,0.26,0.0,0.43,35.32,43.1,8.95,Hematite,Water_silica
S00849,SYN-008,20.5,22.5,-36.65,88.92,21.5,21.5,7.4,2.28,3.16,4.14,16.51,2.17,0.0,15.98,15.4,2.03,0.0,0.0,23.03,53.42,23.33,Hematite,Water_silica
S00850,SYN-008,22.5,24.0,-38.16,89.21,23.25,23.25,7.61,0.77,3.93,23.83,14.37,0.0,0.0,6.19,24.63,1.15,2.4,0.0,40.46,58.97,35.5,Hematite,Water_silica
S00851,SYN-008,24.0,25.5,-39.45,89.46,24.75,24.75,3.12,0.0,0.0,35.67,8.84,2.86,6.76,8.86,8.87,3.22,1.03,34.16,16.23,50.7,20.21,Hematite,Epidote
S00852,SYN-008,25.5,27.0,-40.74,89.71,26.25,26.25,3.5,0.0,0.0,0.48,11.93,0.86,2.42,9.32,6.73,0.0,0.43,0.0,28.56,29.1,28.48,Hematite,Water_silica
S00853,SYN-008,27.0,28.5,-42.03,89.96,27.75,27.75,6.37,0.6,3.11,4.54,2.64,12.43,0.0,11.36,15.89,1.5,0.0,0.0,12.35,76.92,30.85,Hematite,Gypsum
S00854,SYN-008,28.5,30.0,-43.32,90.21,29.25,29.25,3.39,2.37,0.0,1.82,11.21,0.0,0.0,8.47,13.46,0.0,0.0,0.0,46.06,43.19,30.02,Hematite,Water_silica
S00855,SYN-008,30.0,31.0,-44.4,90.42,30.5,30.5,4.62,18.55,4.81,1.92,7.51,7.31,0.0,18.07,2.24,44.62,24.74,5.8,3.62,3.39,16.51,Goethite,Pyrophyllite
S00856,SYN-008,31.0,32.0,-45.26,90.58,31.5,31.5,6.48,10.58,2.95,3.53,9.72,6.13,0.0,12.34,6.45,8.15,4.89,35.92,14.09,44.57,0.21,Hematite,Zunyite
S00857,SYN-008,32.0,34.0,-46.55,90.83,33.0,33.0,9.96,0.0,5.39,4.29,8.32,30.54,4.18,1.67,10.73,0.0,4.47,0.0,15.45,60.28,56.26,Hematite,Dickite
S00858,SYN-008,34.0,35.5,-48.06,91.12,34.75,34.75,3.54,1.08,0.0,0.0,4.98,6.6,0.71,53.39,5.36,32.46,15.05,6.1,27.96,24.67,0.0,Hematite,Alunite
S00859,SYN-008,35.5,37.5,-49.56,91.42,36.5,36.5,3.02,16.24,1.98,3.94,2.51,24.35,0.0,11.51,0.01,17.84,21.81,0.0,10.15,16.05,2.97,Hematite,Dickite
S00860,SYN-008,37.5,38.5,-50.86,91.67,38.0,38.0,7.24,3.39,1.65,3.62,5.9,17.98,2.42,46.01,26.83,1.46,46.8,2.99,7.79,7.47,3.63,None,Diaspore
S00861,SYN-008,38.5,40.0,-51.93,91.87,39.25,39.25,5.84,1.05,0.0,0.47,10.15,1.01,1.31,5.8,18.44,2.6,3.18,0.43,16.14,47.47,14.03,Hematite,Gypsum
S00862,SYN-008,40.0,41.0,-53.01,92.08,40.5,40.5,17.27,3.81,0.31,1.13,9.42,3.38,25.45,30.09,5.68,8.31,0.0,1.9,19.84,80.4,17.86,Hematite,Alunite
S00863,SYN-008,41.0,42.5,-54.08,92.29,41.75,41.75,2.17,5.51,1.32,4.94,6.99,14.53,0.96,40.74,0.0,91.21,11.52,4.04,13.02,0.0,5.29,None,Pyrophyllite
S00864,SYN-008,42.5,43.5,-55.16,92.5,43.0,43.0,57.07,0.0,5.01,2.23,3.01,1.24,3.35,0.0,6.39,0.28,22.18,1.23,4.21,3.89,4.08,None,WhiteMica
S00865,SYN-008,43.5,44.5,-56.02,92.67,44.0,44.0,0.51,0.0,0.0,0.0,18.44,11.06,28.31,29.11,1.23,79.25,10.62,5.4,8.21,16.29,3.28,Hematite,Pyrophyllite
S00866,SYN-008,44.5,46.5,-57.31,92.92,45.5,45.5,5.99,1.3,0.0,12.79,20.91,7.54,17.94,21.82,5.32,33.0,14.04,0.0,9.41,3.05,3.66,None,Pyrophyllite
S00867,SYN-008,46.5,48.0,-58.82,93.21,47.25,47.25,88.54,0.0,2.4,1.41,15.53,32.91,3.78,3.63,9.6,0.0,1.08,2.22,5.74,0.32,4.51,None,WhiteMica
S00868,SYN-008,48.0,49.5,-60.11,93.46,48.75,48.75,0.45,3.93,0.0,0.0,7.26,7.52,19.69,24.82,0.23,73.6,34.67,29.03,12.99,0.0,0.06,None,Pyrophyllite
S00869,SYN-008,49.5,51.0,-61.4,93.71,50.25,50.25,0.0,1.49,3.27,31.02,9.42,8.35,1.91,20.54,5.07,53.61,10.68,7.68,9.87,6.14,3.65,None,Pyrophyllite
S00870,SYN-008,51.0,52.5,-62.69,93.96,51.75,51.75,6.27,0.0,0.0,27.87,3.92,18.05,0.0,63.41,0.0,36.2,22.97,9.48,7.95,6.5,0.0,None,Alunite
S00871,SYN-008,52.5,54.0,-63.98,94.21,53.25,53.25,4.4,2.31,0.0,0.0,5.2,11.31,0.0,46.66,0.0,84.44,16.16,6.45,6.46,6.88,5.87,None,Pyrophyllite
S00872,SYN-008,54.0,55.0,-65.06,94.42,54.5,54.5,5.18,0.0,2.25,17.28,13.41,13.36,1.6,47.81,3.79,73.35,8.8,10.97,7.46,0.17,7.52,None,Pyrophyllite
S00873,SYN-008,55.0,57.0,-66.35,94.67,56.0,56.0,2.89,0.0,0.0,1.62,6.79,10.9,4.22,27.5,3.56,59.53,24.41,14.42,9.25,1.63,33.9,Goethite,Pyrophyllite
S00874,SYN-008,57.0,59.0,-68.07,95.0,58.0,58.0,0.54,0.0,10.95,25.12,33.82,6.01,3.3,40.59,0.0,41.28,13.92,2.93,5.23,5.06,3.8,None,Pyrophyllite
S00875,SYN-008,59.0,60.5,-69.58,95.29,59.75,59.75,1.04,4.18,1.4,4.69,4.71,10.46,22.93,17.95,0.0,76.62,14.39,3.51,12.75,1.62,5.04,None,Pyrophyllite
S00876,SYN-008,60.5,62.0,-70.87,95.54,61.25,61.25,53.47,3.8,4.68,0.0,11.01,21.99,6.45,6.31,4.05,3.3,0.0,0.0,11.02,0.3,6.91,None,WhiteMica
S00877,SYN-008,62.0,63.0,-71.94,95.75,62.5,62.5,78.74,1.47,0.0,30.12,6.02,9.39,2.75,0.66,5.44,1.77,1.83,0.16,20.57,3.05,2.69,None,WhiteMica
S00878,SYN-008,63.0,65.0,-73.24,96.0,64.0,64.0,3.32,0.0,1.91,21.54,17.72,5.16,3.7,23.95,0.85,69.37,26.77,9.21,16.3,0.0,1.26,None,Pyrophyllite
S00879,SYN-008,65.0,66.5,-74.74,96.29,65.75,65.75,0.82,2.03,0.0,1.53,7.03,15.38,0.41,27.71,0.0,61.39,15.88,10.11,8.05,0.0,4.19,None,Pyrophyllite
S00880,SYN-008,66.5,67.5,-75.82,96.5,67.0,67.0,36.35,0.22,0.0,2.84,24.22,7.79,12.77,0.0,7.82,27.68,0.22,0.0,0.0,7.88,6.32,None,WhiteMica
S00881,SYN-008,67.5,69.0,-76.89,96.71,68.25,68.25,53.41,0.0,0.81,0.26,3.91,0.38,6.79,2.29,6.26,0.0,27.55,2.11,3.12,1.26,3.21,None,WhiteMica
S00882,SYN-008,69.0,71.0,-78.4,97.0,70.0,70.0,4.77,2.65,28.09,0.0,6.83,6.63,0.0,19.31,4.12,85.06,19.81,3.61,1.85,4.05,6.39,None,Pyrophyllite
S00883,SYN-008,71.0,72.5,-79.91,97.29,71.75,71.75,19.87,3.34,7.21,1.27,11.42,6.22,0.51,2.45,3.56,0.0,0.54,0.92,7.19,1.32,5.54,None,WhiteMica
S00884,SYN-008,72.5,74.5,-81.41,97.58,73.5,73.5,2.84,1.6,2.2,2.5,4.28,41.44,4.8,47.79,1.23,30.22,17.78,14.07,10.81,2.6,4.86,None,Alunite
S00885,SYN-008,74.5,76.5,-83.13,97.92,75.5,75.5,61.33,13.05,6.06,1.64,4.33,2.04,0.0,2.46,4.79,2.22,1.38,0.84,7.69,2.14,2.94,None,WhiteMica
S00886,SYN-008,76.5,77.5,-84.43,98.17,77.0,77.0,4.46,1.94,0.0,0.01,11.01,39.18,2.34,21.71,0.0,48.61,17.24,4.61,8.4,0.0,2.4,None,Pyrophyllite
S00887,SYN-008,77.5,79.5,-85.72,98.42,78.5,78.5,4.39,2.15,1.74,3.59,6.23,6.86,1.67,43.69,2.35,68.78,7.31,7.12,10.42,0.5,7.31,None,Pyrophyllite
S00888,SYN-008,79.5,81.0,-87.22,98.71,80.25,80.25,4.97,1.55,0.0,0.0,4.77,9.01,1.22,33.68,2.48,40.83,24.95,10.4,7.89,3.81,0.83,None,Pyrophyllite
S00889,SYN-008,81.0,82.5,-88.51,98.96,81.75,81.75,5.25,0.0,1.51,2.28,2.7,0.0,1.96,54.84,0.0,78.58,19.8,13.17,11.43,2.83,4.3,None,Pyrophyllite
S00890,SYN-008,82.5,83.5,-89.59,99.17,83.0,83.0,46.49,0.0,0.0,3.34,10.88,6.24,5.79,0.38,8.07,4.43,2.31,2.93,0.14,1.96,4.12,None,WhiteMica
S00891,SYN-008,83.5,85.5,-90.88,99.42,84.5,84.5,51.67,0.0,1.17,6.02,42.07,5.58,2.55,30.44,3.77,0.0,0.0,0.0,8.12,0.0,3.88,None,WhiteMica
S00892,SYN-008,85.5,87.0,-92.39,99.71,86.25,86.25,67.49,3.46,1.54,0.0,5.66,12.37,3.59,34.52,13.49,1.9,2.54,3.29,2.75,3.29,0.3,None,WhiteMica
S00893,SYN-008,87.0,88.0,-93.46,99.92,87.5,87.5,3.14,0.0,3.01,0.0,3.58,8.55,1.22,30.76,0.0,100.0,24.59,4.42,17.68,0.86,3.2,None,Pyrophyllite
S00894,SYN-008,88.0,89.5,-94.54,100.12,88.75,88.75,100.0,0.0,2.24,1.33,5.34,4.55,7.19,1.75,10.42,6.73,0.0,6.93,9.03,0.46,29.08,Goethite,WhiteMica
S00895,SYN-008,89.5,90.5,-95.62,100.33,90.0,90.0,4.46,0.94,13.99,2.74,2.64,12.67,0.48,62.77,0.0,85.38,18.93,10.67,9.52,0.0,5.34,None,Pyrophyllite
S00896,SYN-008,90.5,91.5,-96.48,100.5,91.0,91.0,13.62,0.72,2.56,1.28,54.6,3.03,11.75,0.0,1.48,0.91,3.7,0.62,0.0,2.21,3.64,None,Kaolinite
S00897,SYN-008,91.5,93.0,-97.55,100.71,92.25,92.25,35.85,0.0,4.39,0.0,6.31,8.83,6.56,3.58,6.48,3.57,5.04,1.92,36.62,1.73,6.72,None,Water_silica
S00898,SYN-008,93.0,94.5,-98.84,100.96,93.75,93.75,4.59,18.24,16.1,0.76,5.49,7.18,0.0,26.78,4.62,64.47,26.55,7.6,9.17,32.34,6.6,Hematite,Pyrophyllite
S00899,SYN-008,94.5,96.5,-100.35,101.25,95.5,95.5,49.22,36.36,5.8,4.9,4.44,8.72,1.93,3.56,7.55,1.21,3.8,0.09,5.32,5.38,2.02,None,WhiteMica
S00900,SYN-008,96.5,98.0,-101.86,101.54,97.25,97.25,10.74,0.39,35.8,3.56,73.14,24.18,10.0,1.57,0.0,4.08,0.0,0.79,0.0,2.09,6.6,None,Kaolinite
S00901,SYN-008,98.0,99.5,-103.15,101.79,98.75,98.75,38.03,3.21,1.29,1.31,8.83,5.47,6.3,2.01,39.73,0.96,0.0,0.0,2.89,0.0,20.99,Goethite,Gypsum
S00902,SYN-008,99.5,101.0,-104.44,102.04,100.25,100.25,27.24,0.0,0.3,0.0,44.29,8.12,7.13,1.4,0.0,0.0,1.19,1.07,0.39,0.41,6.35,None,Kaolinite
S00903,SYN-008,101.0,102.5,-105.73,102.29,101.75,101.75,36.33,0.0,4.0,0.45,22.21,6.32,15.05,3.7,7.51,0.03,4.27,0.0,7.75,35.35,0.07,Hematite,WhiteMica
S00904,SYN-008,102.5,104.0,-107.02,102.54,103.25,103.25,34.76,16.07,4.9,5.9,19.23,4.25,42.14,2.55,3.49,7.78,0.44,0.35,1.71,3.68,6.73,None,Montmor
S00905,SYN-008,104.0,105.5,-108.31,102.79,104.75,104.75,63.06,3.48,2.82,1.33,10.62,6.0,6.04,2.05,6.26,1.41,2.22,2.12,6.05,0.0,1.24,None,WhiteMica
S00906,SYN-008,105.5,107.5,-109.82,103.08,106.5,106.5,16.36,25.56,15.73,3.35,16.26,0.0,22.19,0.43,0.94,3.15,4.18,1.37,19.34,0.0,2.16,None,Chlorite
S00907,SYN-008,107.5,109.0,-111.32,103.38,108.25,108.25,0.0,2.27,3.18,2.2,3.61,12.52,1.39,28.82,0.98,49.83,19.23,2.72,9.47,3.22,2.58,None,Pyrophyllite
S00908,SYN-008,109.0,110.0,-112.4,103.58,109.5,109.5,22.9,43.21,6.52,10.11,9.71,0.0,4.4,8.12,0.0,0.0,1.15,22.3,2.59,2.19,1.52,None,Chlorite
S00909,SYN-008,110.0,111.5,-113.48,103.79,110.75,110.75,30.36,29.33,16.66,5.85,27.07,2.66,12.24,0.0,2.91,4.31,2.04,1.91,2.13,2.92,6.41,None,WhiteMica
S00910,SYN-008,111.5,113.5,-114.98,104.08,112.5,112.5,20.66,1.35,0.04,5.75,44.66,8.09,6.72,4.23,5.99,10.44,1.04,0.0,29.29,0.3,0.0,None,Kaolinite
S00911,SYN-008,113.5,114.5,-116.27,104.33,114.0,114.0,26.09,21.41,8.82,5.22,6.16,0.0,12.64,0.53,3.78,1.01,0.0,27.68,0.0,4.08,4.29,None,Zunyite
S00912,SYN-008,114.5,116.0,-117.35,104.54,115.25,115.25,52.87,6.34,1.15,1.46,5.0,3.99,4.95,4.04,13.43,0.19,2.53,0.92,3.07,3.93,4.51,None,WhiteMica
S00913,SYN-008,116.0,118.0,-118.86,104.83,117.0,117.0,10.93,13.75,10.46,7.5,5.88,0.0,11.38,3.74,0.0,5.01,0.63,0.25,0.0,3.57,15.14,Goethite,Chlorite
S00914,SYN-008,118.0,119.5,-120.36,105.13,118.75,118.75,22.54,2.51,1.19,0.0,31.06,3.36,7.42,3.29,2.26,0.0,0.0,0.0,2.73,0.85,1.88,None,Kaolinite
S00915,SYN-008,119.5,121.5,-121.87,105.42,120.5,120.5,34.62,1.37,4.56,0.0,56.07,12.73,21.88,0.0,3.65,0.0,1.03,0.0,0.0,0.8,0.51,None,Kaolinite
S00916,SYN-008,121.5,123.0,-123.37,105.71,122.25,122.25,35.19,5.62,2.37,29.54,78.12,10.18,8.99,0.78,6.74,22.25,0.15,3.52,0.13,1.54,2.2,None,Kaolinite
S00917,SYN-008,123.0,124.5,-124.67,105.96,123.75,123.75,1.47,27.12,11.14,12.89,0.42,0.09,5.22,0.0,1.31,16.12,0.0,14.97,26.67,0.0,5.27,None,Chlorite
S00918,SYN-008,124.5,126.0,-125.96,106.21,125.25,125.25,5.7,0.0,1.11,0.0,85.42,19.62,0.0,0.0,4.82,3.31,0.79,1.25,25.99,0.97,2.05,None,Kaolinite
S00919,SYN-008,126.0,128.0,-127.46,106.5,127.0,127.0,19.28,41.82,17.02,4.79,54.76,2.95,22.67,3.16,0.0,0.0,3.78,0.0,4.04,4.16,3.72,None,Kaolinite
S00920,SYN-008,128.0,129.5,-128.97,106.79,128.75,128.75,14.1,28.73,3.92,3.97,11.57,0.0,21.7,3.79,0.0,0.0,0.0,5.07,1.93,21.01,2.75,Hematite,Chlorite
S00921,SYN-008,129.5,131.0,-130.26,107.04,130.25,130.25,19.25,13.23,5.27,4.23,16.89,35.03,12.09,0.5,0.0,1.46,0.0,3.12,0.0,34.35,8.02,Hematite,Dickite
S00922,SYN-008,131.0,132.5,-131.55,107.29,131.75,131.75,14.31,22.03,8.53,29.39,16.59,1.31,7.59,0.0,4.69,4.87,0.1,1.93,4.89,0.0,3.33,None,Epidote
S00923,SYN-008,132.5,134.0,-132.84,107.54,133.25,133.25,10.32,36.23,42.5,2.96,12.77,10.5,22.02,20.17,0.0,0.0,0.35,1.02,1.31,0.0,0.86,None,Carbonate
S00924,SYN-008,134.0,135.5,-134.13,107.79,134.75,134.75,14.04,23.49,21.89,2.65,6.97,0.13,18.88,2.49,2.14,2.65,0.67,0.0,0.0,0.21,3.6,None,Chlorite
S00925,SYN-008,135.5,137.0,-135.43,108.04,136.25,136.25,27.1,34.59,6.0,8.62,14.8,0.0,13.89,1.76,2.0,0.0,0.74,1.08,3.85,3.37,4.75,None,Chlorite
S00926,SYN-008,137.0,139.0,-136.93,108.33,138.0,138.0,19.36,43.56,4.13,7.81,6.15,15.52,18.13,3.21,0.0,3.56,1.37,0.0,3.2,1.06,1.65,None,Chlorite
S00927,SYN-008,139.0,140.5,-138.44,108.63,139.75,139.75,28.41,0.0,3.33,0.72,84.81,12.57,6.06,4.85,1.03,4.44,27.81,3.75,3.69,0.0,6.23,None,Kaolinite
S00928,SYN-008,140.5,142.0,-139.73,108.88,141.25,141.25,6.72,69.73,5.79,3.78,15.25,5.23,18.08,0.0,0.0,0.29,0.31,4.63,2.67,3.26,0.0,None,Chlorite
S00929,SYN-008,142.0,143.5,-141.02,109.13,142.75,142.75,23.89,26.96,11.04,8.4,6.4,2.77,8.49,0.06,4.45,1.87,4.74,0.0,1.82,2.58,1.93,None,Chlorite
S00930,SYN-008,143.5,145.0,-142.31,109.38,144.25,144.25,6.2,19.68,14.41,9.8,3.11,2.12,19.55,0.27,0.0,2.14,0.41,0.29,1.15,0.01,3.05,None,Chlorite
S00931,SYN-008,145.0,146.5,-143.6,109.63,145.75,145.75,73.29,4.57,0.0,0.0,11.02,3.76,1.24,2.82,4.06,0.56,0.75,1.07,6.31,6.25,5.45,None,WhiteMica
S00932,SYN-008,146.5,147.5,-144.68,109.83,147.0,147.0,96.68,4.18,3.75,4.17,29.55,4.89,3.22,28.43,4.96,0.94,0.34,0.93,2.18,3.76,6.53,None,WhiteMica
S00933,SYN-008,147.5,148.5,-145.54,110.0,148.0,148.0,30.42,1.99,2.71,2.81,11.02,15.74,0.0,0.0,6.2,0.0,0.52,0.0,5.67,3.36,6.47,None,WhiteMica
S00934,SYN-008,148.5,150.0,-146.62,110.21,149.25,149.25,91.78,26.61,2.17,3.16,2.65,4.65,18.36,0.0,7.74,31.15,0.0,1.06,5.72,0.44,3.4,None,WhiteMica
S00935,SYN-008,150.0,151.5,-147.91,110.46,150.75,150.75,9.58,34.63,12.21,6.84,9.64,0.26,10.26,0.0,3.33,0.37,3.4,0.0,22.62,0.0,5.83,None,Chlorite
S00936,SYN-008,151.5,153.0,-149.2,110.71,152.25,152.25,24.23,1.53,1.27,0.62,27.35,16.12,8.25,0.0,8.06,3.61,0.0,0.8,1.08,34.89,4.66,Hematite,Kaolinite
S00937,SYN-008,153.0,154.0,-150.27,110.92,153.5,153.5,21.35,19.36,6.82,5.13,9.64,2.38,14.04,1.62,6.57,0.0,1.04,8.64,0.0,0.0,3.33,None,WhiteMica
S00938,SYN-008,154.0,155.5,-151.35,111.13,154.75,154.75,82.65,1.06,0.0,0.0,13.64,5.47,5.99,1.97,11.43,8.03,0.0,0.0,40.77,3.25,1.75,None,WhiteMica
S00939,SYN-008,155.5,156.5,-152.43,111.33,156.0,156.0,19.98,29.17,10.09,2.69,19.55,2.77,1.82,0.0,0.0,28.17,3.61,0.84,0.2,4.26,3.59,None,Chlorite
S00940,SYN-008,156.5,158.5,-153.72,111.58,157.5,157.5,17.43,1.81,2.2,1.52,47.56,18.47,17.01,22.25,3.27,0.0,0.0,1.14,0.0,0.0,6.17,None,Kaolinite
S00941,SYN-008,158.5,160.5,-155.44,111.92,159.5,159.5,25.24,0.0,1.58,0.0,41.22,0.0,8.02,0.0,3.84,0.0,0.0,0.51,1.94,26.11,29.76,Goethite,Kaolinite
S00942,SYN-008,160.5,161.5,-156.73,112.17,161.0,161.0,34.48,2.3,6.1,0.0,33.92,6.44,3.24,25.39,6.0,20.1,0.0,1.45,8.03,0.0,2.05,None,WhiteMica
S00943,SYN-008,161.5,163.0,-157.81,112.38,162.25,162.25,7.04,14.83,19.9,11.15,0.0,1.8,28.02,3.39,0.0,1.31,2.74,0.0,0.19,2.87,5.89,None,Montmor
S00944,SYN-008,163.0,164.0,-158.88,112.58,163.5,163.5,3.39,26.22,14.06,5.67,3.54,1.52,26.42,5.96,0.83,2.18,0.59,3.49,0.9,0.0,1.9,None,Montmor
S00945,SYN-008,164.0,165.5,-159.96,112.79,164.75,164.75,89.95,0.0,1.58,0.92,10.16,7.2,4.71,1.17,7.56,5.14,0.0,1.59,3.76,0.0,4.4,None,WhiteMica
S00946,SYN-008,165.5,166.5,-161.03,113.0,166.0,166.0,4.91,2.71,2.67,1.62,60.79,8.05,8.15,0.0,2.22,0.0,2.72,0.27,0.0,0.0,3.98,None,Kaolinite
S00947,SYN-008,166.5,168.0,-162.11,113.21,167.25,167.25,20.44,17.81,18.75,6.92,0.0,0.0,11.84,2.88,2.31,0.0,0.0,0.0,0.0,1.76,5.26,None,WhiteMica
S00948,SYN-008,168.0,169.5,-163.4,113.46,168.75,168.75,66.53,0.0,0.0,3.2,10.44,5.47,2.56,2.38,7.04,3.94,12.22,4.69,30.01,0.0,5.02,None,WhiteMica
S00949,SYN-008,169.5,171.5,-164.91,113.75,170.5,170.5,79.26,0.0,0.0,2.45,3.43,3.92,8.14,1.37,5.78,33.57,2.66,0.0,5.07,5.66,29.41,Goethite,WhiteMica
S00950,SYN-008,171.5,172.5,-166.2,114.0,172.0,172.0,36.48,1.82,0.09,0.0,46.21,37.96,5.0,0.0,1.21,5.12,0.0,1.78,0.0,1.41,22.35,Goethite,Kaolinite
S00951,SYN-008,172.5,174.0,-167.27,114.21,173.25,173.25,6.4,47.0,34.79,8.98,1.91,3.1,9.49,4.82,3.05,5.76,0.0,0.0,2.16,3.98,1.71,None,Chlorite
S00952,SYN-008,174.0,175.5,-168.56,114.46,174.75,174.75,9.97,36.64,17.79,4.21,0.0,0.93,43.14,1.51,2.69,0.67,0.51,0.12,3.99,1.73,3.81,None,Montmor
S00953,SYN-008,175.5,177.5,-170.07,114.75,176.5,176.5,11.29,30.29,7.06,7.98,0.4,4.68,8.91,2.4,0.0,1.26,0.0,3.33,0.0,2.7,3.6,None,Chlorite
S00954,SYN-008,177.5,179.0,-171.58,115.04,178.25,178.25,67.35,1.79,2.89,0.0,35.89,27.66,1.79,0.91,9.35,0.01,1.81,3.03,7.04,0.0,9.19,None,WhiteMica
S00955,SYN-008,179.0,180.5,-172.87,115.29,179.75,179.75,27.1,0.0,0.0,3.03,43.13,8.48,14.19,0.58,4.58,3.3,1.47,0.43,37.97,3.26,3.9,None,Kaolinite
S00956,SYN-008,180.5,182.0,-174.16,115.54,181.25,181.25,36.24,48.02,9.96,6.75,2.44,0.47,19.27,2.03,2.35,0.0,3.03,3.25,15.04,11.07,3.24,None,Chlorite
S00957,SYN-008,182.0,183.5,-175.45,115.79,182.75,182.75,5.53,45.59,9.23,16.44,1.3,2.94,40.19,0.0,0.79,0.72,26.26,0.0,0.0,5.32,1.6,None,Chlorite
S00958,SYN-008,183.5,185.5,-176.96,116.09,184.5,184.5,7.99,32.21,10.06,9.98,2.15,3.03,10.95,0.0,0.0,0.0,1.4,3.62,0.23,0.62,0.46,None,Chlorite
S00959,SYN-008,185.5,187.0,-178.46,116.38,186.25,186.25,9.65,62.98,19.87,0.25,19.82,0.0,20.9,30.44,3.6,0.0,2.85,4.8,0.0,3.63,0.0,None,Chlorite
S00960,SYN-008,187.0,188.5,-179.75,116.63,187.75,187.75,13.43,0.91,3.47,26.39,79.42,19.5,5.07,2.62,0.4,2.2,1.7,3.59,0.12,0.0,0.33,None,Kaolinite
S00961,SYN-008,188.5,189.5,-180.83,116.84,189.0,189.0,16.2,0.0,4.96,1.19,50.12,8.07,15.32,2.53,3.79,0.0,30.44,4.66,2.43,3.77,2.29,None,Kaolinite
S00962,SYN-008,189.5,191.0,-181.91,117.04,190.25,190.25,57.33,1.41,2.97,2.87,6.02,8.14,4.22,8.51,7.16,3.66,0.0,26.0,4.48,0.0,5.43,None,WhiteMica
S00963,SYN-008,191.0,193.0,-183.41,117.34,192.0,192.0,72.23,0.0,0.04,0.0,6.9,4.69,1.75,1.0,8.67,5.96,0.42,0.57,0.98,0.0,4.06,None,WhiteMica
S00964,SYN-008,193.0,194.5,-184.92,117.63,193.75,193.75,0.58,24.88,8.03,7.99,2.59,22.49,12.12,0.92,1.59,0.0,0.0,3.01,0.42,4.5,0.56,None,Chlorite
S00965,SYN-008,194.5,196.0,-186.21,117.88,195.25,195.25,10.0,41.84,37.38,9.33,0.2,0.0,11.56,3.3,2.48,0.0,1.74,0.76,0.0,4.25,1.49,None,Chlorite
S00966,SYN-008,196.0,198.0,-187.72,118.17,197.0,197.0,4.53,23.05,24.23,6.29,7.57,0.0,20.85,0.0,0.0,0.0,1.01,2.54,0.0,0.77,2.73,None,Carbonate
S00967,SYN-008,198.0,200.0,-189.44,118.5,199.0,199.0,4.56,39.38,12.26,4.03,0.0,0.14,6.0,0.77,0.0,1.05,3.58,0.0,0.0,0.98,2.15,None,Chlorite
S00968,SYN-008,200.0,201.5,-190.94,118.79,200.75,200.75,5.04,24.87,20.83,10.38,7.94,1.6,15.39,4.22,3.25,0.0,0.0,4.06,0.0,1.56,0.87,None,Chlorite
S00969,SYN-008,201.5,203.0,-192.24,119.04,202.25,202.25,6.86,33.81,3.88,4.54,0.0,0.0,5.55,2.64,11.86,3.78,0.87,5.17,0.0,2.61,0.0,None,Chlorite
S00970,SYN-008,203.0,204.5,-193.53,119.29,203.75,203.75,62.89,3.25,2.36,0.0,5.59,3.35,5.59,0.0,5.21,4.1,13.61,0.0,4.34,4.38,0.35,None,WhiteMica
S00971,SYN-008,204.5,206.0,-194.82,119.54,205.25,205.25,3.0,58.12,33.46,10.07,4.38,1.27,7.02,0.0,0.64,1.77,0.0,0.3,14.45,1.06,18.45,Goethite,Chlorite
S00972,SYN-008,206.0,207.5,-196.11,119.79,206.75,206.75,5.23,39.99,9.62,4.23,22.8,0.66,27.48,9.01,0.0,3.06,2.67,3.32,2.04,0.0,5.86,None,Chlorite
S00973,SYN-008,207.5,208.5,-197.18,120.0,208.0,208.0,7.42,34.01,18.16,6.08,0.0,3.8,14.63,1.08,1.69,3.66,0.0,3.91,0.0,12.56,6.5,None,Chlorite
S00974,SYN-008,208.5,210.5,-198.48,120.25,209.5,209.5,6.59,18.24,8.55,11.44,2.7,0.0,22.21,3.16,0.0,4.67,19.76,0.79,1.04,0.06,24.28,Goethite,Montmor
S00975,SYN-008,210.5,212.5,-200.2,120.59,211.5,211.5,7.03,53.58,30.9,9.76,0.0,4.17,24.89,2.49,2.11,3.63,0.0,0.0,2.07,5.16,4.89,None,Chlorite
S00976,SYN-008,212.5,214.5,-201.92,120.92,213.5,213.5,5.13,15.3,4.2,8.11,1.89,2.17,31.09,30.4,0.0,0.0,0.57,1.74,0.45,0.96,18.78,Goethite,Montmor
S00977,SYN-008,214.5,216.5,-203.64,121.25,215.5,215.5,25.73,39.18,24.18,7.89,1.57,1.12,20.04,2.81,0.68,23.96,2.83,0.0,1.59,4.89,1.08,None,Chlorite
S00978,SYN-008,216.5,218.0,-205.15,121.54,217.25,217.25,8.85,38.86,22.32,8.33,0.33,30.08,26.27,1.84,5.14,2.0,1.94,5.4,1.65,1.81,21.76,Goethite,Chlorite
S00979,SYN-008,218.0,220.0,-206.65,121.84,219.0,219.0,49.19,0.0,2.87,1.59,13.81,4.8,7.6,0.76,38.54,2.04,0.0,4.54,28.75,0.28,7.11,None,WhiteMica
S00980,SYN-008,220.0,222.0,-208.37,122.17,221.0,221.0,8.69,25.74,18.23,5.15,0.12,6.01,13.53,2.7,2.11,35.76,4.24,2.87,0.2,20.07,2.53,Hematite,Pyrophyllite
S00981,SYN-008,222.0,223.5,-209.88,122.46,222.75,222.75,7.15,48.96,16.39,2.54,2.05,0.67,18.44,3.54,0.33,1.26,0.0,0.72,23.65,0.0,6.19,None,Chlorite
S00982,SYN-008,223.5,225.0,-211.17,122.71,224.25,224.25,5.13,0.0,1.55,0.0,3.79,5.51,0.0,3.19,5.07,1.47,0.0,0.0,3.06,1.9,3.21,None,Dickite
S00983,SYN-008,225.0,226.0,-212.25,122.92,225.5,225.5,8.54,47.19,29.36,10.05,13.45,0.0,18.06,0.09,3.34,4.06,1.06,3.74,1.52,1.03,6.69,None,Chlorite
S00984,SYN-008,226.0,227.5,-213.32,123.13,226.75,226.75,39.32,29.89,33.79,13.51,0.0,2.27,20.62,0.0,0.0,1.45,3.92,0.0,0.0,0.0,4.16,None,WhiteMica
S00985,SYN-008,227.5,229.0,-214.62,123.38,228.25,228.25,25.12,52.09,40.34,10.18,3.59,0.0,25.81,3.02,0.0,1.55,0.0,4.21,0.0,2.68,2.1,None,Chlorite
S00986,SYN-008,229.0,230.5,-215.91,123.63,229.75,229.75,9.29,20.59,43.85,8.92,2.27,0.0,6.1,0.0,0.29,2.87,4.05,1.91,0.0,0.41,1.8,None,Carbonate
S00987,SYN-008,230.5,232.0,-217.2,123.88,231.25,231.25,29.54,43.56,42.2,3.65,0.0,4.47,10.79,0.0,3.95,0.41,4.87,33.16,0.0,0.0,1.55,None,Chlorite
S00988,SYN-008,232.0,233.5,-218.49,124.13,232.75,232.75,3.54,14.42,7.58,11.16,0.0,2.63,14.07,32.91,3.81,2.58,0.0,0.28,1.45,1.45,2.5,None,Alunite
S00989,SYN-008,233.5,234.5,-219.56,124.34,234.0,234.0,5.29,21.97,19.33,9.73,0.0,0.0,10.14,1.84,0.0,0.0,7.16,0.56,1.34,0.37,2.83,None,Chlorite
S00990,SYN-008,234.5,236.5,-220.86,124.59,235.5,235.5,5.1,26.68,17.8,10.74,3.47,40.72,19.86,1.72,0.49,2.41,0.38,2.69,0.0,17.74,3.92,Hematite,Dickite
S00991,SYN-008,236.5,238.5,-222.58,124.92,237.5,237.5,7.38,7.08,4.41,11.72,2.92,0.0,19.76,0.74,2.25,0.0,20.31,0.0,1.29,1.53,2.02,None,Diaspore
S00992,SYN-008,238.5,239.5,-223.87,125.17,239.0,239.0,4.11,35.27,35.29,13.71,0.0,2.75,18.47,3.29,7.27,29.59,0.0,26.4,3.33,3.37,7.4,None,Carbonate
S00993,SYN-009,0.0,1.0,-43.14,99.2,0.5,0.5,7.06,1.3,0.7,0.0,4.09,0.0,1.21,5.6,6.83,3.95,0.37,24.15,16.88,71.24,7.55,Hematite,Zunyite
S00994,SYN-009,1.0,2.5,-42.96,100.41,1.75,1.75,5.52,1.37,0.0,0.45,17.56,4.04,3.57,1.76,9.41,35.92,0.19,0.92,4.93,34.5,15.03,Hematite,Pyrophyllite
S00995,SYN-009,2.5,4.5,-42.72,102.1,3.5,3.5,5.59,0.39,0.0,6.02,14.28,1.11,0.21,11.18,9.54,1.62,0.0,2.17,27.95,18.92,58.12,Goethite,Water_silica
S00996,SYN-009,4.5,6.5,-42.43,104.03,5.5,5.5,7.28,0.0,0.0,3.09,8.25,0.0,1.94,4.01,19.0,0.0,0.0,3.61,26.99,32.57,40.4,Goethite,Water_silica
S00997,SYN-009,6.5,7.5,-42.22,105.47,7.0,7.0,7.87,0.0,1.16,0.0,2.08,0.0,1.89,22.95,10.5,37.24,0.95,0.0,19.68,0.0,19.88,Goethite,Pyrophyllite
S00998,SYN-009,7.5,9.5,-42.01,106.92,8.5,8.5,6.1,0.0,1.61,5.28,0.0,20.59,0.0,10.72,24.28,0.64,0.0,0.0,28.15,42.67,29.26,Hematite,Water_silica
S00999,SYN-009,9.5,10.5,-41.8,108.37,10.0,10.0,5.84,4.15,3.58,2.17,44.08,1.4,0.0,12.41,7.43,1.02,4.15,0.0,24.01,60.57,31.58,Hematite,Kaolinite
S01000,SYN-009,10.5,12.0,-41.62,109.57,11.25,11.25,5.62,3.95,3.47,0.0,8.12,9.93,0.0,45.49,0.0,47.76,46.27,5.79,10.84,0.73,7.04,None,Pyrophyllite
S01001,SYN-009,12.0,14.0,-41.38,111.26,13.0,13.0,11.57,2.36,1.14,3.28,9.22,0.0,0.44,5.96,16.3,0.0,0.86,0.27,54.86,42.46,13.31,Hematite,Water_silica
S01002,SYN-009,14.0,15.0,-41.17,112.71,14.5,14.5,9.24,1.41,4.0,2.43,13.43,0.0,2.0,19.7,13.75,0.42,0.0,4.3,20.64,51.05,4.07,Hematite,Water_silica
S01003,SYN-009,15.0,16.0,-41.03,113.67,15.5,15.5,8.25,1.94,12.38,2.25,5.73,1.93,15.13,5.07,14.02,1.36,0.0,3.63,24.15,56.59,15.33,Hematite,Water_silica
S01004,SYN-009,16.0,17.5,-40.85,114.88,16.75,16.75,6.35,2.05,0.0,0.0,8.62,1.31,1.49,12.01,0.0,3.92,3.16,0.98,9.69,70.24,44.21,Hematite,Alunite
S01005,SYN-009,17.5,19.0,-40.64,116.32,18.25,18.25,3.28,0.0,0.44,3.97,8.85,4.22,0.98,12.22,7.09,1.87,0.0,3.21,15.37,45.13,50.41,Goethite,Water_silica
S01006,SYN-009,19.0,21.0,-40.39,118.01,20.0,20.0,9.04,0.39,2.36,0.0,11.09,4.11,1.97,9.21,12.95,3.94,2.4,6.49,6.2,37.88,18.03,Hematite,Gypsum
S01007,SYN-009,21.0,23.0,-40.11,119.94,22.0,22.0,4.37,2.06,2.21,0.0,4.42,14.9,0.0,59.65,0.0,86.76,33.73,3.66,11.33,0.0,3.72,None,Pyrophyllite
S01008,SYN-009,23.0,24.0,-39.9,121.39,23.5,23.5,6.39,0.01,19.31,3.74,10.4,1.35,0.81,8.89,1.59,0.0,0.0,0.0,8.41,31.21,31.53,Goethite,Carbonate
S01009,SYN-009,24.0,25.0,-39.76,122.35,24.5,24.5,4.44,7.48,4.85,1.45,5.85,2.45,1.14,3.25,0.0,4.7,1.49,27.38,28.15,72.29,35.19,Hematite,Water_silica
S01010,SYN-009,25.0,27.0,-39.55,123.8,26.0,26.0,5.34,3.75,1.93,3.29,5.8,0.0,4.99,9.67,6.22,0.0,0.0,0.52,21.42,30.82,12.71,Hematite,Water_silica
S01011,SYN-009,27.0,28.5,-39.3,125.49,27.75,27.75,3.39,1.62,3.08,1.6,9.63,2.94,0.64,10.83,16.13,3.12,0.77,2.14,14.0,77.0,36.39,Hematite,Gypsum
S01012,SYN-009,28.5,30.5,-39.05,127.17,29.5,29.5,8.85,4.61,4.62,3.81,2.11,2.23,1.85,8.6,17.01,0.0,1.01,2.49,10.2,35.76,56.23,Goethite,Gypsum
S01013,SYN-009,30.5,32.0,-38.81,128.86,31.25,31.25,37.83,4.3,0.0,1.24,6.3,18.8,0.0,8.73,6.29,1.36,1.6,29.65,6.83,26.2,19.76,Hematite,WhiteMica
S01014,SYN-009,32.0,33.0,-38.63,130.07,32.5,32.5,5.41,11.6,3.95,30.77,19.1,6.69,1.87,28.19,2.99,34.3,11.6,37.29,3.94,3.15,7.64,None,Zunyite
S01015,SYN-009,33.0,35.0,-38.42,131.51,34.0,34.0,0.78,0.0,2.16,1.68,7.33,21.99,3.65,49.8,0.18,75.46,32.48,2.87,10.89,0.36,6.66,None,Pyrophyllite
S01016,SYN-009,35.0,36.0,-38.21,132.96,35.5,35.5,6.49,0.0,0.67,1.9,9.31,0.43,29.46,4.29,12.73,3.57,3.41,1.65,8.19,50.08,16.52,Hematite,Montmor
S01017,SYN-009,36.0,37.5,-38.03,134.17,36.75,36.75,71.76,3.15,0.0,0.0,9.55,9.09,6.64,1.57,6.81,0.0,4.19,0.0,18.86,2.74,2.28,None,WhiteMica
S01018,SYN-009,37.5,39.0,-37.82,135.61,38.25,38.25,48.25,3.52,3.6,5.08,5.75,7.87,9.08,3.71,9.02,1.7,0.91,0.0,5.78,4.63,4.21,None,WhiteMica
S01019,SYN-009,39.0,40.5,-37.61,137.06,39.75,39.75,5.88,0.64,8.13,2.21,11.79,0.46,0.0,12.21,16.67,18.04,2.49,15.35,12.97,46.64,37.04,Hematite,Pyrophyllite
S01020,SYN-009,40.5,42.0,-37.4,138.51,41.25,41.25,4.16,1.16,19.0,5.9,16.77,0.47,1.02,3.11,22.35,1.29,5.11,0.0,0.0,10.65,31.42,Goethite,Gypsum
S01021,SYN-009,42.0,43.5,-37.18,139.95,42.75,42.75,5.14,0.07,0.0,0.0,50.68,9.43,5.34,0.0,7.96,0.06,3.63,4.44,0.01,1.74,2.88,None,Kaolinite
S01022,SYN-009,43.5,45.5,-36.94,141.64,44.5,44.5,3.21,0.0,0.0,2.64,7.74,3.39,0.0,44.2,0.0,42.8,38.05,9.57,8.68,0.0,6.64,None,Alunite
S01023,SYN-009,45.5,47.5,-36.66,143.57,46.5,46.5,78.3,0.0,3.29,4.62,11.93,39.03,5.32,1.17,11.66,35.66,1.88,0.0,1.73,1.3,0.87,None,WhiteMica
S01024,SYN-009,47.5,49.0,-36.41,145.26,48.25,48.25,0.25,2.73,34.99,2.7,7.86,4.79,3.66,7.94,22.1,3.52,16.12,1.58,25.31,55.19,29.28,Hematite,Carbonate
S01025,SYN-009,49.0,50.0,-36.23,146.46,49.5,49.5,70.57,1.78,2.62,6.92,16.36,11.13,3.31,1.53,35.07,1.55,1.63,0.61,7.42,0.0,0.0,None,WhiteMica
S01026,SYN-009,50.0,51.5,-36.06,147.67,50.75,50.75,48.93,0.0,17.68,2.33,5.73,5.91,4.9,1.23,11.03,1.26,0.0,4.91,10.76,0.0,2.98,None,WhiteMica
S01027,SYN-009,51.5,53.5,-35.81,149.36,52.5,52.5,18.89,0.0,24.87,1.98,56.93,7.52,11.39,1.98,5.88,0.0,0.26,5.05,1.82,0.9,0.9,None,Kaolinite
S01028,SYN-009,53.5,55.0,-35.56,151.05,54.25,54.25,84.7,0.71,0.0,2.81,8.5,9.82,3.64,2.77,7.69,1.29,9.66,23.53,2.76,0.0,0.97,None,WhiteMica
S01029,SYN-009,55.0,56.5,-35.35,152.49,55.75,55.75,17.22,2.24,0.08,0.0,62.61,49.8,7.8,3.57,4.51,2.82,0.0,0.0,4.7,0.0,2.58,None,Kaolinite
S01030,SYN-009,56.5,58.0,-35.14,153.94,57.25,57.25,63.35,1.56,1.39,0.81,6.61,9.3,9.91,4.78,4.2,6.04,1.17,6.46,34.18,3.53,1.92,None,WhiteMica
S01031,SYN-009,58.0,59.0,-34.97,155.15,58.5,58.5,62.27,34.35,3.52,0.32,11.74,9.11,7.09,5.05,6.32,1.9,0.7,30.55,5.75,2.19,2.3,None,WhiteMica
S01032,SYN-009,59.0,60.5,-34.79,156.35,59.75,59.75,54.4,1.99,3.8,3.38,7.1,6.87,7.25,6.52,8.08,1.99,0.0,0.0,1.16,2.6,2.51,None,WhiteMica
S01033,SYN-009,60.5,62.0,-34.58,157.8,61.25,61.25,8.88,5.6,3.41,1.29,62.73,0.0,5.98,2.48,1.25,1.46,3.96,36.14,1.67,3.62,3.72,None,Kaolinite
S01034,SYN-009,62.0,64.0,-34.33,159.49,63.0,63.0,29.69,1.86,1.82,0.82,81.53,9.0,11.63,0.3,3.85,2.93,1.54,1.42,0.3,0.0,1.4,None,Kaolinite
S01035,SYN-009,64.0,66.0,-34.05,161.42,65.0,65.0,34.64,0.0,9.52,7.77,20.23,7.33,12.78,1.32,2.01,2.25,0.0,1.45,0.0,1.04,1.63,None,WhiteMica
S01036,SYN-009,66.0,68.0,-33.77,163.34,67.0,67.0,100.0,1.88,2.66,4.6,11.26,6.32,10.39,0.0,20.77,0.0,2.06,0.0,0.0,5.58,5.22,None,WhiteMica
S01037,SYN-009,68.0,69.5,-33.52,165.03,68.75,68.75,39.38,0.0,0.07,3.17,6.57,6.01,8.36,24.81,4.71,17.68,36.69,1.69,1.61,6.07,5.98,None,WhiteMica
S01038,SYN-009,69.5,71.0,-33.31,166.48,70.25,70.25,21.73,1.91,0.45,0.0,55.01,2.71,7.33,1.58,7.61,19.57,0.0,0.0,3.42,0.1,7.51,None,Kaolinite
S01039,SYN-009,71.0,72.5,-33.1,167.93,71.75,71.75,18.97,0.71,16.53,4.59,45.79,17.95,7.91,4.69,2.82,2.49,5.18,0.26,2.4,0.0,3.13,None,Kaolinite
S01040,SYN-009,72.5,74.5,-32.85,169.61,73.5,73.5,26.31,0.0,5.29,0.0,41.5,2.26,6.51,40.05,31.88,3.96,1.41,18.31,2.01,0.0,5.85,None,Kaolinite
S01041,SYN-009,74.5,76.0,-32.6,171.3,75.25,75.25,21.81,2.08,2.53,0.0,64.37,9.52,8.81,2.81,3.46,3.05,0.77,2.59,1.0,0.75,2.26,None,Kaolinite
S01042,SYN-009,76.0,78.0,-32.36,172.99,77.0,77.0,49.58,2.17,0.0,0.0,16.08,8.3,4.7,0.7,5.04,2.93,0.25,1.39,4.24,3.22,4.19,None,WhiteMica
S01043,SYN-009,78.0,79.0,-32.15,174.44,78.5,78.5,11.29,3.4,1.29,0.0,76.01,11.57,4.06,32.79,2.05,0.0,16.79,0.69,35.5,4.03,3.28,None,Kaolinite
S01044,SYN-009,79.0,81.0,-31.94,175.88,80.0,80.0,15.54,0.0,1.44,0.0,68.48,7.95,0.0,1.12,4.59,2.42,0.83,0.0,0.1,0.0,7.38,None,Kaolinite
S01045,SYN-009,81.0,82.0,-31.72,177.33,81.5,81.5,25.71,2.58,1.16,2.18,0.11,3.87,34.16,2.99,5.1,33.58,3.71,0.0,11.1,1.29,1.47,None,Montmor
S01046,SYN-009,82.0,83.0,-31.58,178.29,82.5,82.5,9.22,40.88,18.04,3.99,25.48,0.0,14.74,0.0,0.61,0.0,0.68,3.94,0.61,0.45,0.97,None,Chlorite
S01047,SYN-009,83.0,84.5,-31.41,179.5,83.75,83.75,19.07,0.0,1.23,0.0,100.0,2.63,35.56,1.38,8.55,1.97,0.0,4.54,2.58,0.0,3.14,None,Kaolinite
S01048,SYN-009,84.5,85.5,-31.23,180.71,85.0,85.0,24.46,0.0,4.03,0.0,17.08,11.09,18.71,1.71,17.36,0.72,0.41,25.89,5.74,0.23,0.0,None,Zunyite
S01049,SYN-009,85.5,86.5,-31.09,181.67,86.0,86.0,2.25,27.9,11.67,3.36,6.16,5.65,28.92,1.21,4.66,8.34,0.04,2.55,0.0,3.87,3.19,None,Montmor
S01050,SYN-009,86.5,87.5,-30.95,182.63,87.0,87.0,76.97,2.92,1.18,0.0,9.36,5.29,10.9,0.31,5.47,2.98,2.53,0.0,6.43,2.96,0.0,None,WhiteMica
S01051,SYN-009,87.5,89.0,-30.77,183.84,88.25,88.25,22.09,0.0,0.0,17.55,60.75,7.89,4.15,0.0,1.69,14.11,0.0,16.84,1.4,2.65,0.82,None,Kaolinite
S01052,SYN-009,89.0,91.0,-30.53,185.53,90.0,90.0,24.08,0.81,0.8,1.08,28.76,16.37,7.58,6.12,3.6,3.72,0.48,1.16,0.36,5.1,2.99,None,Kaolinite
S01053,SYN-009,91.0,92.0,-30.31,186.98,91.5,91.5,42.81,0.0,3.97,21.01,7.96,10.5,3.15,1.28,6.82,0.0,2.17,0.0,2.79,1.48,0.0,None,WhiteMica
S01054,SYN-009,92.0,93.5,-30.14,188.18,92.75,92.75,45.73,3.49,20.75,5.29,7.83,7.68,4.57,26.62,11.1,0.73,0.0,5.6,2.77,1.39,3.64,None,WhiteMica
S01055,SYN-009,93.5,95.5,-29.89,189.87,94.5,94.5,6.9,0.0,0.49,3.89,34.14,14.79,6.16,0.0,0.82,2.55,1.68,5.48,0.0,2.83,0.0,None,Kaolinite
S01056,SYN-009,95.5,96.5,-29.68,191.32,96.0,96.0,28.59,0.0,0.0,1.3,49.3,22.5,5.46,4.44,11.18,3.53,2.13,0.87,0.0,13.79,2.82,None,Kaolinite
S01057,SYN-009,96.5,97.5,-29.54,192.28,97.0,97.0,22.03,20.76,3.35,3.52,39.39,12.59,38.87,0.0,8.5,29.0,1.04,3.22,1.29,3.83,4.84,None,Kaolinite
S01058,SYN-009,97.5,99.5,-29.33,193.73,98.5,98.5,44.51,0.0,0.21,0.0,9.03,8.58,2.47,5.68,4.86,5.86,0.78,1.55,3.29,3.29,5.92,None,WhiteMica
S01059,SYN-009,99.5,101.5,-29.05,195.66,100.5,100.5,47.27,2.36,3.86,0.44,0.0,15.18,11.48,0.51,7.12,4.07,1.47,0.0,39.0,2.69,6.83,None,WhiteMica
S01060,SYN-009,101.5,103.0,-28.8,197.34,102.25,102.25,1.59,0.0,11.2,8.53,0.0,0.0,19.75,1.91,1.82,1.33,0.0,0.0,0.06,0.0,0.8,None,Montmor
S01061,SYN-009,103.0,105.0,-28.55,199.03,104.0,104.0,59.64,20.74,6.34,6.62,8.21,2.7,0.45,4.73,1.57,0.0,3.28,0.42,0.3,3.46,1.99,None,WhiteMica
S01062,SYN-009,105.0,106.0,-28.34,200.48,105.5,105.5,5.64,24.81,53.17,4.68,0.0,0.49,16.78,2.58,16.02,1.38,0.0,1.48,2.85,6.05,1.27,None,Carbonate
S01063,SYN-009,106.0,107.5,-28.17,201.68,106.75,106.75,25.36,0.51,5.08,2.57,8.79,32.79,2.8,3.8,1.4,0.0,0.0,0.0,2.79,24.27,5.14,Hematite,Dickite
S01064,SYN-009,107.5,109.0,-27.95,203.13,108.25,108.25,0.0,0.0,0.0,0.03,9.47,6.9,2.85,1.34,8.21,0.0,0.0,14.83,6.15,0.36,3.52,None,Zunyite
S01065,SYN-009,109.0,110.5,-27.74,204.58,109.75,109.75,3.73,10.44,27.58,37.55,0.0,0.0,18.54,0.0,3.73,0.57,0.0,1.33,0.0,6.19,2.97,None,Epidote
S01066,SYN-009,110.5,112.5,-27.5,206.27,111.5,111.5,2.6,20.32,18.87,12.39,3.57,6.41,24.03,2.68,1.64,25.72,5.2,0.0,2.72,2.87,2.84,None,Pyrophyllite
S01067,SYN-009,112.5,114.0,-27.25,207.95,113.25,113.25,69.95,0.47,4.87,1.37,14.3,5.89,17.61,3.05,4.53,1.0,0.18,0.0,4.43,6.1,4.42,None,WhiteMica
S01068,SYN-009,114.0,116.0,-27.0,209.64,115.0,115.0,4.28,76.94,21.62,4.37,0.96,0.0,19.73,0.15,1.13,3.53,1.96,1.75,0.0,0.0,0.86,None,Chlorite
S01069,SYN-009,116.0,117.5,-26.76,211.33,116.75,116.75,3.94,0.0,10.01,7.96,0.2,2.4,11.0,24.14,0.68,7.53,3.58,1.13,3.78,0.09,4.98,None,Alunite
S01070,SYN-009,117.5,119.0,-26.54,212.78,118.25,118.25,6.03,17.71,13.02,2.13,1.77,1.21,32.28,0.0,2.08,1.31,0.0,3.46,1.73,3.78,3.82,None,Montmor
S01071,SYN-009,119.0,120.0,-26.37,213.98,119.5,119.5,2.84,1.75,0.0,0.0,0.0,2.69,6.53,5.85,6.73,5.44,1.15,1.61,3.98,0.0,5.62,None,Gypsum
S01072,SYN-009,120.0,121.0,-26.23,214.95,120.5,120.5,4.32,38.45,20.38,8.23,0.0,0.0,21.74,6.78,4.17,3.79,0.09,2.25,2.54,6.54,2.1,None,Chlorite
S01073,SYN-009,121.0,123.0,-26.02,216.39,122.0,122.0,4.54,19.16,6.22,24.95,0.2,0.0,8.67,0.88,4.51,0.0,0.0,0.0,3.32,5.01,3.13,None,Epidote
S01074,SYN-009,123.0,124.0,-25.8,217.84,123.5,123.5,5.99,18.19,17.49,12.37,1.89,0.63,3.29,1.81,4.23,0.0,0.0,19.19,3.76,0.1,5.74,None,Zunyite
S01075,SYN-009,124.0,125.0,-25.66,218.8,124.5,124.5,8.74,53.61,34.92,11.76,0.0,0.52,23.58,0.0,0.04,0.0,3.74,2.29,3.15,4.89,0.12,None,Chlorite
S01076,SYN-009,125.0,126.0,-25.52,219.77,125.5,125.5,80.29,0.0,0.11,0.0,14.65,8.05,4.97,4.65,4.09,2.15,0.96,3.14,7.08,1.98,6.04,None,WhiteMica
S01077,SYN-009,126.0,127.0,-25.38,220.73,126.5,126.5,98.68,0.21,0.4,1.38,17.22,8.91,7.53,5.21,5.6,4.18,2.51,5.12,2.18,1.25,2.35,None,WhiteMica
S01078,SYN-009,127.0,129.0,-25.17,222.18,128.0,128.0,9.97,32.77,28.83,7.72,0.03,2.0,28.47,0.0,0.0,0.92,0.0,0.0,0.0,0.0,4.96,None,Chlorite
S01079,SYN-009,129.0,130.5,-24.92,223.87,129.75,129.75,6.4,39.77,18.3,12.0,0.81,6.56,21.66,3.24,0.0,1.76,14.21,0.0,2.9,4.41,5.03,None,Chlorite
S01080,SYN-009,130.5,132.5,-24.68,225.56,131.5,131.5,6.61,34.23,16.42,9.55,1.43,30.67,22.96,0.0,1.59,3.8,32.23,0.74,0.0,3.57,2.56,None,Chlorite
S01081,SYN-009,132.5,133.5,-24.47,227.0,133.0,133.0,53.71,0.0,1.01,0.38,1.7,5.23,5.38,5.38,5.12,0.0,1.8,3.18,6.07,2.55,3.08,None,WhiteMica
S01082,SYN-009,133.5,135.0,-24.29,228.21,134.25,134.25,5.51,30.04,11.52,6.42,20.7,16.98,23.17,4.46,3.53,17.94,3.02,0.87,12.43,23.41,0.0,Hematite,Chlorite
S01083,SYN-009,135.0,136.5,-24.08,229.66,135.75,135.75,7.3,43.93,7.52,9.37,2.66,0.44,18.04,5.7,0.0,4.54,0.0,3.68,0.82,3.15,0.0,None,Chlorite
S01084,SYN-009,136.5,138.0,-23.87,231.1,137.25,137.25,7.05,52.01,15.35,11.19,0.0,0.0,4.38,0.0,24.6,4.58,4.27,0.0,4.15,4.33,3.27,None,Chlorite
S01085,SYN-009,138.0,140.0,-23.62,232.79,139.0,139.0,9.58,6.79,56.11,3.22,4.72,0.5,12.34,0.05,2.82,1.3,0.23,0.08,0.76,6.25,5.94,None,Carbonate
S01086,SYN-009,140.0,142.0,-23.34,234.72,141.0,141.0,0.9,27.56,23.38,4.18,1.35,0.0,38.59,0.0,0.4,0.94,7.26,1.18,0.0,1.52,2.55,None,Montmor
S01087,SYN-009,142.0,144.0,-23.06,236.65,143.0,143.0,91.92,6.3,2.75,0.0,8.17,8.15,5.45,2.18,4.15,0.0,1.25,3.07,2.15,14.55,0.0,None,WhiteMica
S01088,SYN-009,144.0,145.0,-22.85,238.1,144.5,144.5,5.37,27.46,13.51,39.54,0.37,26.17,22.75,0.0,28.94,0.0,4.19,29.28,2.59,0.0,1.82,None,Epidote
S01089,SYN-009,145.0,146.0,-22.7,239.06,145.5,145.5,57.37,1.73,1.47,0.65,12.94,11.48,4.27,23.68,9.34,0.0,0.45,4.12,7.08,2.15,1.76,None,WhiteMica
S01090,SYN-009,146.0,147.5,-22.53,240.27,146.75,146.75,6.92,22.59,13.36,3.6,13.09,14.89,16.42,15.64,3.99,0.0,1.07,16.41,0.0,4.01,2.12,None,Chlorite
S01091,SYN-009,147.5,149.0,-22.32,241.71,148.25,148.25,5.93,40.36,12.83,3.55,6.17,0.0,13.56,4.34,1.26,0.0,1.37,0.0,2.19,6.81,0.45,None,Chlorite
S01092,SYN-009,149.0,150.5,-22.11,243.16,149.75,149.75,3.46,31.24,34.42,6.49,7.1,4.37,19.41,0.0,0.0,0.0,4.63,1.83,1.37,3.18,1.19,None,Carbonate
S01093,SYN-009,150.5,152.0,-21.89,244.61,151.25,151.25,99.74,1.51,2.74,0.0,11.31,10.12,9.87,2.05,9.54,5.46,3.24,0.81,5.16,5.26,34.02,Goethite,WhiteMica
S01094,SYN-009,152.0,153.5,-21.68,246.05,152.75,152.75,2.49,52.26,40.33,45.21,5.87,0.85,15.22,0.0,1.44,0.14,2.01,0.52,0.0,2.3,8.14,None,Chlorite
S01095,SYN-009,153.5,155.5,-21.44,247.74,154.5,154.5,8.18,41.86,23.61,38.77,30.33,0.37,17.36,0.0,2.28,2.52,2.7,0.26,3.89,3.72,7.18,None,Chlorite
S01096,SYN-009,155.5,157.0,-21.19,249.43,156.25,156.25,3.96,45.2,32.29,9.16,2.06,0.0,19.07,0.0,7.46,11.96,6.49,0.0,0.0,0.59,0.6,None,Chlorite
S01097,SYN-009,157.0,158.0,-21.01,250.63,157.5,157.5,1.26,12.89,10.03,8.65,4.93,0.01,11.7,4.52,5.0,3.67,1.72,6.92,0.0,2.62,3.12,None,Chlorite
S01098,SYN-009,158.0,159.0,-20.87,251.6,158.5,158.5,46.09,1.78,0.2,0.0,14.03,5.35,3.94,4.49,7.73,1.82,4.2,0.0,5.41,0.0,1.51,None,WhiteMica
S01099,SYN-009,159.0,160.5,-20.7,252.8,159.75,159.75,8.31,17.84,20.69,15.51,33.05,0.0,24.48,1.98,9.18,2.16,26.51,1.57,2.66,4.67,2.61,None,Kaolinite
S01100,SYN-009,160.5,162.0,-20.48,254.25,161.25,161.25,7.24,18.88,19.9,6.06,2.55,0.0,28.52,0.0,0.0,0.0,1.63,5.14,8.23,7.27,4.0,None,Montmor
S01101,SYN-009,162.0,163.5,-20.27,255.7,162.75,162.75,5.69,44.67,13.63,8.87,1.77,1.61,21.95,2.62,4.68,3.09,4.13,0.5,0.0,2.38,3.48,None,Chlorite
S01102,SYN-009,163.5,165.0,-20.06,257.15,164.25,164.25,3.53,15.81,8.61,5.88,24.8,0.03,18.51,7.13,5.08,0.0,1.99,1.5,0.75,0.89,5.46,None,Kaolinite
S01103,SYN-009,165.0,167.0,-19.82,258.83,166.0,166.0,5.69,16.18,17.98,3.37,4.79,3.07,30.49,0.21,1.28,3.64,0.0,2.47,0.0,11.67,1.72,None,Montmor
S01104,SYN-009,167.0,169.0,-19.53,260.76,168.0,168.0,9.28,13.87,31.26,12.27,0.86,0.3,22.4,0.0,0.22,0.0,0.99,19.45,0.7,4.87,3.03,None,Carbonate
S01105,SYN-009,169.0,170.5,-19.29,262.45,169.75,169.75,1.64,62.69,17.94,6.9,5.01,1.49,21.3,2.65,3.04,0.0,4.91,1.5,0.0,5.76,0.0,None,Chlorite
S01106,SYN-009,170.5,172.0,-19.08,263.9,171.25,171.25,0.0,2.71,2.14,0.0,9.34,3.02,7.29,6.07,11.52,1.33,11.45,27.99,4.66,29.53,3.4,Hematite,Zunyite
S01107,SYN-009,172.0,173.5,-18.86,265.34,172.75,172.75,55.91,25.51,1.4,5.38,0.68,6.62,2.04,6.88,2.45,12.64,2.17,0.0,6.36,0.0,0.0,None,WhiteMica
S01108,SYN-009,173.5,175.0,-18.65,266.79,174.25,174.25,1.78,26.21,10.33,10.5,1.19,1.42,21.01,3.72,0.39,2.56,0.0,1.79,1.16,1.47,0.0,None,Chlorite
S01109,SYN-009,175.0,176.5,-18.44,268.24,175.75,175.75,4.31,34.68,14.87,7.11,17.0,21.52,34.88,3.25,0.0,0.43,0.0,0.66,4.6,2.21,6.18,None,Montmor
S01110,SYN-009,176.5,178.0,-18.23,269.68,177.25,177.25,5.93,25.07,25.76,12.49,0.49,0.0,17.64,0.41,0.0,28.27,32.31,0.95,3.23,1.92,6.21,None,Diaspore
S01111,SYN-009,178.0,179.5,-18.02,271.13,178.75,178.75,4.66,40.09,16.13,4.41,1.57,37.57,19.33,0.15,0.0,3.61,4.07,3.79,0.19,0.0,0.48,None,Chlorite
S01112,SYN-009,179.5,180.5,-17.84,272.34,180.0,180.0,7.74,34.87,20.92,12.19,0.0,0.0,18.85,0.0,1.78,0.0,0.0,0.0,2.84,1.93,7.29,None,Chlorite
S01113,SYN-009,180.5,181.5,-17.7,273.3,181.0,181.0,100.0,0.0,0.0,2.21,12.7,12.34,4.39,4.49,5.43,0.86,0.56,0.98,2.87,0.0,37.72,Goethite,WhiteMica
S01114,SYN-009,181.5,182.5,-17.56,274.27,182.0,182.0,71.96,4.48,2.41,2.69,10.29,9.61,10.02,3.98,5.06,19.26,0.0,0.0,7.53,0.0,4.2,None,WhiteMica
S01115,SYN-009,182.5,184.5,-17.35,275.71,183.5,183.5,8.94,15.66,22.17,11.22,0.0,1.31,2.08,0.0,2.88,5.01,1.5,5.56,1.27,0.03,0.1,None,Carbonate
S01116,SYN-009,184.5,186.0,-17.1,277.4,185.25,185.25,6.75,18.78,0.0,1.54,0.0,0.0,18.75,2.1,0.0,0.0,24.32,34.76,0.0,1.26,7.55,None,Zunyite
S01117,SYN-009,186.0,187.0,-16.93,278.61,186.5,186.5,7.51,61.45,17.99,6.14,0.0,0.9,26.23,0.0,2.41,2.36,1.2,0.48,0.95,1.43,4.82,None,Chlorite
S01118,SYN-009,187.0,189.0,-16.72,280.05,188.0,188.0,6.73,18.01,12.39,11.67,21.12,3.43,22.17,1.82,2.39,4.76,0.0,3.48,2.28,1.65,1.02,None,Montmor
S01119,SYN-009,189.0,190.5,-16.47,281.74,189.75,189.75,44.55,4.31,1.44,1.23,13.28,5.98,6.71,6.47,7.92,6.33,0.0,4.08,19.69,6.49,0.0,None,WhiteMica
S01120,SYN-009,190.5,192.0,-16.26,283.19,191.25,191.25,6.03,47.2,10.6,13.89,3.81,2.59,30.24,0.6,2.07,0.0,1.53,3.31,10.39,1.65,0.09,None,Chlorite
S01121,SYN-009,192.0,194.0,-16.01,284.88,193.0,193.0,2.51,34.34,10.53,10.58,3.49,3.85,24.36,1.35,2.9,6.48,0.0,2.04,4.4,0.0,3.39,None,Chlorite
S01122,SYN-009,194.0,195.0,-15.8,286.32,194.5,194.5,3.22,19.31,18.88,6.57,2.27,0.44,22.07,1.25,1.74,1.61,1.56,0.96,2.91,1.09,2.47,None,Montmor
S01123,SYN-009,195.0,196.0,-15.66,287.29,195.5,195.5,2.35,40.57,13.06,4.51,0.0,3.47,25.2,3.07,4.53,2.13,0.0,0.0,0.0,1.28,6.74,None,Chlorite
S01124,SYN-009,196.0,197.5,-15.48,288.49,196.75,196.75,5.6,50.69,22.7,10.04,0.0,0.0,20.95,3.32,2.76,4.14,2.03,15.1,1.61,0.0,0.33,None,Chlorite
S01125,SYN-009,197.5,198.5,-15.31,289.7,198.0,198.0,6.63,20.56,22.86,6.47,0.71,0.05,15.73,1.16,0.0,2.25,1.08,1.41,27.51,1.85,3.77,None,Water_silica
S01126,SYN-009,198.5,200.0,-15.13,290.9,199.25,199.25,2.09,39.29,14.05,6.62,3.61,1.53,34.78,0.69,5.8,0.0,0.0,2.45,2.52,0.48,5.62,None,Chlorite
S01127,SYN-009,200.0,201.0,-14.95,292.11,200.5,200.5,6.2,0.0,12.25,7.19,0.0,3.33,0.0,1.11,0.0,0.0,2.58,32.78,4.03,1.61,0.0,None,Zunyite
S01128,SYN-009,201.0,202.0,-14.81,293.07,201.5,201.5,3.64,37.26,16.92,11.17,0.0,0.0,30.92,0.0,13.71,0.0,0.83,2.28,2.44,2.37,4.53,None,Chlorite
S01129,SYN-009,202.0,203.0,-14.67,294.04,202.5,202.5,3.11,19.02,14.95,14.5,4.82,2.94,16.39,3.92,7.58,0.0,20.29,0.63,3.74,1.45,2.96,None,Diaspore
S01130,SYN-009,203.0,204.5,-14.5,295.24,203.75,203.75,4.31,19.0,3.38,26.29,0.0,1.78,9.55,0.0,2.42,0.0,1.69,2.85,0.0,1.49,1.62,None,Epidote
S01131,SYN-009,204.5,205.5,-14.32,296.45,205.0,205.0,66.58,1.03,0.0,2.47,2.48,10.22,1.5,0.84,2.6,4.26,4.14,3.33,6.24,0.47,0.0,None,WhiteMica
S01132,SYN-009,205.5,206.5,-14.18,297.41,206.0,206.0,2.97,52.67,29.78,8.03,31.5,2.04,15.03,0.8,0.0,0.0,3.7,6.66,5.29,3.17,4.14,None,Chlorite
S01133,SYN-009,206.5,208.5,-13.97,298.86,207.5,207.5,7.64,21.31,21.14,4.76,1.77,0.0,32.23,1.64,2.04,0.0,2.64,1.67,3.21,0.75,1.31,None,Montmor
S01134,SYN-009,208.5,210.0,-13.72,300.55,209.25,209.25,5.55,40.04,12.66,10.4,1.07,32.54,18.58,1.98,2.51,0.0,2.21,0.94,4.13,3.35,2.05,None,Chlorite
S01135,SYN-009,210.0,211.5,-13.51,302.0,210.75,210.75,8.2,31.52,2.2,14.0,0.0,0.97,20.08,1.87,1.7,2.57,0.0,1.24,1.52,0.0,6.5,None,Chlorite
S01136,SYN-009,211.5,212.5,-13.33,303.2,212.0,212.0,4.8,32.83,29.54,31.63,1.2,2.04,34.9,18.26,0.0,3.81,0.11,3.29,2.53,0.7,2.92,None,Montmor
S01137,SYN-009,212.5,214.0,-13.16,304.41,213.25,213.25,4.9,24.84,11.77,8.75,0.0,0.0,24.77,5.31,0.0,0.0,0.0,1.16,3.03,2.96,3.61,None,Chlorite
S01138,SYN-009,214.0,215.5,-12.95,305.85,214.75,214.75,11.06,24.19,15.56,6.24,0.0,0.0,15.67,15.68,11.51,2.93,0.0,3.25,0.76,0.0,7.88,None,Chlorite
S01139,SYN-009,215.5,217.0,-12.73,307.3,216.25,216.25,25.33,47.25,0.42,9.24,1.11,0.0,4.23,0.57,0.0,0.0,3.81,3.55,0.0,0.36,3.42,None,Chlorite
S01140,SYN-009,217.0,218.0,-12.56,308.51,217.5,217.5,9.47,39.72,12.6,12.16,0.0,3.06,23.18,5.69,4.44,1.88,0.0,5.73,0.0,3.13,1.01,None,Chlorite
S01141,SYN-009,218.0,220.0,-12.35,309.95,219.0,219.0,10.47,21.7,13.04,8.84,3.59,3.56,12.51,0.0,0.0,4.16,17.26,2.41,0.87,0.0,6.17,None,Chlorite
S01142,SYN-009,220.0,222.0,-12.06,311.88,221.0,221.0,8.07,14.82,14.62,19.88,0.0,0.0,23.35,5.69,1.59,2.49,0.0,1.53,0.0,4.78,3.18,None,Montmor
S01143,SYN-009,222.0,223.0,-11.85,313.33,222.5,222.5,83.35,0.9,12.15,4.14,3.62,9.16,2.42,6.61,34.8,3.98,3.2,0.0,6.65,1.81,1.71,None,WhiteMica
S01144,SYN-009,223.0,224.0,-11.71,314.29,223.5,223.5,5.11,20.64,14.3,5.53,0.0,1.39,17.61,0.0,4.7,1.13,0.54,2.14,0.0,30.72,0.76,Hematite,Chlorite
S01145,SYN-009,224.0,225.0,-11.57,315.26,224.5,224.5,9.85,40.37,16.38,17.32,3.7,0.26,21.31,0.2,2.83,0.0,1.26,1.27,4.87,3.24,2.28,None,Chlorite
S01146,SYN-009,225.0,226.5,-11.4,316.46,225.75,225.75,5.13,42.85,26.95,4.79,2.62,4.24,25.26,8.5,4.75,5.93,4.75,1.74,5.25,36.27,5.37,Hematite,Chlorite
S01147,SYN-009,226.5,227.5,-11.22,317.67,227.0,227.0,4.09,34.99,12.29,4.46,1.42,0.67,3.99,0.0,0.0,6.05,3.4,4.71,0.31,1.87,1.6,None,Chlorite
S01148,SYN-009,227.5,229.5,-11.01,319.12,228.5,228.5,4.95,7.63,38.48,8.59,0.0,2.56,19.04,2.33,2.77,2.95,0.0,0.1,4.45,1.31,3.42,None,Carbonate
S01149,SYN-010,0.0,2.0,-117.69,96.87,1.0,1.0,2.19,0.64,3.43,0.0,10.16,1.91,0.0,9.65,19.74,3.04,6.43,0.0,20.53,7.2,9.49,None,Water_silica
S01150,SYN-010,2.0,4.0,-118.44,98.7,3.0,3.0,1.27,0.0,0.0,1.96,8.42,9.59,0.0,21.04,21.92,34.07,33.11,7.94,7.32,1.41,0.9,None,Pyrophyllite
S01151,SYN-010,4.0,5.5,-119.11,100.3,4.75,4.75,5.86,0.0,0.67,0.0,11.38,8.1,0.0,31.74,3.65,79.95,22.96,9.19,9.03,0.0,6.56,None,Pyrophyllite
S01152,SYN-010,5.5,7.5,-119.77,101.91,6.5,6.5,0.49,1.81,0.98,5.79,3.71,14.32,0.0,31.41,6.64,72.24,15.75,7.98,8.87,3.4,0.0,None,Pyrophyllite
S01153,SYN-010,7.5,8.5,-120.34,103.28,8.0,8.0,31.34,0.95,0.0,0.0,14.16,0.0,3.37,12.11,10.6,0.0,3.55,0.0,21.39,76.28,73.62,Hematite,WhiteMica
S01154,SYN-010,8.5,10.0,-120.81,104.43,9.25,9.25,3.59,0.05,0.0,2.7,11.51,2.81,18.79,11.79,13.69,3.7,0.09,3.65,23.15,15.16,14.16,Hematite,Water_silica
S01155,SYN-010,10.0,11.5,-121.38,105.8,10.75,10.75,6.78,3.82,0.0,4.35,5.91,31.54,0.0,12.1,14.45,5.47,3.67,2.36,17.73,47.57,20.01,Hematite,Dickite
S01156,SYN-010,11.5,13.5,-122.04,107.41,12.5,12.5,8.19,0.0,2.25,0.0,8.61,3.91,0.96,40.42,12.64,4.24,5.62,0.0,19.75,52.25,39.17,Hematite,Alunite
S01157,SYN-010,13.5,15.0,-122.7,109.01,14.25,14.25,5.65,0.13,0.28,6.8,12.14,2.55,7.22,16.37,5.33,0.0,3.98,3.49,17.64,60.2,28.15,Hematite,Water_silica
S01158,SYN-010,15.0,17.0,-123.37,110.61,16.0,16.0,1.68,1.41,2.09,2.03,8.28,7.19,0.0,17.15,1.06,38.83,33.13,4.82,8.36,0.28,0.55,None,Pyrophyllite
S01159,SYN-010,17.0,18.0,-123.93,111.99,17.5,17.5,9.8,0.0,1.44,1.64,12.33,4.3,1.56,11.92,23.08,0.0,0.0,6.5,29.77,14.87,29.44,Goethite,Water_silica
S01160,SYN-010,18.0,20.0,-124.5,113.36,19.0,19.0,3.89,0.0,0.42,2.25,3.46,3.8,1.62,6.73,16.73,1.39,1.3,1.46,10.66,51.87,11.83,Hematite,Gypsum
S01161,SYN-010,20.0,21.5,-125.16,114.96,20.75,20.75,55.77,0.0,18.41,2.22,8.06,0.87,31.4,3.33,2.1,0.18,2.21,1.45,3.09,4.25,1.35,None,WhiteMica
S01162,SYN-010,21.5,23.0,-125.73,116.34,22.25,22.25,5.63,1.99,0.0,0.0,13.61,3.54,4.07,6.96,19.48,2.66,3.09,0.0,24.72,21.78,10.86,Hematite,Water_silica
S01163,SYN-010,23.0,25.0,-126.39,117.94,24.0,24.0,5.34,5.85,0.0,0.0,7.07,8.09,3.64,67.74,2.42,50.83,3.27,9.35,18.35,0.0,0.0,None,Alunite
S01164,SYN-010,25.0,26.5,-127.06,119.55,25.75,25.75,5.86,2.04,3.41,3.99,9.83,4.04,0.0,10.74,18.16,3.38,1.12,0.45,9.25,46.74,31.88,Hematite,Gypsum
S01165,SYN-010,26.5,28.0,-127.62,120.92,27.25,27.25,43.4,0.42,0.0,15.82,41.88,3.24,0.0,6.32,11.27,0.0,2.3,0.0,8.55,5.4,21.92,Goethite,WhiteMica
S01166,SYN-010,28.0,29.5,-128.19,122.29,28.75,28.75,6.29,4.01,0.0,0.0,16.58,0.0,26.29,3.4,4.56,1.01,2.47,0.9,6.03,51.9,51.05,Hematite,Montmor
S01167,SYN-010,29.5,30.5,-128.67,123.44,30.0,30.0,6.36,4.59,0.0,0.41,37.1,0.0,14.03,8.3,18.73,0.0,16.69,0.24,2.36,66.71,12.37,Hematite,Kaolinite
S01168,SYN-010,30.5,32.0,-129.14,124.58,31.25,31.25,17.62,1.03,0.0,4.66,3.59,0.0,0.09,0.0,18.32,0.0,4.35,3.15,20.04,36.63,52.62,Goethite,Water_silica
S01169,SYN-010,32.0,33.0,-129.61,125.73,32.5,32.5,4.46,37.5,3.56,17.38,0.0,0.14,17.85,1.91,16.35,4.53,0.0,0.0,0.73,4.71,4.32,None,Chlorite
S01170,SYN-010,33.0,34.0,-129.99,126.65,33.5,33.5,3.57,1.83,1.7,2.36,11.81,3.03,1.34,25.99,15.82,2.22,1.43,0.0,9.62,43.75,29.63,Hematite,Alunite
S01171,SYN-010,34.0,36.0,-130.56,128.02,35.0,35.0,18.16,1.7,0.0,5.19,61.21,10.06,8.85,0.35,5.88,3.13,28.66,2.44,2.28,0.0,4.7,None,Kaolinite
S01172,SYN-010,36.0,37.5,-131.22,129.62,36.75,36.75,8.96,0.07,4.29,14.28,2.9,0.0,3.83,10.3,27.56,28.07,18.06,3.44,20.62,72.76,21.65,Hematite,Pyrophyllite
S01173,SYN-010,37.5,39.0,-131.79,131.0,38.25,38.25,0.4,2.77,0.0,0.0,15.86,1.16,0.88,7.04,10.43,2.34,0.0,0.0,31.23,48.42,17.27,Hematite,Water_silica
S01174,SYN-010,39.0,40.5,-132.36,132.37,39.75,39.75,3.44,44.43,12.32,11.68,0.66,0.0,20.33,0.0,25.78,1.21,1.37,1.61,0.26,3.63,4.61,None,Chlorite
S01175,SYN-010,40.5,42.0,-132.93,133.75,41.25,41.25,100.0,0.0,0.59,5.3,12.8,8.87,5.22,3.35,8.02,2.63,3.7,3.8,6.24,0.76,4.72,None,WhiteMica
S01176,SYN-010,42.0,43.5,-133.49,135.12,42.75,42.75,25.2,3.24,3.78,2.38,64.84,21.24,13.63,1.77,3.59,0.0,0.99,1.71,1.71,2.24,0.0,None,Kaolinite
S01177,SYN-010,43.5,45.5,-134.16,136.72,44.5,44.5,44.5,2.5,5.6,1.11,13.8,6.32,4.31,15.1,9.12,0.0,0.0,0.88,3.14,0.31,3.64,None,WhiteMica
S01178,SYN-010,45.5,47.5,-134.91,138.56,46.5,46.5,50.01,0.0,0.0,0.0,44.52,12.06,8.37,0.29,3.64,0.31,20.85,1.2,1.56,0.0,6.44,None,WhiteMica
S01179,SYN-010,47.5,49.0,-135.58,140.16,48.25,48.25,84.17,4.2,6.43,2.7,5.39,3.66,3.05,0.07,2.94,0.39,3.43,1.16,1.02,0.89,2.15,None,WhiteMica
S01180,SYN-010,49.0,50.5,-136.14,141.53,49.75,49.75,9.63,0.0,0.0,4.72,16.5,21.44,1.56,12.14,12.02,0.0,0.6,0.9,14.27,11.78,28.24,Goethite,Dickite
S01181,SYN-010,50.5,52.0,-136.71,142.91,51.25,51.25,100.0,3.02,0.0,2.96,6.54,6.25,4.21,6.68,5.01,0.0,2.07,21.77,5.48,33.02,5.69,Hematite,WhiteMica
S01182,SYN-010,52.0,53.5,-137.28,144.28,52.75,52.75,23.92,0.0,1.26,2.75,42.82,11.45,1.12,4.66,3.45,0.0,1.0,0.0,0.0,3.39,2.6,None,Kaolinite
S01183,SYN-010,53.5,55.0,-137.85,145.66,54.25,54.25,39.73,1.01,2.42,0.0,18.34,7.12,8.53,4.01,9.21,2.71,0.12,0.54,10.41,3.13,2.69,None,WhiteMica
S01184,SYN-010,55.0,56.5,-138.42,147.03,55.75,55.75,46.92,33.24,3.59,1.31,6.01,3.86,3.25,2.08,9.76,1.21,0.0,0.99,3.36,2.37,0.0,None,WhiteMica
S01185,SYN-010,56.5,58.0,-138.98,148.41,57.25,57.25,84.57,3.71,0.66,0.0,10.43,5.68,3.49,3.88,2.15,3.38,0.0,3.16,6.28,6.94,1.81,None,WhiteMica
S01186,SYN-010,58.0,59.5,-139.55,149.78,58.75,58.75,21.33,0.0,0.88,1.27,39.95,14.92,4.24,0.59,23.86,0.0,4.91,0.49,0.96,0.0,6.21,None,Kaolinite
S01187,SYN-010,59.5,61.0,-140.12,151.15,60.25,60.25,61.78,0.22,3.52,35.44,6.37,5.11,6.5,2.16,7.02,23.38,5.5,0.0,7.05,1.48,1.41,None,WhiteMica
S01188,SYN-010,61.0,62.5,-140.69,152.53,61.75,61.75,66.82,6.66,5.34,0.5,9.71,38.1,14.86,0.0,7.76,4.27,5.41,0.0,2.1,0.0,7.74,None,WhiteMica
S01189,SYN-010,62.5,63.5,-141.16,153.67,63.0,63.0,9.0,41.55,5.91,11.81,0.84,3.12,22.09,5.28,3.42,3.1,6.88,1.75,2.12,2.83,2.59,None,Chlorite
S01190,SYN-010,63.5,64.5,-141.54,154.59,64.0,64.0,3.91,52.95,22.91,3.63,4.05,3.9,34.32,36.52,13.75,3.3,1.12,19.92,0.0,0.0,6.37,None,Chlorite
S01191,SYN-010,64.5,66.0,-142.01,155.74,65.25,65.25,5.92,11.36,15.31,5.28,6.19,0.0,12.75,1.07,2.87,1.04,0.0,0.89,0.36,1.69,3.03,None,Carbonate
S01192,SYN-010,66.0,67.5,-142.58,157.11,66.75,66.75,2.1,36.63,22.76,37.85,27.33,4.06,8.85,11.22,2.42,0.0,0.0,0.14,4.55,0.0,0.0,None,Epidote
S01193,SYN-010,67.5,68.5,-143.05,158.26,68.0,68.0,12.23,0.0,1.42,0.69,11.03,8.52,8.41,23.99,3.52,7.9,0.54,0.0,0.0,1.39,1.18,None,Alunite
S01194,SYN-010,68.5,70.0,-143.53,159.4,69.25,69.25,15.3,0.0,0.0,0.35,4.88,5.19,2.66,2.55,5.98,0.0,0.0,0.0,3.45,2.15,1.19,None,WhiteMica
S01195,SYN-010,70.0,72.0,-144.19,161.0,71.0,71.0,75.12,26.93,1.53,0.18,4.98,1.41,5.02,0.0,9.88,0.0,0.0,6.22,8.12,0.03,18.37,Goethite,WhiteMica
S01196,SYN-010,72.0,73.5,-144.85,162.61,72.75,72.75,65.5,0.15,6.09,2.48,6.67,4.79,5.08,3.59,4.52,6.32,4.46,1.49,6.64,2.57,19.88,Goethite,WhiteMica
S01197,SYN-010,73.5,75.5,-145.51,164.21,74.5,74.5,6.08,15.15,26.55,10.82,0.0,0.0,5.14,3.6,14.48,3.39,27.11,0.0,2.03,0.73,0.53,None,Diaspore
S01198,SYN-010,75.5,77.5,-146.27,166.04,76.5,76.5,2.88,41.34,9.77,9.54,4.24,0.0,18.97,15.16,0.0,5.9,1.74,0.0,2.15,0.17,4.52,None,Chlorite
S01199,SYN-010,77.5,79.0,-146.93,167.65,78.25,78.25,56.33,0.0,0.0,0.0,6.04,3.44,2.98,6.96,4.88,0.1,1.0,3.83,5.18,3.4,9.57,None,WhiteMica
S01200,SYN-010,79.0,80.5,-147.5,169.02,79.75,79.75,2.81,35.72,13.5,6.66,0.0,1.23,22.27,1.93,2.33,4.3,0.0,0.0,0.63,2.34,3.51,None,Chlorite
S01201,SYN-010,80.5,81.5,-147.97,170.17,81.0,81.0,5.7,50.7,25.59,8.78,0.0,2.47,15.23,3.19,0.0,2.05,3.32,0.0,0.4,0.0,2.13,None,Chlorite
S01202,SYN-010,81.5,83.5,-148.54,171.54,82.5,82.5,8.85,34.3,17.36,3.95,12.22,0.0,24.73,0.2,0.12,1.86,0.0,0.0,1.48,28.88,0.0,Hematite,Chlorite
S01203,SYN-010,83.5,85.0,-149.21,173.14,84.25,84.25,7.19,22.91,19.75,5.33,0.0,0.0,17.07,4.4,3.56,2.0,4.2,3.3,18.66,0.0,7.95,None,Chlorite
S01204,SYN-010,85.0,87.0,-149.87,174.75,86.0,86.0,7.37,21.81,23.44,3.32,0.24,0.0,17.31,0.25,3.81,0.0,1.6,1.74,2.06,5.09,5.66,None,Carbonate
S01205,SYN-010,87.0,88.5,-150.53,176.35,87.75,87.75,5.65,24.85,22.45,8.52,26.57,0.0,6.35,2.55,2.41,0.93,0.12,6.5,2.72,0.0,1.86,None,Kaolinite
S01206,SYN-010,88.5,89.5,-151.0,177.5,89.0,89.0,5.09,21.56,18.95,8.51,0.0,4.62,14.41,3.09,0.05,0.66,0.0,30.35,0.0,0.23,3.78,None,Zunyite
S01207,SYN-010,89.5,90.5,-151.38,178.41,90.0,90.0,8.14,44.97,26.05,4.46,0.0,1.23,25.46,3.48,0.0,0.0,0.07,21.83,0.0,1.91,1.82,None,Chlorite
S01208,SYN-010,90.5,92.0,-151.86,179.56,91.25,91.25,67.42,0.29,0.91,5.85,6.91,2.51,6.18,1.4,4.22,1.35,25.71,30.22,1.06,3.03,0.06,None,WhiteMica
S01209,SYN-010,92.0,93.5,-152.42,180.93,92.75,92.75,4.48,44.07,15.51,9.52,0.0,3.04,29.32,5.56,0.0,3.84,1.01,0.85,0.0,12.87,2.01,None,Chlorite
S01210,SYN-010,93.5,94.5,-152.9,182.08,94.0,94.0,8.25,9.14,19.74,11.81,0.88,1.72,16.46,26.66,4.41,1.9,1.12,0.0,2.29,2.18,5.15,None,Alunite
S01211,SYN-010,94.5,96.0,-153.37,183.22,95.25,95.25,47.32,3.2,0.08,2.62,9.89,9.19,5.55,4.98,6.66,4.14,0.0,4.3,3.56,2.46,3.91,None,WhiteMica
S01212,SYN-010,96.0,98.0,-154.03,184.83,97.0,97.0,9.34,28.48,14.73,4.29,0.0,5.12,39.68,0.0,1.69,0.0,2.47,0.0,2.11,0.0,2.46,None,Montmor
S01213,SYN-010,98.0,99.5,-154.7,186.43,98.75,98.75,42.55,1.12,3.83,0.0,14.81,8.17,0.07,1.4,5.27,27.5,0.0,0.46,6.3,2.94,36.8,Goethite,WhiteMica
S01214,SYN-010,99.5,101.0,-155.26,187.8,100.25,100.25,3.73,28.79,23.35,6.83,3.72,0.0,29.46,0.4,0.95,1.79,0.03,0.0,2.82,0.55,2.19,None,Montmor
S01215,SYN-010,101.0,102.0,-155.74,188.95,101.5,101.5,51.69,1.18,4.18,2.82,5.87,3.39,6.95,2.95,30.64,20.83,4.46,4.64,0.0,0.0,6.11,None,WhiteMica
S01216,SYN-010,102.0,104.0,-156.3,190.32,103.0,103.0,4.12,18.16,10.95,44.16,1.62,0.98,10.41,8.81,1.61,4.39,2.51,3.48,0.34,6.23,0.38,None,Epidote
S01217,SYN-010,104.0,105.5,-156.97,191.93,104.75,104.75,4.53,33.52,3.88,7.98,5.21,0.0,20.57,4.58,2.91,0.0,14.62,1.89,1.47,0.0,2.1,None,Chlorite
S01218,SYN-010,105.5,107.5,-157.63,193.53,106.5,106.5,2.04,46.41,20.72,3.06,0.06,3.23,19.54,0.0,0.0,0.0,3.52,0.3,5.63,3.66,4.98,None,Chlorite
S01219,SYN-010,107.5,109.0,-158.29,195.13,108.25,108.25,4.73,67.8,8.66,6.41,6.56,3.99,26.71,0.33,0.0,12.96,3.56,4.05,1.28,2.96,4.8,None,Chlorite
S01220,SYN-010,109.0,110.5,-158.86,196.51,109.75,109.75,9.51,44.97,7.94,6.29,1.21,3.38,31.72,1.16,2.82,1.45,1.86,1.51,0.0,0.0,1.31,None,Chlorite
S01221,SYN-010,110.5,112.0,-159.43,197.88,111.25,111.25,3.18,18.95,25.11,7.39,0.0,0.89,20.56,1.88,22.32,0.0,2.96,0.0,2.41,0.0,0.81,None,Carbonate
S01222,SYN-010,112.0,113.0,-159.9,199.03,112.5,112.5,9.58,56.54,22.96,7.54,7.22,0.0,15.91,2.8,3.97,0.0,0.3,4.43,4.16,0.0,4.28,None,Chlorite
S01223,SYN-010,113.0,115.0,-160.47,200.4,114.0,114.0,4.83,18.35,13.53,13.64,0.0,0.98,21.44,2.91,3.08,5.25,0.61,0.0,4.05,4.02,6.58,None,Montmor
S01224,SYN-010,115.0,116.5,-161.13,202.0,115.75,115.75,11.71,31.02,0.0,7.25,0.0,15.93,27.89,4.19,0.0,1.71,0.46,0.0,14.81,3.74,5.25,None,Chlorite
S01225,SYN-010,116.5,118.0,-161.7,203.38,117.25,117.25,4.16,32.15,19.84,1.81,0.0,3.51,29.97,6.21,0.0,0.0,4.31,17.96,0.55,5.72,0.04,None,Chlorite
S01226,SYN-010,118.0,120.0,-162.36,204.98,119.0,119.0,5.61,40.09,20.77,8.33,0.0,0.13,27.96,0.87,1.71,5.38,19.15,2.04,3.09,27.59,1.32,Hematite,Chlorite
S01227,SYN-010,120.0,122.0,-163.12,206.81,121.0,121.0,3.54,44.55,19.72,14.29,0.0,0.08,35.57,0.67,0.0,28.06,0.0,0.0,1.55,7.61,0.28,None,Chlorite
S01228,SYN-010,122.0,124.0,-163.88,208.65,123.0,123.0,4.14,36.68,19.39,7.4,2.74,34.85,14.17,18.34,2.47,17.38,0.92,0.0,2.57,4.1,6.54,None,Chlorite
S01229,SYN-010,124.0,125.0,-164.44,210.02,124.5,124.5,45.88,1.35,1.61,3.69,4.44,2.57,3.58,0.81,22.28,6.75,1.82,0.7,7.03,5.89,2.85,None,WhiteMica
S01230,SYN-010,125.0,126.5,-164.92,211.17,125.75,125.75,9.61,17.16,14.69,6.42,0.0,3.2,26.15,0.51,5.18,1.75,0.0,0.0,0.0,29.34,2.23,Hematite,Montmor
S01231,SYN-010,126.5,128.5,-165.58,212.77,127.5,127.5,25.44,10.96,13.04,6.9,0.56,3.89,22.9,2.12,0.0,0.0,1.51,3.68,2.11,1.13,3.69,None,WhiteMica
S01232,SYN-010,128.5,130.0,-166.24,214.37,129.25,129.25,8.78,34.55,8.04,10.1,3.43,0.0,15.87,2.79,2.82,0.85,0.65,1.19,0.0,0.0,4.18,None,Chlorite
S01233,SYN-010,130.0,131.0,-166.72,215.52,130.5,130.5,2.45,46.91,10.98,6.89,2.36,16.69,10.58,5.52,3.38,2.66,0.0,4.0,0.67,4.95,2.02,None,Chlorite
S01234,SYN-010,131.0,133.0,-167.28,216.89,132.0,132.0,7.77,27.69,18.31,2.54,2.23,3.87,0.0,0.0,2.06,21.46,0.0,2.5,0.0,1.52,3.71,None,Chlorite
S01235,SYN-010,133.0,134.5,-167.95,218.5,133.75,133.75,3.38,8.75,18.43,5.58,4.23,4.93,5.09,2.1,26.83,0.0,0.14,0.0,0.0,1.55,3.25,None,Gypsum
S01236,SYN-010,134.5,136.0,-168.51,219.87,135.25,135.25,2.39,54.27,21.69,7.77,5.22,0.0,15.53,0.0,0.0,2.77,4.52,0.0,0.0,4.63,7.1,None,Chlorite
S01237,SYN-010,136.0,138.0,-169.18,221.47,137.0,137.0,6.64,34.17,5.87,9.93,0.0,0.0,15.65,2.21,1.36,0.0,0.0,25.49,0.0,3.87,3.09,None,Chlorite
S01238,SYN-010,138.0,139.5,-169.84,223.08,138.75,138.75,6.62,30.16,4.05,38.88,22.44,0.0,21.33,7.88,1.18,2.46,2.07,16.7,0.0,1.35,4.01,None,Epidote
S01239,SYN-010,139.5,141.0,-170.41,224.45,140.25,140.25,6.14,13.28,13.27,6.93,10.95,2.4,22.87,0.86,3.82,5.71,5.1,1.49,2.26,2.21,1.42,None,Montmor
S01240,SYN-010,141.0,142.5,-170.98,225.83,141.75,141.75,7.94,28.2,8.66,8.16,0.83,14.11,36.3,7.33,3.6,1.26,3.61,1.71,1.79,2.57,1.46,None,Montmor
S01241,SYN-010,142.5,144.0,-171.54,227.2,143.25,143.25,8.36,36.65,17.34,21.55,0.0,0.28,11.76,0.0,0.0,0.0,1.14,0.86,3.28,2.04,4.15,None,Chlorite
S01242,SYN-010,144.0,145.0,-172.02,228.35,144.5,144.5,9.97,34.34,6.57,7.67,0.0,31.52,2.2,0.05,10.9,0.0,0.63,0.9,29.87,4.8,0.72,None,Chlorite
S01243,SYN-010,145.0,147.0,-172.58,229.72,146.0,146.0,2.79,19.43,24.5,9.68,0.14,0.0,10.48,0.34,0.0,2.41,2.8,0.0,0.0,3.18,3.83,None,Carbonate
S01244,SYN-010,147.0,149.0,-173.34,231.55,148.0,148.0,10.06,27.28,10.08,3.73,4.78,0.0,31.58,1.64,4.72,1.35,4.97,0.0,32.33,1.11,2.4,None,Water_silica
S01245,SYN-010,149.0,150.5,-174.0,233.16,149.75,149.75,100.0,0.0,1.28,2.12,8.03,5.72,7.02,4.55,5.55,0.09,0.0,30.89,7.83,5.09,4.53,None,WhiteMica
S01246,SYN-010,150.5,152.0,-174.57,234.53,151.25,151.25,11.08,20.24,27.47,9.1,0.0,4.97,18.1,0.81,1.01,0.19,3.0,3.06,1.15,0.37,0.0,None,Carbonate
S01247,SYN-010,152.0,154.0,-175.23,236.13,153.0,153.0,5.01,48.97,19.77,4.07,0.0,2.43,26.2,3.11,0.0,2.83,1.66,0.0,0.85,1.64,6.61,None,Chlorite
S01248,SYN-010,154.0,155.0,-175.8,237.51,154.5,154.5,1.5,39.28,8.4,29.67,1.18,3.52,13.44,0.0,0.0,0.0,4.23,0.0,0.0,1.32,0.0,None,Chlorite
S01249,SYN-010,155.0,156.5,-176.28,238.65,155.75,155.75,2.26,21.39,31.08,5.61,0.0,0.29,13.94,0.0,1.78,3.36,1.65,0.33,0.27,0.92,7.48,None,Carbonate
S01250,SYN-010,156.5,158.0,-176.84,240.03,157.25,157.25,4.75,13.28,17.91,35.41,0.85,0.52,4.12,5.94,1.5,0.41,1.43,1.89,2.88,1.12,3.19,None,Epidote
S01251,SYN-010,158.0,159.5,-177.41,241.4,158.75,158.75,45.7,31.5,17.2,1.83,2.85,1.25,15.32,0.0,5.34,2.85,2.79,0.78,0.0,4.29,4.29,None,WhiteMica
S01252,SYN-010,159.5,160.5,-177.89,242.55,160.0,160.0,6.05,32.12,15.53,6.33,0.95,2.01,18.09,0.31,30.43,3.3,0.0,0.0,0.0,2.07,2.89,None,Chlorite
S01253,SYN-010,160.5,162.0,-178.36,243.69,161.25,161.25,4.33,22.73,19.36,7.9,0.12,4.64,25.03,2.73,2.17,0.0,8.68,3.96,1.56,6.18,3.2,None,Montmor
S01254,SYN-010,162.0,163.5,-178.93,245.07,162.75,162.75,4.15,13.7,19.78,34.6,0.81,0.0,22.54,1.09,1.1,1.02,1.59,1.78,0.0,0.65,0.62,None,Epidote
S01255,SYN-010,163.5,165.0,-179.49,246.44,164.25,164.25,2.43,15.26,9.77,15.01,3.32,0.85,34.1,0.0,3.25,0.0,11.1,4.09,3.05,20.83,4.56,Hematite,Montmor
S01256,SYN-010,165.0,166.0,-179.97,247.59,165.5,165.5,8.36,30.05,14.46,6.48,0.0,0.0,16.75,2.31,5.6,0.0,3.31,1.09,0.35,33.07,4.11,Hematite,Chlorite
S01257,SYN-010,166.0,167.5,-180.44,248.73,166.75,166.75,5.75,24.64,16.83,9.94,3.02,0.0,19.96,23.41,3.56,0.61,3.94,2.43,16.82,0.0,4.06,None,Chlorite
S01258,SYN-010,167.5,169.0,-181.01,250.11,168.25,168.25,11.67,59.46,20.2,7.66,0.0,34.06,17.87,0.0,6.13,1.97,0.0,0.0,1.55,0.02,6.74,None,Chlorite
S01259,SYN-010,169.0,170.0,-181.48,251.25,169.5,169.5,7.7,35.49,20.32,28.34,2.71,5.57,12.37,2.22,2.55,0.0,0.0,0.0,1.1,0.0,0.0,None,Chlorite
S01260,SYN-010,170.0,171.0,-181.86,252.17,170.5,170.5,8.24,13.49,17.18,8.98,0.0,3.11,21.32,14.77,0.0,1.88,0.37,11.92,1.1,0.5,3.2,None,Montmor
S01261,SYN-010,171.0,172.0,-182.24,253.08,171.5,171.5,81.8,0.0,0.0,0.0,4.94,2.43,10.2,6.37,6.68,6.08,0.0,3.92,9.5,2.32,0.0,None,WhiteMica
S01262,SYN-010,172.0,173.5,-182.71,254.23,172.75,172.75,5.35,8.65,27.65,2.29,2.56,1.78,15.77,3.9,0.0,0.0,35.96,0.0,0.0,0.0,5.92,None,Diaspore
S01263,SYN-010,173.5,174.5,-183.19,255.37,174.0,174.0,3.05,33.02,11.67,7.83,0.95,5.83,31.47,2.13,3.25,1.37,0.0,20.9,22.29,6.07,4.83,None,Chlorite
S01264,SYN-010,174.5,176.5,-183.75,256.75,175.5,175.5,3.64,23.0,7.42,9.62,1.44,2.35,11.61,5.47,0.6,7.52,1.14,3.52,0.0,1.68,2.41,None,Chlorite
S01265,SYN-010,176.5,178.0,-184.42,258.35,177.25,177.25,2.3,44.78,20.27,4.9,37.85,20.56,38.83,1.32,1.2,0.41,0.88,1.98,4.78,3.95,5.22,None,Chlorite
S01266,SYN-010,178.0,180.0,-185.08,259.96,179.0,179.0,8.46,31.55,11.56,9.65,0.0,30.85,38.85,0.0,0.0,0.0,0.0,0.0,17.22,0.0,4.25,None,Montmor
S01267,SYN-010,180.0,182.0,-185.84,261.79,181.0,181.0,4.96,3.02,14.62,1.78,1.14,1.93,20.74,0.65,4.81,1.16,2.85,1.17,18.33,0.96,0.0,None,Montmor
S01268,SYN-010,182.0,183.0,-186.4,263.16,182.5,182.5,21.24,47.46,52.53,8.34,1.96,0.87,7.25,4.23,5.03,0.72,3.45,2.58,2.44,2.7,30.34,Goethite,Carbonate
S01269,SYN-010,183.0,184.5,-186.88,264.31,183.75,183.75,6.37,19.49,16.03,46.36,13.32,3.28,17.93,0.0,0.63,0.34,1.69,2.21,0.44,2.98,0.86,None,Epidote
S01270,SYN-011,0.0,2.0,-82.47,38.88,1.0,1.0,7.35,5.69,0.0,0.61,14.4,4.26,6.29,11.07,33.34,2.87,3.54,0.0,20.95,18.93,52.82,Goethite,Gypsum
S01271,SYN-011,2.0,3.5,-82.87,40.54,2.75,2.75,3.98,4.05,0.0,2.6,8.09,0.91,10.71,4.33,10.87,0.0,1.8,0.0,26.35,34.36,19.19,Hematite,Water_silica
S01272,SYN-011,3.5,5.0,-83.22,41.96,4.25,4.25,3.75,0.0,1.38,3.21,45.1,0.28,2.49,8.16,12.52,0.06,2.97,3.16,20.34,44.16,7.0,Hematite,Kaolinite
S01273,SYN-011,5.0,6.5,-83.57,43.38,5.75,5.75,11.12,0.0,3.12,0.0,7.51,4.49,0.0,6.13,20.51,0.0,1.12,3.88,19.01,33.04,34.33,Goethite,Gypsum
S01274,SYN-011,6.5,7.5,-83.86,44.57,7.0,7.0,9.81,2.25,0.0,4.36,10.06,0.97,5.11,6.84,9.92,1.91,1.42,29.81,4.37,43.83,38.02,Hematite,Zunyite
S01275,SYN-011,7.5,9.0,-84.15,45.75,8.25,8.25,5.68,0.35,2.58,0.0,9.59,0.57,1.93,12.13,10.35,5.73,0.0,2.5,18.97,61.07,14.44,Hematite,Water_silica
S01276,SYN-011,9.0,11.0,-84.56,47.41,10.0,10.0,6.36,2.56,0.0,0.3,1.01,0.0,0.0,10.25,17.64,2.12,2.18,3.15,22.95,35.17,35.28,Goethite,Water_silica
S01277,SYN-011,11.0,13.0,-85.03,49.31,12.0,12.0,2.43,2.41,32.76,2.26,8.87,6.96,0.0,33.15,0.95,51.92,24.48,8.44,8.51,4.15,3.4,None,Pyrophyllite
S01278,SYN-011,13.0,14.0,-85.38,50.73,13.5,13.5,4.26,0.3,0.0,5.05,6.36,1.91,0.0,31.07,5.69,0.95,0.71,0.0,32.66,21.15,46.59,Goethite,Water_silica
S01279,SYN-011,14.0,15.5,-85.67,51.92,14.75,14.75,6.36,5.01,1.37,15.1,20.22,0.37,0.32,8.81,13.48,0.71,1.99,2.33,15.03,51.42,18.88,Hematite,Kaolinite
S01280,SYN-011,15.5,17.0,-86.02,53.34,16.25,16.25,4.18,1.22,2.77,2.43,9.61,0.38,1.66,5.28,13.15,0.0,0.0,1.23,27.9,65.17,6.51,Hematite,Water_silica
S01281,SYN-011,17.0,19.0,-86.42,55.0,18.0,18.0,5.79,7.25,0.95,3.02,10.72,4.83,4.1,6.25,17.95,3.96,7.53,2.08,12.97,47.42,39.09,Hematite,Gypsum
S01282,SYN-011,19.0,20.0,-86.77,56.42,19.5,19.5,10.89,2.71,0.0,3.64,9.96,1.32,0.0,13.54,19.06,2.23,1.38,0.9,25.56,33.17,18.91,Hematite,Water_silica
S01283,SYN-011,20.0,22.0,-87.12,57.84,21.0,21.0,5.74,0.0,0.95,4.78,8.15,0.08,0.0,17.17,12.99,0.0,14.39,0.0,11.26,38.69,30.88,Hematite,Alunite
S01284,SYN-011,22.0,24.0,-87.59,59.74,23.0,23.0,3.17,6.42,0.0,5.09,10.16,0.0,0.0,14.4,13.46,3.92,2.17,1.62,19.01,32.92,59.94,Goethite,Water_silica
S01285,SYN-011,24.0,25.0,-87.94,61.16,24.5,24.5,2.31,3.95,2.71,1.47,8.17,1.7,0.0,9.0,13.78,0.0,0.41,0.79,12.7,47.47,33.97,Hematite,Gypsum
S01286,SYN-011,25.0,26.0,-88.17,62.11,25.5,25.5,6.34,2.15,3.89,0.0,0.0,0.0,0.0,8.66,12.06,0.0,2.25,0.37,18.06,2.15,30.58,Goethite,Water_silica
S01287,SYN-011,26.0,28.0,-88.52,63.53,27.0,27.0,22.27,2.82,3.73,0.56,13.54,0.28,0.0,11.67,22.14,2.21,4.17,0.0,18.04,43.81,44.19,Goethite,WhiteMica
S01288,SYN-011,28.0,29.0,-88.87,64.95,28.5,28.5,6.67,0.0,1.15,1.52,17.26,28.96,2.24,8.37,44.32,0.0,1.65,3.7,18.75,38.69,59.75,Goethite,Gypsum
S01289,SYN-011,29.0,30.5,-89.16,66.14,29.75,29.75,1.63,0.0,4.01,1.07,4.76,1.69,0.0,2.87,21.98,6.81,3.35,1.3,11.57,59.01,2.91,Hematite,Gypsum
S01290,SYN-011,30.5,32.5,-89.57,67.8,31.5,31.5,7.86,1.1,0.0,0.0,8.14,0.0,1.23,14.55,8.48,0.6,3.12,0.0,17.62,15.17,23.25,Goethite,Water_silica
S01291,SYN-011,32.5,34.0,-89.98,69.46,33.25,33.25,3.14,4.65,5.66,2.29,16.75,2.23,19.79,3.72,21.88,2.78,2.97,35.55,20.78,20.28,29.58,Goethite,Zunyite
S01292,SYN-011,34.0,35.5,-90.32,70.88,34.75,34.75,32.72,0.24,4.76,6.79,2.11,5.35,4.83,3.48,3.9,2.39,5.16,1.35,8.18,0.0,5.35,None,WhiteMica
S01293,SYN-011,35.5,37.0,-90.67,72.3,36.25,36.25,6.13,2.19,0.0,0.0,6.53,0.0,0.0,12.35,14.75,23.28,5.83,30.16,15.35,48.67,44.29,Hematite,Zunyite
S01294,SYN-011,37.0,38.0,-90.96,73.49,37.5,37.5,5.09,5.47,0.0,1.41,11.74,2.99,18.73,10.74,18.31,0.0,2.08,3.5,10.96,66.61,42.75,Hematite,Montmor
S01295,SYN-011,38.0,40.0,-91.31,74.91,39.0,39.0,10.64,4.5,4.61,11.94,29.47,32.7,1.72,14.7,1.97,0.87,1.01,0.46,11.93,39.27,33.63,Hematite,Dickite
S01296,SYN-011,40.0,41.5,-91.72,76.57,40.75,40.75,6.46,1.25,0.0,1.49,12.85,1.46,1.73,11.11,24.25,3.69,1.09,1.17,26.02,37.62,3.95,Hematite,Water_silica
S01297,SYN-011,41.5,42.5,-92.01,77.75,42.0,42.0,1.68,5.97,0.94,1.84,6.3,10.12,2.35,37.4,1.75,60.82,0.0,6.12,7.29,8.51,3.12,None,Pyrophyllite
S01298,SYN-011,42.5,44.0,-92.3,78.94,43.25,43.25,11.25,4.16,1.49,3.33,10.31,3.32,15.34,5.88,44.42,0.0,2.22,3.86,18.07,27.21,23.25,Hematite,Gypsum
S01299,SYN-011,44.0,46.0,-92.71,80.6,45.0,45.0,6.27,2.99,1.18,0.76,9.18,18.95,0.54,33.01,0.0,42.89,30.2,17.2,9.25,5.94,2.84,None,Pyrophyllite
S01300,SYN-011,46.0,47.0,-93.06,82.02,46.5,46.5,100.0,0.0,0.32,2.8,11.83,6.19,3.39,4.34,8.89,3.99,1.95,0.0,6.0,2.51,6.55,None,WhiteMica
S01301,SYN-011,47.0,49.0,-93.41,83.44,48.0,48.0,46.7,0.62,0.84,0.0,8.29,6.82,8.45,37.31,8.0,3.94,0.0,0.0,6.95,2.81,3.44,None,WhiteMica
S01302,SYN-011,49.0,50.5,-93.82,85.1,49.75,49.75,6.37,3.91,0.0,0.47,2.51,0.0,2.71,22.39,4.81,97.98,9.68,3.72,7.81,2.48,2.36,None,Pyrophyllite
S01303,SYN-011,50.5,52.5,-94.22,86.76,51.5,51.5,5.81,0.3,0.0,3.66,3.29,9.78,4.12,67.22,0.05,27.56,15.52,9.8,15.66,0.0,0.0,None,Alunite
S01304,SYN-011,52.5,54.5,-94.69,88.66,53.5,53.5,6.12,0.0,0.88,5.52,4.46,15.28,1.13,35.12,0.0,17.48,10.17,10.12,37.35,0.0,3.06,None,Water_silica
S01305,SYN-011,54.5,56.5,-95.16,90.55,55.5,55.5,58.77,4.71,3.63,1.72,8.64,6.92,2.9,15.56,7.91,0.45,0.0,2.24,16.16,0.0,4.75,None,WhiteMica
S01306,SYN-011,56.5,58.5,-95.62,92.45,57.5,57.5,37.13,0.0,1.41,1.44,8.75,30.63,8.87,0.0,2.59,5.37,0.0,0.0,4.96,14.8,23.25,Goethite,WhiteMica
S01307,SYN-011,58.5,59.5,-95.97,93.87,59.0,59.0,81.42,1.01,1.69,0.65,1.06,3.89,9.73,6.27,35.68,2.98,0.93,1.13,3.62,6.16,0.0,None,WhiteMica
S01308,SYN-011,59.5,61.5,-96.32,95.3,60.5,60.5,3.42,0.08,13.84,0.0,5.8,7.68,4.03,50.72,0.0,52.1,22.8,6.94,2.51,0.73,4.12,None,Pyrophyllite
S01309,SYN-011,61.5,63.0,-96.73,96.96,62.25,62.25,17.37,0.0,3.71,12.03,5.89,6.19,3.84,1.71,36.28,6.42,3.57,1.71,6.09,4.71,21.89,Goethite,Gypsum
S01310,SYN-011,63.0,64.5,-97.08,98.38,63.75,63.75,3.49,1.17,0.98,4.28,6.13,12.37,5.07,38.31,2.86,5.81,16.5,8.88,7.65,1.35,1.94,None,Alunite
S01311,SYN-011,64.5,66.5,-97.49,100.04,65.5,65.5,2.38,0.0,5.34,1.25,4.0,15.3,4.57,53.7,0.0,35.77,29.2,9.59,6.4,1.65,7.15,None,Alunite
S01312,SYN-011,66.5,68.5,-97.95,101.93,67.5,67.5,4.42,0.0,14.1,1.79,3.32,8.76,0.0,43.04,4.99,39.34,34.07,21.2,8.75,1.36,0.9,None,Alunite
S01313,SYN-011,68.5,70.0,-98.36,103.59,69.25,69.25,10.52,0.0,1.01,3.08,65.36,14.92,5.89,0.02,3.74,4.09,1.2,0.0,0.0,0.51,7.58,None,Kaolinite
S01314,SYN-011,70.0,71.5,-98.71,105.02,70.75,70.75,37.49,2.24,0.99,4.58,4.23,7.06,0.0,30.72,2.8,55.38,8.44,5.97,6.38,6.33,13.48,None,Pyrophyllite
S01315,SYN-011,71.5,73.0,-99.06,106.44,72.25,72.25,26.23,3.96,0.23,12.25,71.0,15.95,5.14,3.01,17.18,2.32,0.0,0.0,0.0,2.29,4.93,None,Kaolinite
S01316,SYN-011,73.0,74.5,-99.41,107.86,73.75,73.75,82.8,0.0,2.71,0.0,2.9,9.46,3.43,0.0,1.15,20.01,0.95,1.78,2.94,35.62,1.98,Hematite,WhiteMica
S01317,SYN-011,74.5,76.0,-99.76,109.28,75.25,75.25,56.69,5.48,1.71,1.34,7.93,0.34,10.91,26.91,40.97,30.16,4.64,0.84,3.93,28.24,0.0,Hematite,WhiteMica
S01318,SYN-011,76.0,77.5,-100.1,110.7,76.75,76.75,17.31,3.2,0.93,0.32,60.89,26.2,5.81,3.46,0.0,0.0,0.0,0.49,0.0,5.51,2.74,None,Kaolinite
S01319,SYN-011,77.5,78.5,-100.4,111.89,78.0,78.0,63.35,5.03,1.98,0.0,8.48,6.88,5.91,4.54,6.52,3.21,1.86,2.15,10.48,2.2,4.62,None,WhiteMica
S01320,SYN-011,78.5,79.5,-100.63,112.84,79.0,79.0,67.66,2.69,0.0,0.33,25.34,2.82,9.05,2.03,19.63,1.24,0.0,3.0,3.15,1.3,1.65,None,WhiteMica
S01321,SYN-011,79.5,81.5,-100.98,114.26,80.5,80.5,55.98,0.0,0.83,2.17,5.6,9.79,4.93,3.23,5.57,31.07,2.54,0.83,5.59,0.0,2.3,None,WhiteMica
S01322,SYN-011,81.5,83.0,-101.39,115.92,82.25,82.25,20.13,2.51,4.61,2.91,56.19,11.57,7.48,14.84,4.98,0.0,27.02,33.78,0.0,3.83,3.21,None,Kaolinite
S01323,SYN-011,83.0,85.0,-101.79,117.58,84.0,84.0,54.77,1.97,3.91,0.01,4.93,8.21,4.76,2.4,35.98,5.48,0.74,2.5,0.94,5.81,0.0,None,WhiteMica
S01324,SYN-011,85.0,86.5,-102.2,119.24,85.75,85.75,2.92,0.0,3.24,0.0,1.38,14.21,0.89,25.55,3.35,79.23,14.19,7.7,10.28,22.53,2.29,Hematite,Pyrophyllite
S01325,SYN-011,86.5,87.5,-102.49,120.42,87.0,87.0,85.8,2.16,0.0,0.47,7.3,8.12,0.0,3.45,8.04,0.07,0.0,2.63,2.94,0.91,3.53,None,WhiteMica
S01326,SYN-011,87.5,88.5,-102.72,121.37,88.0,88.0,7.9,1.53,0.0,1.82,64.91,13.46,7.82,0.0,0.0,0.68,4.89,0.0,0.0,36.57,1.68,Hematite,Kaolinite
S01327,SYN-011,88.5,89.5,-102.96,122.32,89.0,89.0,35.3,4.82,6.84,0.0,63.47,17.19,4.05,0.0,7.68,0.0,0.28,4.2,1.67,0.0,6.1,None,Kaolinite
S01328,SYN-011,89.5,91.5,-103.31,123.74,90.5,90.5,19.25,0.0,0.0,0.0,31.04,6.09,8.89,0.49,0.0,2.98,3.91,0.51,34.96,0.0,3.57,None,Water_silica
S01329,SYN-011,91.5,92.5,-103.66,125.16,92.0,92.0,9.97,0.0,1.8,5.45,52.81,40.58,8.85,3.6,1.99,1.58,2.99,3.42,0.0,0.25,29.25,Goethite,Kaolinite
S01330,SYN-011,92.5,94.0,-103.95,126.35,93.25,93.25,65.87,1.26,0.0,3.25,9.29,3.7,7.53,5.73,6.15,0.27,2.19,3.87,2.97,0.28,1.72,None,WhiteMica
S01331,SYN-011,94.0,96.0,-104.35,128.01,95.0,95.0,59.08,0.0,0.0,0.0,5.91,6.71,5.96,6.81,6.73,1.54,0.58,0.0,4.69,3.45,1.27,None,WhiteMica
S01332,SYN-011,96.0,98.0,-104.82,129.91,97.0,97.0,34.4,4.01,36.17,0.73,41.6,0.0,7.6,1.63,0.0,29.2,7.12,0.0,3.36,4.05,0.86,None,Kaolinite
S01333,SYN-011,98.0,99.0,-105.17,131.33,98.5,98.5,17.01,1.27,0.47,4.99,41.89,16.0,5.51,2.58,8.5,1.81,2.33,2.24,26.27,0.96,6.84,None,Kaolinite
S01334,SYN-011,99.0,100.0,-105.4,132.28,99.5,99.5,25.31,0.0,18.24,3.19,72.63,7.77,10.42,3.07,15.56,0.0,1.39,3.65,0.82,5.97,4.56,None,Kaolinite
S01335,SYN-011,100.0,101.0,-105.64,133.22,100.5,100.5,30.33,2.58,2.56,0.0,82.01,7.92,12.77,0.0,9.57,0.77,1.42,2.18,3.37,0.71,2.05,None,Kaolinite
S01336,SYN-011,101.0,102.0,-105.87,134.17,101.5,101.5,29.34,8.58,10.16,11.04,24.59,4.34,21.01,4.16,21.46,0.5,2.18,3.12,1.91,4.91,1.82,None,WhiteMica
S01337,SYN-011,102.0,103.0,-106.1,135.12,102.5,102.5,26.69,0.1,0.69,0.0,0.0,11.34,6.39,0.0,8.97,2.17,1.9,0.07,4.03,1.08,2.2,None,WhiteMica
S01338,SYN-011,103.0,104.5,-106.39,136.31,103.75,103.75,61.86,0.29,1.58,31.44,4.63,7.01,4.72,0.58,6.82,0.0,1.7,0.13,2.8,2.03,1.54,None,WhiteMica
S01339,SYN-011,104.5,106.5,-106.8,137.97,105.5,105.5,100.0,0.0,4.71,0.0,4.78,0.0,6.48,5.33,12.08,0.56,10.0,2.58,4.28,2.17,1.26,None,WhiteMica
S01340,SYN-011,106.5,108.0,-107.21,139.62,107.25,107.25,5.21,33.57,15.96,7.21,2.99,0.0,8.53,0.0,0.65,1.29,2.17,0.0,0.0,4.09,4.26,None,Chlorite
S01341,SYN-011,108.0,109.5,-107.56,141.05,108.75,108.75,0.25,0.0,4.63,0.04,42.49,15.34,5.74,0.0,7.12,1.89,0.55,0.47,29.95,1.49,0.0,None,Kaolinite
S01342,SYN-011,109.5,110.5,-107.85,142.23,110.0,110.0,10.03,47.66,11.44,6.04,7.65,1.61,15.08,4.07,0.87,28.78,23.19,0.0,1.0,0.0,4.3,None,Chlorite
S01343,SYN-011,110.5,112.5,-108.2,143.65,111.5,111.5,28.88,0.0,0.0,1.11,66.44,24.92,9.68,3.25,0.5,0.0,0.0,2.03,0.0,3.92,0.0,None,Kaolinite
S01344,SYN-011,112.5,114.0,-108.6,145.31,113.25,113.25,21.0,2.0,0.0,2.33,73.09,3.61,3.79,28.45,4.41,0.0,2.35,1.33,0.25,1.98,17.01,Goethite,Kaolinite
S01345,SYN-011,114.0,116.0,-109.01,146.97,115.0,115.0,18.74,1.71,2.61,0.0,16.67,7.41,3.4,1.4,21.52,0.0,0.0,29.72,5.07,6.35,5.66,None,Zunyite
S01346,SYN-011,116.0,118.0,-109.48,148.87,117.0,117.0,62.51,0.0,2.57,0.0,5.63,6.4,5.1,3.49,1.84,0.0,0.0,6.44,3.72,0.0,0.4,None,WhiteMica
S01347,SYN-011,118.0,119.5,-109.89,150.53,118.75,118.75,20.92,4.99,3.2,1.65,0.0,13.23,5.66,3.57,4.97,0.0,15.49,0.0,0.0,1.48,1.17,None,WhiteMica
S01348,SYN-011,119.5,120.5,-110.18,151.71,120.0,120.0,35.97,0.47,2.01,1.64,65.73,8.08,9.11,1.56,3.08,1.13,0.0,3.59,3.62,0.0,5.44,None,Kaolinite
S01349,SYN-011,120.5,121.5,-110.41,152.66,121.0,121.0,44.57,4.61,0.0,1.52,6.37,7.66,2.64,0.0,9.65,27.78,3.97,4.15,4.49,2.25,2.22,None,WhiteMica
S01350,SYN-011,121.5,123.0,-110.7,153.85,122.25,122.25,23.9,0.43,0.88,3.66,68.8,16.51,4.83,0.37,4.88,3.15,5.32,1.92,0.0,2.26,1.05,None,Kaolinite
S01351,SYN-011,123.0,125.0,-111.11,155.51,124.0,124.0,8.49,4.8,0.57,0.43,35.24,11.09,7.93,0.0,5.12,0.01,0.4,1.68,0.82,5.5,1.19,None,Kaolinite
S01352,SYN-011,125.0,126.5,-111.52,157.17,125.75,125.75,16.25,14.74,9.48,34.25,2.02,2.25,10.03,2.35,4.39,0.74,0.0,17.27,1.33,3.21,9.04,None,Epidote
S01353,SYN-011,126.5,128.5,-111.92,158.83,127.5,127.5,19.17,3.66,15.4,2.31,45.31,16.78,12.26,4.38,0.31,0.0,3.12,0.73,0.0,0.73,1.76,None,Kaolinite
S01354,SYN-011,128.5,130.0,-112.33,160.48,129.25,129.25,25.74,3.41,2.82,16.17,4.05,2.18,5.91,4.24,7.37,0.0,1.49,4.21,0.82,2.22,4.27,None,WhiteMica
S01355,SYN-011,130.0,131.0,-112.62,161.67,130.5,130.5,23.55,1.56,1.8,1.92,81.05,10.66,10.22,0.96,2.58,3.69,0.0,3.84,2.23,4.45,4.63,None,Kaolinite
S01356,SYN-011,131.0,132.5,-112.91,162.86,131.75,131.75,20.57,0.49,0.09,0.0,6.4,7.63,4.52,7.62,7.04,1.41,2.22,7.84,1.08,0.0,6.91,None,WhiteMica
S01357,SYN-011,132.5,134.0,-113.26,164.28,133.25,133.25,32.63,0.0,0.0,3.39,24.71,14.94,13.19,0.07,5.63,4.61,3.42,0.0,1.57,3.35,7.83,None,WhiteMica
S01358,SYN-011,134.0,135.5,-113.61,165.7,134.75,134.75,45.81,2.08,2.47,2.72,12.45,6.27,6.85,1.15,2.72,4.03,0.0,0.99,6.93,0.21,0.0,None,WhiteMica
S01359,SYN-011,135.5,137.0,-113.96,167.12,136.25,136.25,6.81,29.93,47.59,2.87,0.0,0.0,11.8,0.09,3.82,0.0,0.9,12.45,0.0,1.09,24.67,Goethite,Carbonate
S01360,SYN-011,137.0,138.0,-114.25,168.31,137.5,137.5,5.41,11.16,13.75,9.41,4.35,13.26,23.91,6.82,0.0,3.26,2.88,1.15,0.04,2.04,3.35,None,Montmor
S01361,SYN-011,138.0,139.5,-114.54,169.49,138.75,138.75,8.44,28.08,15.38,11.34,2.6,7.19,17.23,1.87,2.9,4.48,0.0,2.63,3.15,0.0,0.43,None,Chlorite
S01362,SYN-011,139.5,140.5,-114.83,170.68,140.0,140.0,13.89,0.0,0.0,0.0,50.18,6.83,4.72,0.94,6.19,0.1,2.21,0.0,0.0,0.0,5.45,None,Kaolinite
S01363,SYN-011,140.5,142.5,-115.18,172.1,141.5,141.5,55.17,14.14,0.83,1.46,6.94,9.73,20.18,2.43,9.26,1.25,34.53,6.38,3.54,3.63,0.74,None,WhiteMica
S01364,SYN-011,142.5,143.5,-115.53,173.52,143.0,143.0,36.37,0.0,4.98,0.0,58.97,22.46,9.6,4.95,4.61,0.0,6.18,1.25,0.0,0.94,6.24,None,Kaolinite
S01365,SYN-011,143.5,144.5,-115.77,174.47,144.0,144.0,4.07,45.97,24.34,7.8,19.43,2.95,17.01,4.29,2.44,0.27,0.0,1.15,0.69,1.9,2.05,None,Chlorite
S01366,SYN-011,144.5,146.0,-116.06,175.66,145.25,145.25,33.77,46.42,19.64,6.33,0.0,4.13,22.56,0.0,1.67,2.08,0.0,0.8,0.68,2.56,5.69,None,Chlorite
S01367,SYN-011,146.0,147.5,-116.41,177.08,146.75,146.75,10.43,65.11,11.89,1.05,0.65,3.46,12.65,2.68,0.0,0.0,5.41,0.75,4.63,0.0,4.86,None,Chlorite
S01368,SYN-011,147.5,149.0,-116.76,178.5,148.25,148.25,66.42,7.06,0.0,0.0,3.54,4.88,3.83,18.98,3.09,0.0,1.71,2.91,5.47,0.14,0.0,None,WhiteMica
S01369,SYN-011,149.0,150.5,-117.1,179.92,149.75,149.75,6.74,29.48,14.93,8.45,2.32,0.0,2.08,2.13,0.0,1.15,0.51,0.41,1.51,16.81,0.0,Hematite,Chlorite
S01370,SYN-011,150.5,152.5,-117.51,181.58,151.5,151.5,8.12,62.76,27.52,5.52,0.0,0.87,9.1,4.65,0.0,6.01,4.79,7.2,5.47,0.0,3.42,None,Chlorite
S01371,SYN-011,152.5,154.0,-117.92,183.24,153.25,153.25,7.54,25.69,13.79,5.73,0.0,2.32,15.68,1.68,0.0,3.2,32.1,0.61,0.35,1.5,1.78,None,Diaspore
S01372,SYN-011,154.0,155.5,-118.27,184.66,154.75,154.75,11.12,37.75,16.29,13.82,0.0,0.0,17.6,0.0,0.0,1.59,5.68,0.39,3.73,1.59,4.66,None,Chlorite
S01373,SYN-011,155.5,157.0,-118.62,186.09,156.25,156.25,31.37,1.29,0.0,0.61,17.16,2.82,7.25,3.68,2.98,0.84,4.49,0.0,0.0,3.19,2.42,None,WhiteMica
S01374,SYN-011,157.0,158.0,-118.91,187.27,157.5,157.5,7.0,20.28,20.78,1.51,0.0,0.49,22.53,3.8,0.0,1.09,4.28,3.01,0.8,15.88,0.83,Hematite,Montmor
S01375,SYN-011,158.0,159.5,-119.2,188.46,158.75,158.75,7.89,29.14,48.76,2.0,0.0,1.0,16.82,0.0,27.11,25.22,27.38,2.33,2.04,0.0,3.87,None,Carbonate
S01376,SYN-011,159.5,160.5,-119.49,189.64,160.0,160.0,5.9,17.9,13.32,8.83,1.54,0.0,26.24,0.0,0.0,2.25,1.48,1.42,0.0,0.0,0.0,None,Montmor
S01377,SYN-011,160.5,162.0,-119.78,190.83,161.25,161.25,3.91,32.06,10.65,6.61,0.0,0.0,20.93,1.09,4.53,28.54,0.0,0.0,1.8,0.45,0.0,None,Chlorite
S01378,SYN-011,162.0,163.0,-120.07,192.01,162.5,162.5,67.16,3.38,1.02,1.64,0.0,6.48,3.64,2.71,10.13,17.24,0.36,0.0,5.95,2.52,0.41,None,WhiteMica
S01379,SYN-011,163.0,165.0,-120.42,193.44,164.0,164.0,2.74,38.13,47.76,37.3,0.17,4.54,6.59,33.55,6.09,0.0,2.86,0.0,25.71,0.7,0.0,None,Carbonate
S01380,SYN-011,165.0,166.5,-120.83,195.09,165.75,165.75,17.75,0.0,1.88,0.62,35.82,41.89,8.38,0.3,3.52,1.9,3.04,1.92,1.77,0.05,3.91,None,Dickite
S01381,SYN-011,166.5,168.5,-121.24,196.75,167.5,167.5,9.42,21.77,20.74,8.98,0.0,0.0,0.0,1.24,1.79,3.08,3.89,1.06,1.49,5.29,0.86,None,Chlorite
S01382,SYN-011,168.5,170.0,-121.65,198.41,169.25,169.25,3.28,21.06,25.51,8.92,0.67,1.88,9.84,0.0,2.72,0.0,5.9,30.36,0.0,3.43,3.59,None,Zunyite
S01383,SYN-011,170.0,171.0,-121.94,199.6,170.5,170.5,8.01,32.5,5.45,4.49,0.0,4.11,19.12,4.0,0.0,0.11,33.56,0.0,3.75,3.77,4.87,None,Diaspore
S01384,SYN-011,171.0,173.0,-122.29,201.02,172.0,172.0,43.16,3.29,0.1,4.19,14.61,6.92,2.79,3.4,4.68,2.33,4.37,0.0,5.16,2.87,6.17,None,WhiteMica
S01385,SYN-011,173.0,174.5,-122.69,202.68,173.75,173.75,34.13,1.29,1.97,0.0,12.1,0.0,3.69,7.93,10.13,4.34,0.35,0.63,1.61,0.0,5.0,None,WhiteMica
S01386,SYN-011,174.5,176.5,-123.1,204.34,175.5,175.5,7.12,17.6,28.69,16.74,4.85,1.13,21.01,3.96,1.66,0.0,2.28,3.19,1.95,3.83,0.0,None,Carbonate
S01387,SYN-011,176.5,178.0,-123.51,206.0,177.25,177.25,8.48,8.87,13.92,8.18,5.56,4.72,17.15,3.28,0.0,1.6,2.08,3.51,2.28,41.51,0.74,Hematite,Montmor
S01388,SYN-011,178.0,179.5,-123.86,207.42,178.75,178.75,4.61,32.45,50.63,8.6,0.02,0.13,18.97,3.03,0.0,1.41,0.58,4.08,4.96,3.52,0.0,None,Carbonate
S01389,SYN-011,179.5,181.5,-124.27,209.08,180.5,180.5,3.87,26.64,10.69,9.74,0.0,0.0,28.7,31.49,0.0,2.19,36.55,0.0,1.0,1.74,0.71,None,Diaspore
S01390,SYN-011,181.5,183.0,-124.67,210.74,182.25,182.25,7.02,26.38,4.4,5.9,3.34,1.18,18.11,1.49,0.81,1.97,0.0,3.8,2.88,0.0,25.57,Goethite,Chlorite
S01391,SYN-011,183.0,184.5,-125.02,212.16,183.75,183.75,5.21,34.57,6.55,29.55,2.68,0.25,20.83,3.34,1.1,3.01,0.0,0.0,3.11,0.11,3.75,None,Chlorite
S01392,SYN-011,184.5,186.0,-125.37,213.58,185.25,185.25,25.53,36.33,13.62,11.42,5.89,23.27,30.93,4.55,1.02,6.41,0.0,1.06,0.5,3.74,36.51,Goethite,Chlorite
S01393,SYN-011,186.0,187.5,-125.72,215.01,186.75,186.75,73.99,0.11,0.0,6.21,9.02,5.04,6.08,0.66,4.24,36.42,28.39,2.85,0.0,3.62,0.0,None,WhiteMica
S01394,SYN-011,187.5,189.5,-126.13,216.67,188.5,188.5,11.23,25.97,41.43,8.17,6.55,0.75,3.33,0.69,0.0,3.03,3.89,3.36,1.2,0.0,2.48,None,Carbonate
S01395,SYN-011,189.5,191.0,-126.54,218.33,190.25,190.25,3.86,13.85,16.22,7.63,0.0,0.0,31.85,4.46,1.47,0.0,3.61,15.6,0.0,3.2,4.49,None,Montmor
S01396,SYN-011,191.0,192.5,-126.88,219.75,191.75,191.75,3.32,47.21,14.2,7.15,4.1,33.64,0.0,1.97,0.0,0.58,2.31,0.0,0.0,0.0,0.48,None,Chlorite
S01397,SYN-011,192.5,194.5,-127.29,221.41,193.5,193.5,93.74,4.66,0.0,0.0,12.19,6.23,3.13,5.41,3.63,2.07,0.0,0.54,3.92,4.16,12.89,None,WhiteMica
S01398,SYN-011,194.5,196.0,-127.7,223.07,195.25,195.25,5.35,35.37,24.05,5.78,0.64,0.0,11.31,0.0,1.52,1.11,1.98,1.07,33.61,3.52,5.36,None,Chlorite
S01399,SYN-011,196.0,197.5,-128.05,224.49,196.75,196.75,9.38,29.72,16.01,4.62,2.57,2.24,13.47,0.95,0.61,0.0,0.0,5.33,0.0,4.45,5.5,None,Chlorite
S01400,SYN-011,197.5,199.0,-128.4,225.91,198.25,198.25,0.15,21.07,18.01,6.93,3.14,0.0,4.77,0.0,0.0,3.28,1.88,5.46,0.0,0.77,4.32,None,Chlorite
S01401,SYN-011,199.0,200.0,-128.69,227.1,199.5,199.5,9.16,18.12,38.4,9.62,3.04,27.81,36.51,0.0,0.0,5.67,4.28,4.14,0.0,3.81,16.2,Goethite,Carbonate
S01402,SYN-011,200.0,201.5,-128.98,228.28,200.75,200.75,3.54,35.78,15.94,4.8,3.7,0.0,17.59,3.83,2.56,0.0,0.0,0.0,36.15,2.29,3.27,None,Water_silica
S01403,SYN-011,201.5,202.5,-129.27,229.47,202.0,202.0,6.71,25.21,10.99,7.73,0.0,1.71,44.19,1.94,3.3,4.36,0.0,1.21,0.0,2.99,0.21,None,Montmor
S01404,SYN-011,202.5,203.5,-129.5,230.42,203.0,203.0,4.17,50.92,52.39,32.26,0.0,2.87,23.73,19.11,0.0,3.88,1.98,6.79,2.47,2.16,7.7,None,Carbonate
S01405,SYN-012,0.0,1.5,-15.26,4.95,0.75,0.75,7.51,5.01,0.0,3.0,13.97,5.09,31.81,37.57,25.74,4.2,0.0,2.29,29.31,42.73,28.23,Hematite,Alunite
S01406,SYN-012,1.5,3.0,-14.92,3.53,2.25,2.25,9.85,1.0,7.11,6.76,13.5,4.37,1.33,6.69,21.0,36.15,4.7,0.85,16.04,23.77,17.87,Hematite,Pyrophyllite
S01407,SYN-012,3.0,5.0,-14.53,1.87,4.0,4.0,5.44,0.67,5.75,0.0,7.02,0.0,12.15,4.48,1.1,2.02,0.59,0.0,16.79,16.91,69.6,Goethite,Water_silica
S01408,SYN-012,5.0,6.5,-14.14,0.21,5.75,5.75,6.93,1.55,5.07,1.9,2.19,0.0,0.0,1.41,23.59,0.0,25.83,0.0,22.35,52.22,34.93,Hematite,Diaspore
S01409,SYN-012,6.5,7.5,-13.86,-0.97,7.0,7.0,9.29,0.0,1.42,1.74,33.92,0.0,5.14,7.55,15.18,0.0,0.0,3.49,22.48,25.53,32.83,Goethite,Kaolinite
S01410,SYN-012,7.5,9.5,-13.53,-2.39,8.5,8.5,38.98,1.9,3.65,1.62,13.35,2.8,0.0,1.92,18.04,0.0,1.47,3.56,28.83,54.61,37.15,Hematite,WhiteMica
S01411,SYN-012,9.5,10.5,-13.19,-3.82,10.0,10.0,7.43,3.0,1.07,0.0,8.66,0.0,1.37,13.17,17.41,1.95,0.0,3.07,0.48,40.81,44.83,Goethite,Gypsum
S01412,SYN-012,10.5,11.5,-12.97,-4.76,11.0,11.0,5.5,0.0,0.77,3.24,5.22,12.23,1.65,23.76,0.15,60.84,31.27,5.8,32.39,0.0,0.0,None,Pyrophyllite
S01413,SYN-012,11.5,13.0,-12.69,-5.95,12.25,12.25,5.11,29.54,4.01,0.0,17.4,0.0,4.11,2.34,13.38,2.77,0.0,4.05,39.79,60.48,38.4,Hematite,Water_silica
S01414,SYN-012,13.0,14.5,-12.35,-7.37,13.75,13.75,6.96,0.0,2.55,4.41,5.84,9.72,0.0,35.85,0.0,35.69,26.45,12.92,9.28,2.82,6.24,None,Alunite
S01415,SYN-012,14.5,16.5,-11.96,-9.03,15.5,15.5,16.17,0.61,0.0,0.0,7.19,12.75,1.35,28.45,1.28,45.63,27.37,11.14,13.3,3.13,0.0,None,Pyrophyllite
S01416,SYN-012,16.5,18.5,-11.51,-10.93,17.5,17.5,5.57,23.4,0.17,1.22,16.5,0.0,15.79,6.63,11.45,0.3,26.54,0.0,9.37,21.51,38.14,Goethite,Diaspore
S01417,SYN-012,18.5,20.0,-11.12,-12.59,19.25,19.25,9.07,1.09,5.16,0.0,13.49,1.95,1.79,6.79,45.9,0.0,0.58,20.56,16.99,71.08,27.76,Hematite,Gypsum
S01418,SYN-012,20.0,21.0,-10.84,-13.77,20.5,20.5,9.63,0.0,0.05,0.36,8.75,30.73,0.0,8.62,8.76,0.0,0.0,0.01,8.99,42.16,20.69,Hematite,Dickite
S01419,SYN-012,21.0,22.5,-10.56,-14.96,21.75,21.75,15.97,16.5,0.33,0.0,0.59,0.0,29.17,4.88,14.18,2.13,1.91,0.0,19.72,14.05,53.77,Goethite,Montmor
S01420,SYN-012,22.5,24.0,-10.22,-16.38,23.25,23.25,3.99,0.28,0.03,0.46,9.22,0.0,1.14,12.09,42.63,16.2,4.27,0.0,9.34,28.4,33.21,Goethite,Gypsum
S01421,SYN-012,24.0,25.0,-9.94,-17.56,24.5,24.5,3.56,0.0,1.68,23.95,1.74,0.0,1.67,8.59,6.32,2.88,29.31,1.63,33.75,28.96,15.84,Hematite,Water_silica
S01422,SYN-012,25.0,26.5,-9.66,-18.75,25.75,25.75,8.24,38.07,0.23,0.0,0.0,0.0,3.97,7.94,12.75,12.48,0.0,3.82,8.6,49.43,27.02,Hematite,Chlorite
S01423,SYN-012,26.5,28.0,-9.33,-20.17,27.25,27.25,3.49,3.65,2.42,3.37,12.91,2.41,3.2,5.66,21.36,0.19,1.15,2.5,27.21,23.96,23.6,Hematite,Water_silica
S01424,SYN-012,28.0,29.0,-9.05,-21.36,28.5,28.5,8.21,1.88,0.0,0.0,15.28,1.99,0.0,9.98,8.85,0.95,2.65,0.0,23.39,18.69,38.43,Goethite,Water_silica
S01425,SYN-012,29.0,30.5,-8.77,-22.54,29.75,29.75,7.47,3.12,21.36,0.08,1.22,1.63,4.37,37.45,33.43,29.53,0.27,3.59,28.25,34.36,24.05,Hematite,Alunite
S01426,SYN-012,30.5,32.0,-8.43,-23.96,31.25,31.25,4.53,0.0,5.0,24.59,8.85,5.17,30.02,17.7,1.51,0.0,1.99,1.97,2.09,59.44,8.58,Hematite,Montmor
S01427,SYN-012,32.0,33.0,-8.15,-25.15,32.5,32.5,8.49,0.0,19.0,0.0,6.45,14.32,24.14,11.45,26.03,98.47,13.54,8.26,19.21,0.0,2.32,None,Pyrophyllite
S01428,SYN-012,33.0,34.5,-7.87,-26.33,33.75,33.75,2.24,0.63,1.51,5.3,10.84,9.76,5.06,27.64,2.38,0.0,7.31,24.44,3.2,3.43,3.94,None,Alunite
S01429,SYN-012,34.5,36.5,-7.48,-27.99,35.5,35.5,29.1,2.83,3.03,0.0,9.9,0.0,2.06,3.75,5.89,24.93,0.0,1.49,32.59,3.3,1.17,None,Water_silica
S01430,SYN-012,36.5,38.0,-7.09,-29.65,37.25,37.25,24.77,2.7,0.62,0.0,8.19,11.37,2.39,26.44,3.49,65.41,29.51,6.84,6.27,0.31,0.0,None,Pyrophyllite
S01431,SYN-012,38.0,40.0,-6.69,-31.31,39.0,39.0,5.79,2.64,0.0,2.25,7.99,12.35,0.0,44.68,0.0,1.92,6.84,30.84,3.04,2.66,0.94,None,Alunite
S01432,SYN-012,40.0,41.5,-6.3,-32.97,40.75,40.75,10.22,1.0,1.39,0.51,9.92,0.0,3.36,4.61,11.04,2.54,1.86,0.0,32.39,44.35,35.38,Hematite,Water_silica
S01433,SYN-012,41.5,43.5,-5.91,-34.63,42.5,42.5,2.05,4.44,6.75,13.54,8.68,0.0,0.07,7.51,24.61,0.0,0.0,1.72,37.28,36.55,21.27,Hematite,Water_silica
S01434,SYN-012,43.5,44.5,-5.57,-36.05,44.0,44.0,2.07,0.0,1.5,38.35,6.98,7.92,1.52,11.16,2.92,55.26,18.05,21.96,5.88,19.78,2.37,Hematite,Pyrophyllite
S01435,SYN-012,44.5,46.0,-5.29,-37.23,45.25,45.25,3.32,0.0,1.72,2.19,7.45,15.35,1.83,24.61,1.84,67.87,12.61,2.2,0.0,3.47,3.41,None,Pyrophyllite
S01436,SYN-012,46.0,47.0,-5.01,-38.42,46.5,46.5,0.0,0.0,0.0,2.61,5.4,5.36,2.41,21.19,3.99,62.62,18.61,5.98,11.02,0.0,2.69,None,Pyrophyllite
S01437,SYN-012,47.0,48.5,-4.73,-39.6,47.75,47.75,1.75,2.84,21.21,0.54,37.61,21.17,1.37,42.73,5.31,39.65,4.16,4.03,2.66,5.31,3.31,None,Alunite
S01438,SYN-012,48.5,50.0,-4.4,-41.03,49.25,49.25,0.24,3.42,1.74,2.36,11.19,13.45,3.56,24.15,3.15,61.36,24.89,5.45,10.6,5.18,3.83,None,Pyrophyllite
S01439,SYN-012,50.0,51.0,-4.12,-42.21,50.5,50.5,2.91,2.08,0.0,12.54,5.81,5.25,0.0,47.06,1.06,31.68,29.1,14.57,5.69,4.04,4.67,None,Alunite
S01440,SYN-012,51.0,53.0,-3.78,-43.63,52.0,52.0,3.01,4.2,0.0,0.0,2.4,13.92,0.88,31.32,4.21,89.21,39.08,37.35,7.03,6.87,1.84,None,Pyrophyllite
S01441,SYN-012,53.0,54.5,-3.39,-45.29,53.75,53.75,4.22,5.52,2.53,1.29,7.88,10.86,5.67,39.05,1.32,75.57,8.99,8.68,13.86,5.57,3.85,None,Pyrophyllite
S01442,SYN-012,54.5,56.0,-3.05,-46.71,55.25,55.25,64.36,0.0,3.97,1.55,7.73,7.82,6.97,8.59,4.14,0.15,3.14,5.99,8.46,4.34,0.06,None,WhiteMica
S01443,SYN-012,56.0,57.0,-2.77,-47.9,56.5,56.5,7.1,0.0,1.14,0.0,8.36,15.96,0.32,47.92,0.54,41.58,21.52,7.17,6.87,5.91,0.0,None,Alunite
S01444,SYN-012,57.0,58.5,-2.49,-49.09,57.75,57.75,5.69,4.92,0.01,2.64,6.42,47.03,1.8,14.69,28.48,89.08,16.61,10.25,4.5,1.69,1.83,None,Pyrophyllite
S01445,SYN-012,58.5,60.0,-2.16,-50.51,59.25,59.25,0.0,0.55,0.0,0.0,0.93,9.27,0.0,28.44,1.44,59.82,17.99,6.58,16.42,0.62,10.76,None,Pyrophyllite
S01446,SYN-012,60.0,61.5,-1.82,-51.93,60.75,60.75,5.52,3.75,0.0,2.11,28.85,11.04,6.59,38.06,3.71,27.04,31.44,6.01,23.14,4.45,2.97,None,Alunite
S01447,SYN-012,61.5,62.5,-1.54,-53.11,62.0,62.0,4.28,2.97,0.87,24.59,6.62,25.49,1.91,34.85,0.0,83.9,14.48,5.52,11.06,1.73,5.1,None,Pyrophyllite
S01448,SYN-012,62.5,64.5,-1.21,-54.54,63.5,63.5,8.28,2.33,2.65,3.28,3.54,6.23,4.65,3.44,5.51,0.0,35.57,1.31,9.88,4.3,5.97,None,Diaspore
S01449,SYN-012,64.5,66.5,-0.76,-56.43,65.5,65.5,3.76,0.0,6.26,0.0,5.16,19.1,0.0,13.32,0.0,95.68,23.5,5.32,9.98,0.07,2.22,None,Pyrophyllite
S01450,SYN-012,66.5,68.0,-0.37,-58.09,67.25,67.25,3.94,0.0,2.61,0.0,9.21,10.38,3.93,42.03,0.0,48.67,3.86,13.41,6.92,0.35,6.71,None,Pyrophyllite
S01451,SYN-012,68.0,69.5,-0.03,-59.51,68.75,68.75,4.51,0.0,0.0,0.18,0.53,9.38,0.0,32.69,3.75,64.06,18.58,9.37,10.76,0.0,4.24,None,Pyrophyllite
S01452,SYN-012,69.5,71.5,0.36,-61.17,70.5,70.5,2.27,0.0,2.97,2.8,6.3,9.12,2.91,33.85,2.2,54.68,25.54,5.78,10.15,0.0,5.73,None,Pyrophyllite
S01453,SYN-012,71.5,73.5,0.81,-63.07,72.5,72.5,3.54,3.4,0.0,18.51,4.54,27.61,3.77,28.81,4.89,69.34,16.78,30.47,7.01,19.08,3.49,Hematite,Pyrophyllite
S01454,SYN-012,73.5,75.0,1.2,-64.73,74.25,74.25,19.51,23.48,0.0,0.5,14.87,6.22,6.92,2.87,35.36,0.76,1.43,6.11,5.83,0.0,3.63,None,Gypsum
S01455,SYN-012,75.0,77.0,1.59,-66.39,76.0,76.0,6.96,6.37,1.19,0.0,10.03,4.9,6.27,0.0,0.0,100.0,22.98,12.13,8.88,0.0,6.56,None,Pyrophyllite
S01456,SYN-012,77.0,79.0,2.04,-68.28,78.0,78.0,2.24,0.56,0.0,1.46,6.66,8.28,1.76,39.85,0.0,79.4,11.43,5.43,7.14,0.0,1.78,None,Pyrophyllite
S01457,SYN-012,79.0,81.0,2.49,-70.18,80.0,80.0,1.43,3.34,6.26,1.85,3.67,5.45,1.32,40.47,5.09,9.26,14.22,6.94,5.62,0.98,3.83,None,Alunite
S01458,SYN-012,81.0,82.5,2.88,-71.84,81.75,81.75,31.77,4.91,0.0,1.75,9.07,6.03,0.0,25.93,0.0,42.17,16.91,8.03,0.0,2.22,3.24,None,Pyrophyllite
S01459,SYN-012,82.5,83.5,3.16,-73.02,83.0,83.0,1.17,16.04,1.98,0.0,0.0,44.66,0.06,10.62,2.89,78.89,40.9,5.23,6.96,6.9,3.35,None,Pyrophyllite
S01460,SYN-012,83.5,84.5,3.39,-73.97,84.0,84.0,0.0,1.14,32.33,1.59,7.37,10.12,0.0,24.29,0.0,64.16,25.28,6.22,7.94,3.99,4.75,None,Pyrophyllite
S01461,SYN-012,84.5,86.0,3.67,-75.16,85.25,85.25,3.14,0.59,3.05,3.49,2.59,6.66,0.75,57.07,1.65,63.59,26.85,6.22,2.95,0.53,3.85,None,Pyrophyllite
S01462,SYN-012,86.0,87.5,4.0,-76.58,86.75,86.75,7.62,2.54,1.93,31.28,29.47,9.32,0.0,26.13,0.79,32.32,23.25,7.47,10.99,2.06,2.85,None,Pyrophyllite
S01463,SYN-012,87.5,89.0,4.34,-78.0,88.25,88.25,3.9,3.39,4.34,2.23,5.35,8.89,3.17,49.72,0.0,71.78,0.0,19.01,18.2,0.66,7.25,None,Pyrophyllite
S01464,SYN-012,89.0,90.5,4.67,-79.42,89.75,89.75,4.45,2.35,3.0,5.31,8.46,10.24,0.0,27.2,5.93,55.93,15.42,4.75,9.46,4.21,4.01,None,Pyrophyllite
S01465,SYN-012,90.5,92.0,5.01,-80.84,91.25,91.25,0.0,2.27,0.0,1.62,24.04,3.22,2.39,36.54,0.0,69.95,24.82,2.7,8.93,3.41,1.45,None,Pyrophyllite
S01466,SYN-012,92.0,94.0,5.4,-82.5,93.0,93.0,5.1,32.25,8.49,9.96,1.2,5.09,0.91,13.04,0.0,64.78,16.67,11.52,7.54,0.64,3.07,None,Pyrophyllite
S01467,SYN-012,94.0,95.0,5.74,-83.93,94.5,94.5,4.23,0.0,2.59,0.0,7.21,3.51,0.0,60.58,0.0,20.22,16.2,8.66,5.86,2.96,3.06,None,Alunite
S01468,SYN-012,95.0,96.0,5.96,-84.87,95.5,95.5,42.63,0.0,0.0,1.98,6.43,7.95,4.45,5.12,4.65,4.63,0.98,3.13,4.74,3.13,34.37,Goethite,WhiteMica
S01469,SYN-012,96.0,98.0,6.3,-86.3,97.0,97.0,2.34,3.44,0.0,25.25,11.95,5.95,0.0,68.26,0.0,100.0,25.58,6.89,5.36,2.14,1.92,None,Pyrophyllite
S01470,SYN-012,98.0,100.0,6.75,-88.19,99.0,99.0,4.45,0.0,1.71,0.0,4.45,6.75,1.78,18.79,0.38,22.63,25.99,11.12,1.82,2.98,2.75,None,Diaspore
S01471,SYN-012,100.0,102.0,7.19,-90.09,101.0,101.0,4.43,2.75,2.78,0.42,36.97,5.34,4.63,28.04,0.0,100.0,22.85,3.59,13.19,3.44,4.29,None,Pyrophyllite
S01472,SYN-012,102.0,104.0,7.64,-91.98,103.0,103.0,19.0,3.09,2.68,2.36,6.64,13.44,0.0,47.16,3.68,1.53,17.84,42.07,26.77,7.33,0.21,None,Alunite
S01473,SYN-012,104.0,106.0,8.09,-93.88,105.0,105.0,20.4,8.08,18.5,8.7,11.33,0.42,6.91,24.4,0.41,5.83,0.0,0.0,1.33,5.0,4.46,None,Alunite
S01474,SYN-012,106.0,107.5,8.48,-95.54,106.75,106.75,11.38,39.08,21.29,14.4,4.17,3.08,29.67,0.0,0.0,1.89,3.12,3.46,0.0,0.0,2.52,None,Chlorite
S01475,SYN-012,107.5,109.0,8.82,-96.96,108.25,108.25,6.34,38.68,18.17,10.6,0.0,1.74,27.06,17.69,0.08,3.28,3.24,0.0,1.93,2.63,0.32,None,Chlorite
S01476,SYN-012,109.0,110.5,9.15,-98.38,109.75,109.75,25.07,24.95,6.86,5.43,14.23,5.18,50.29,1.68,0.0,0.0,2.66,3.21,5.11,24.19,4.33,Hematite,Montmor
S01477,SYN-012,110.5,112.0,9.49,-99.8,111.25,111.25,4.83,0.0,2.44,4.13,8.24,18.28,1.32,42.75,1.99,56.69,40.43,37.99,4.42,2.91,3.81,None,Pyrophyllite
S01478,SYN-012,112.0,114.0,9.88,-101.46,113.0,113.0,6.99,0.0,3.62,0.0,7.78,13.72,2.41,38.51,0.0,40.19,21.19,8.12,9.95,6.61,4.47,None,Pyrophyllite
S01479,SYN-012,114.0,115.5,10.27,-103.12,114.75,114.75,11.37,24.83,6.56,8.49,37.03,8.21,15.4,0.16,0.0,0.0,0.0,19.58,0.0,8.56,5.8,None,Kaolinite
S01480,SYN-012,115.5,117.0,10.61,-104.55,116.25,116.25,10.63,27.11,7.89,5.59,47.96,0.0,13.36,2.32,0.21,0.0,2.17,3.76,1.54,0.0,7.62,None,Kaolinite
S01481,SYN-012,117.0,118.5,10.94,-105.97,117.75,117.75,3.43,6.5,3.37,1.45,5.03,7.46,1.15,37.6,0.0,94.99,1.15,8.18,3.73,1.83,3.24,None,Pyrophyllite
S01482,SYN-012,118.5,119.5,11.22,-107.15,119.0,119.0,1.83,1.0,15.98,1.03,3.83,10.95,0.0,37.37,6.59,29.89,62.57,33.34,10.08,2.18,2.36,None,Diaspore
S01483,SYN-012,119.5,120.5,11.45,-108.1,120.0,120.0,87.62,0.0,0.0,6.5,36.45,4.89,3.57,4.22,6.61,3.22,1.08,3.86,4.75,0.0,2.74,None,WhiteMica
S01484,SYN-012,120.5,121.5,11.67,-109.05,121.0,121.0,13.93,21.11,7.62,0.0,15.3,2.8,16.96,0.93,2.05,3.34,0.0,3.02,0.0,5.48,2.16,None,Chlorite
S01485,SYN-012,121.5,123.5,12.01,-110.47,122.5,122.5,18.34,21.22,1.81,4.05,23.0,2.89,47.53,0.0,0.0,2.63,3.59,4.69,4.38,2.86,1.68,None,Montmor
S01486,SYN-012,123.5,125.0,12.4,-112.13,124.25,124.25,5.84,23.37,10.62,6.36,15.95,5.32,12.5,0.0,0.0,2.32,1.34,0.49,0.0,0.0,3.09,None,Chlorite
S01487,SYN-012,125.0,127.0,12.79,-113.79,126.0,126.0,19.97,26.75,10.98,8.92,22.97,0.0,14.22,3.18,2.25,2.06,1.91,0.0,5.93,2.81,0.0,None,Chlorite
S01488,SYN-012,127.0,128.5,13.18,-115.45,127.75,127.75,5.86,21.98,9.16,5.59,9.01,3.35,9.72,0.0,2.75,0.27,1.15,0.0,20.66,0.03,5.14,None,Chlorite
S01489,SYN-012,128.5,129.5,13.46,-116.63,129.0,129.0,4.09,39.97,17.13,37.01,5.85,2.54,23.22,0.74,4.13,0.0,4.23,3.21,2.88,1.94,3.94,None,Chlorite
S01490,SYN-012,129.5,130.5,13.69,-117.58,130.0,130.0,25.31,21.32,11.11,6.08,8.87,0.0,9.65,0.0,7.53,4.6,4.04,4.64,1.98,9.17,6.84,None,WhiteMica
S01491,SYN-012,130.5,132.5,14.02,-119.0,131.5,131.5,19.7,8.92,11.16,4.41,18.98,2.25,23.96,0.7,1.37,0.0,1.96,0.0,2.48,30.6,0.9,Hematite,Montmor
S01492,SYN-012,132.5,134.0,14.42,-120.66,133.25,133.25,29.77,41.94,4.08,10.21,21.48,1.04,22.81,0.0,2.54,0.02,3.69,0.85,3.36,4.11,6.64,None,Chlorite
S01493,SYN-012,134.0,136.0,14.81,-122.32,135.0,135.0,20.82,27.3,11.3,10.05,17.42,3.32,13.93,3.02,0.39,0.0,0.0,25.69,0.0,17.89,20.89,Goethite,Chlorite
S01494,SYN-012,136.0,137.0,15.14,-123.74,136.5,136.5,13.81,24.07,12.51,4.17,0.0,0.61,13.51,2.8,4.46,0.88,24.09,2.26,0.0,0.0,0.68,None,Diaspore
S01495,SYN-012,137.0,138.5,15.42,-124.93,137.75,137.75,5.19,29.74,26.67,11.31,0.0,1.06,15.37,2.94,2.37,4.08,1.6,0.0,0.0,1.86,0.32,None,Chlorite
S01496,SYN-012,138.5,140.5,15.82,-126.59,139.5,139.5,10.25,15.82,2.81,1.91,17.04,3.73,16.34,3.57,0.0,0.0,5.27,2.72,0.04,1.5,3.89,None,Kaolinite
S01497,SYN-012,140.5,141.5,16.15,-128.01,141.0,141.0,17.72,12.06,16.58,1.12,11.96,0.0,10.57,1.75,0.78,0.0,5.37,2.84,2.93,5.92,4.51,None,WhiteMica
S01498,SYN-012,141.5,143.0,16.43,-129.19,142.25,142.25,6.24,31.37,25.77,6.04,0.25,2.34,18.96,0.0,0.0,4.37,0.0,0.48,16.54,3.1,19.64,Goethite,Chlorite
S01499,SYN-012,143.0,145.0,16.82,-130.85,144.0,144.0,15.78,30.51,4.44,27.93,35.04,1.0,11.18,0.0,1.58,0.0,0.0,42.48,1.21,1.42,1.48,None,Zunyite
S01500,SYN-012,145.0,146.5,17.22,-132.51,145.75,145.75,24.54,20.42,4.88,40.19,12.11,1.68,19.9,0.0,2.17,0.0,30.75,3.12,3.9,0.0,9.05,None,Epidote
S01501,SYN-012,146.5,148.0,17.55,-133.93,147.25,147.25,11.02,15.44,4.58,0.0,11.48,4.33,19.85,2.37,2.11,0.08,0.0,5.93,0.0,1.89,0.25,None,Montmor
S01502,SYN-012,148.0,149.5,17.89,-135.36,148.75,148.75,9.31,28.15,33.74,3.89,18.76,5.39,4.63,2.58,3.29,0.0,0.0,4.82,0.0,6.84,5.97,None,Carbonate
S01503,SYN-012,149.5,151.0,18.22,-136.78,150.25,150.25,56.81,8.61,12.41,6.73,18.49,3.28,15.18,2.99,0.44,2.1,0.36,1.36,0.57,2.95,0.0,None,WhiteMica
S01504,SYN-013,0.0,2.0,-167.85,-10.04,1.0,1.0,10.48,0.0,4.02,0.27,3.8,0.0,7.99,1.13,9.19,1.74,4.21,3.24,42.18,53.07,0.0,Hematite,Water_silica
S01505,SYN-013,2.0,4.0,-169.71,-9.55,3.0,3.0,6.86,0.0,6.55,14.83,15.99,0.0,0.0,38.42,12.19,0.47,14.51,2.61,21.01,23.6,39.42,Goethite,Alunite
S01506,SYN-013,4.0,5.5,-171.34,-9.12,4.75,4.75,0.4,1.4,1.05,2.15,3.92,0.0,1.01,3.09,14.33,0.32,0.38,0.0,12.9,75.81,11.47,Hematite,Gypsum
S01507,SYN-013,5.5,7.5,-172.96,-8.69,6.5,6.5,10.3,1.46,0.0,0.0,13.78,36.97,1.6,8.99,20.97,7.23,2.33,0.0,24.27,73.4,15.54,Hematite,Dickite
S01508,SYN-013,7.5,8.5,-174.35,-8.33,8.0,8.0,8.62,2.82,0.0,3.42,3.81,1.94,0.59,12.45,19.4,0.37,0.0,6.46,31.32,33.06,29.01,Hematite,Water_silica
S01509,SYN-013,8.5,9.5,-175.28,-8.08,9.0,9.0,4.84,0.0,0.0,16.25,12.17,3.77,0.0,6.52,13.03,0.14,4.36,0.0,10.04,43.6,29.77,Hematite,Epidote
S01510,SYN-013,9.5,11.0,-176.44,-7.77,10.25,10.25,3.4,0.0,0.0,5.2,8.8,2.13,6.71,4.64,17.78,0.0,24.92,1.43,7.33,39.72,21.16,Hematite,Diaspore
S01511,SYN-013,11.0,13.0,-178.07,-7.35,12.0,12.0,1.76,3.5,0.0,6.66,6.53,0.19,0.0,12.75,31.87,3.68,5.72,0.0,15.88,31.87,32.6,Goethite,Gypsum
S01512,SYN-013,13.0,14.0,-179.46,-6.98,13.5,13.5,12.52,0.0,3.76,3.54,12.37,0.0,0.0,10.56,3.63,0.0,4.02,4.57,47.44,59.07,38.56,Hematite,Water_silica
S01513,SYN-013,14.0,15.0,-180.39,-6.73,14.5,14.5,3.51,0.0,0.0,0.0,11.5,2.29,0.93,3.93,11.63,1.12,0.0,3.27,24.81,14.09,16.4,Goethite,Water_silica
S01514,SYN-013,15.0,16.5,-181.55,-6.43,15.75,15.75,2.59,0.0,3.52,6.63,0.0,0.0,1.68,8.5,6.44,0.0,34.26,5.61,22.05,34.69,28.91,Hematite,Diaspore
S01515,SYN-013,16.5,18.5,-183.17,-6.0,17.5,17.5,6.72,3.76,6.66,0.0,12.33,0.0,0.0,4.93,9.42,2.24,0.0,0.0,26.32,51.33,29.64,Hematite,Water_silica
S01516,SYN-013,18.5,19.5,-184.56,-5.63,19.0,19.0,1.58,2.08,0.0,0.0,15.32,2.18,3.58,11.82,18.1,3.53,0.0,4.34,27.45,91.23,43.07,Hematite,Water_silica
S01517,SYN-013,19.5,21.0,-185.72,-5.32,20.25,20.25,3.35,1.98,2.17,5.83,9.45,1.79,1.58,8.44,6.44,4.47,0.0,0.0,20.71,67.38,30.66,Hematite,Water_silica
S01518,SYN-013,21.0,22.5,-187.12,-4.96,21.75,21.75,8.69,1.96,0.2,2.7,8.94,5.12,1.25,13.5,28.55,0.91,2.79,5.17,17.57,61.76,4.75,Hematite,Gypsum
S01519,SYN-013,22.5,24.0,-188.51,-4.59,23.25,23.25,7.25,0.0,3.27,0.0,18.52,2.94,2.6,4.65,18.15,0.0,0.06,0.0,13.32,26.8,57.04,Goethite,Kaolinite
S01520,SYN-013,24.0,25.0,-189.67,-4.28,24.5,24.5,3.56,0.0,6.47,1.29,9.55,9.7,2.4,28.68,0.0,27.9,19.1,6.19,9.46,3.64,1.1,None,Alunite
S01521,SYN-013,25.0,26.0,-190.6,-4.04,25.5,25.5,4.96,0.0,0.0,0.0,6.81,1.97,0.0,8.82,10.32,0.0,3.16,3.9,19.77,33.7,29.33,Hematite,Water_silica
S01522,SYN-013,26.0,27.5,-191.76,-3.73,26.75,26.75,6.05,0.07,0.87,2.58,9.25,0.42,0.0,7.96,13.17,1.24,1.76,24.28,27.27,68.64,31.13,Hematite,Water_silica
S01523,SYN-013,27.5,29.0,-193.15,-3.36,28.25,28.25,4.81,0.0,4.0,0.0,11.49,31.59,1.14,34.13,5.88,1.83,0.0,3.0,26.78,64.16,26.55,Hematite,Alunite
S01524,SYN-013,29.0,31.0,-194.78,-2.93,30.0,30.0,6.14,30.72,6.12,1.55,3.91,31.13,0.0,47.87,21.92,55.85,12.3,4.97,5.57,0.0,5.27,None,Pyrophyllite
S01525,SYN-013,31.0,32.5,-196.4,-2.51,31.75,31.75,5.83,0.52,1.08,0.0,10.22,0.5,3.52,37.2,4.71,2.56,3.3,2.7,25.0,95.39,54.74,Hematite,Alunite
S01526,SYN-013,32.5,34.0,-197.79,-2.14,33.25,33.25,3.94,1.82,0.0,6.12,21.36,3.59,0.59,10.53,11.57,0.0,2.5,2.44,17.08,53.51,33.25,Hematite,Kaolinite
S01527,SYN-013,34.0,36.0,-199.42,-1.71,35.0,35.0,6.48,0.42,15.16,12.96,0.72,2.3,12.85,0.25,31.43,2.39,18.02,3.07,0.0,4.29,7.42,None,Gypsum
S01528,SYN-013,36.0,37.5,-201.04,-1.28,36.75,36.75,7.71,0.0,2.56,0.0,44.45,49.49,6.91,4.27,3.74,0.0,0.0,1.38,20.65,12.57,5.86,None,Dickite
S01529,SYN-013,37.5,39.0,-202.43,-0.91,38.25,38.25,37.68,2.11,3.43,1.71,8.13,6.12,0.64,35.87,10.44,4.2,0.0,0.64,4.82,2.06,2.65,None,WhiteMica
S01530,SYN-013,39.0,41.0,-204.06,-0.48,40.0,40.0,4.43,3.72,4.3,6.57,10.4,2.36,0.41,10.44,22.24,1.54,0.0,7.38,8.31,73.42,37.61,Hematite,Gypsum
S01531,SYN-013,41.0,42.0,-205.45,-0.12,41.5,41.5,23.8,15.77,11.37,8.57,0.0,23.76,8.07,0.0,4.37,1.96,25.86,0.3,2.43,2.43,0.17,None,Diaspore
S01532,SYN-013,42.0,43.5,-206.61,0.19,42.75,42.75,36.7,0.0,0.0,8.66,8.2,8.34,2.18,4.4,6.79,33.72,0.02,1.02,3.23,2.5,6.24,None,WhiteMica
S01533,SYN-013,43.5,45.5,-208.24,0.62,44.5,44.5,24.69,0.0,0.0,0.0,30.91,14.91,5.0,2.07,6.13,3.6,0.85,1.68,2.19,1.35,2.61,None,Kaolinite
S01534,SYN-013,45.5,46.5,-209.63,0.99,46.0,46.0,6.0,16.45,19.09,7.84,0.0,0.0,21.47,0.0,1.74,30.44,0.0,0.0,20.69,0.76,6.68,None,Pyrophyllite
S01535,SYN-013,46.5,48.0,-210.79,1.29,47.25,47.25,28.02,1.81,0.0,0.91,52.49,5.42,4.07,1.5,10.07,1.81,1.25,5.14,2.85,0.0,5.92,None,Kaolinite
S01536,SYN-013,48.0,49.0,-211.95,1.6,48.5,48.5,2.28,23.98,11.33,3.63,3.48,4.58,5.86,6.64,0.0,3.57,0.86,3.9,3.18,1.08,4.38,None,Chlorite
S01537,SYN-013,49.0,50.0,-212.88,1.85,49.5,49.5,58.94,0.0,3.41,4.36,10.07,6.15,2.82,0.0,9.18,14.43,0.47,1.24,41.02,4.78,1.03,None,WhiteMica
S01538,SYN-013,50.0,51.5,-214.04,2.15,50.75,50.75,22.69,29.44,22.37,6.55,0.0,1.51,16.48,0.0,3.32,1.24,0.0,3.09,0.79,0.6,1.18,None,Chlorite
S01539,SYN-013,51.5,53.0,-215.43,2.52,52.25,52.25,7.64,40.24,19.05,1.64,7.5,3.83,0.0,0.02,1.66,0.86,0.5,2.04,0.0,3.99,4.57,None,Chlorite
S01540,SYN-013,53.0,55.0,-217.06,2.95,54.0,54.0,4.35,0.0,0.0,1.57,17.06,3.54,0.0,8.19,5.14,0.0,3.64,5.9,26.71,39.81,48.3,Goethite,Water_silica
S01541,SYN-013,55.0,57.0,-218.91,3.44,56.0,56.0,58.97,0.52,2.79,1.33,9.65,17.77,5.7,4.31,7.65,0.95,0.47,29.89,3.91,0.0,3.47,None,WhiteMica
S01542,SYN-013,57.0,59.0,-220.77,3.93,58.0,58.0,4.19,31.6,55.89,7.11,0.96,0.0,18.57,0.0,0.58,3.56,5.19,6.47,13.26,0.0,31.75,Goethite,Carbonate
S01543,SYN-013,59.0,60.5,-222.39,4.36,59.75,59.75,7.82,19.37,26.61,5.93,0.0,0.19,12.11,0.74,3.43,0.48,0.09,1.74,0.0,0.93,20.46,Goethite,Carbonate
S01544,SYN-013,60.5,62.0,-223.79,4.73,61.25,61.25,6.09,36.71,8.23,6.57,2.25,0.0,22.6,1.02,1.19,0.0,0.0,2.01,0.0,4.31,4.42,None,Chlorite
S01545,SYN-013,62.0,63.5,-225.18,5.09,62.75,62.75,5.41,50.8,12.26,35.38,0.0,2.82,16.2,4.25,1.4,3.92,6.1,0.42,0.0,0.0,6.98,None,Chlorite
S01546,SYN-013,63.5,64.5,-226.34,5.4,64.0,64.0,37.51,2.43,4.29,1.93,5.92,6.14,4.73,4.25,8.84,0.0,2.36,2.83,5.8,6.44,1.52,None,WhiteMica
S01547,SYN-013,64.5,66.5,-227.73,5.77,65.5,65.5,9.22,23.55,2.22,10.53,0.37,0.0,16.97,0.19,3.35,0.0,2.74,13.18,0.0,7.34,4.42,None,Chlorite
S01548,SYN-013,66.5,68.0,-229.36,6.2,67.25,67.25,1.31,19.64,13.0,10.13,0.69,0.0,18.42,1.49,0.0,3.02,2.39,0.0,0.8,3.77,0.98,None,Chlorite
S01549,SYN-013,68.0,69.0,-230.52,6.5,68.5,68.5,4.18,50.03,16.82,14.08,0.0,6.09,13.05,0.0,0.0,0.0,1.59,3.36,0.0,0.66,5.36,None,Chlorite
S01550,SYN-013,69.0,71.0,-231.91,6.87,70.0,70.0,9.33,29.08,7.41,13.98,0.0,2.87,13.41,0.0,2.01,0.0,0.0,0.09,3.21,0.81,7.08,None,Chlorite
S01551,SYN-013,71.0,72.5,-233.53,7.3,71.75,71.75,10.94,21.38,27.82,8.56,5.02,21.98,13.41,3.91,5.09,2.84,0.54,33.33,1.87,0.28,3.61,None,Zunyite
S01552,SYN-013,72.5,73.5,-234.69,7.61,73.0,73.0,100.0,2.54,3.86,0.4,8.09,6.17,2.44,1.15,5.96,1.58,35.68,4.43,37.57,0.28,0.0,None,WhiteMica
S01553,SYN-013,73.5,74.5,-235.62,7.85,74.0,74.0,12.17,6.2,24.34,11.68,1.66,26.58,16.99,0.0,0.0,16.97,5.35,0.0,0.22,1.45,5.66,None,Dickite
S01554,SYN-013,74.5,76.0,-236.78,8.16,75.25,75.25,6.14,9.64,14.05,8.94,2.2,0.0,13.49,3.12,21.27,0.0,0.0,31.26,0.0,0.0,6.91,None,Zunyite
S01555,SYN-013,76.0,78.0,-238.41,8.59,77.0,77.0,7.24,40.85,13.64,6.46,0.0,3.63,50.65,0.0,1.29,0.0,4.61,2.04,0.0,37.8,1.28,Hematite,Montmor
S01556,SYN-013,78.0,79.0,-239.8,8.95,78.5,78.5,8.21,44.15,26.69,7.0,0.0,0.0,3.67,0.77,19.69,2.05,2.07,0.0,0.25,0.0,28.12,Goethite,Chlorite
S01557,SYN-013,79.0,81.0,-241.19,9.32,80.0,80.0,51.07,5.16,35.82,16.94,9.96,8.43,0.0,3.72,7.71,34.32,4.49,7.36,0.0,0.0,5.59,None,WhiteMica
S01558,SYN-013,81.0,83.0,-243.05,9.81,82.0,82.0,9.44,59.1,28.35,10.3,0.6,34.33,5.86,33.13,0.0,0.03,2.09,0.0,2.28,0.1,0.83,None,Chlorite
S01559,SYN-013,83.0,85.0,-244.9,10.3,84.0,84.0,6.85,30.85,9.29,22.72,21.5,0.0,33.3,3.06,3.46,3.18,0.0,2.91,0.77,2.9,0.35,None,Montmor
S01560,SYN-013,85.0,86.0,-246.3,10.67,85.5,85.5,8.5,15.51,8.36,12.2,0.0,0.0,14.48,0.0,2.9,0.0,2.26,0.0,29.37,32.42,0.89,Hematite,Water_silica
S01561,SYN-013,86.0,87.0,-247.23,10.91,86.5,86.5,7.24,48.3,13.83,8.89,0.0,14.9,9.78,9.25,0.0,0.14,1.04,1.71,1.37,0.0,2.02,None,Chlorite
S01562,SYN-013,87.0,89.0,-248.62,11.28,88.0,88.0,7.41,9.21,19.1,9.74,0.0,0.0,17.79,27.55,36.48,3.97,18.12,1.76,0.0,5.01,5.01,None,Gypsum
S01563,SYN-013,89.0,90.5,-250.24,11.71,89.75,89.75,3.52,8.72,12.3,9.71,2.82,0.0,24.21,5.87,29.75,0.0,1.3,3.54,15.6,0.0,3.54,None,Gypsum
S01564,SYN-013,90.5,92.0,-251.64,12.08,91.25,91.25,5.11,31.22,19.26,7.67,0.87,1.84,23.19,0.08,2.94,0.0,11.22,2.41,4.61,0.18,5.53,None,Chlorite
S01565,SYN-013,92.0,94.0,-253.26,12.51,93.0,93.0,60.96,1.41,0.0,2.6,5.62,5.07,6.16,0.0,11.02,0.29,2.93,0.0,2.38,4.24,4.58,None,WhiteMica
S01566,SYN-013,94.0,95.0,-254.65,12.88,94.5,94.5,4.59,34.79,30.04,10.72,0.0,3.87,11.94,0.0,0.0,0.0,1.86,8.18,2.72,0.0,6.52,None,Chlorite
S01567,SYN-013,95.0,97.0,-256.04,13.24,96.0,96.0,2.79,77.23,5.88,7.44,2.88,0.0,13.85,0.07,2.82,1.8,0.0,0.27,4.39,0.62,5.77,None,Chlorite
S01568,SYN-013,97.0,99.0,-257.9,13.73,98.0,98.0,1.54,26.95,12.79,18.53,0.0,1.69,15.3,13.41,0.0,5.98,0.0,0.0,0.0,0.0,0.37,None,Chlorite
S01569,SYN-013,99.0,100.5,-259.53,14.16,99.75,99.75,18.78,10.89,6.01,9.73,22.49,2.55,20.52,0.0,1.75,1.58,1.44,8.09,2.02,0.85,2.28,None,Kaolinite
S01570,SYN-013,100.5,102.0,-260.92,14.53,101.25,101.25,5.29,26.46,9.98,10.22,3.99,2.32,18.37,23.52,0.0,0.0,0.21,22.74,0.0,0.28,6.34,None,Chlorite
S01571,SYN-013,102.0,104.0,-262.54,14.96,103.0,103.0,6.28,24.44,13.88,7.48,6.9,11.89,10.57,2.4,2.21,0.0,0.36,0.0,2.83,0.0,4.16,None,Chlorite
S01572,SYN-013,104.0,105.5,-264.17,15.39,104.75,104.75,47.51,0.27,2.73,0.19,13.21,3.36,7.19,3.64,5.25,3.01,33.12,1.2,5.81,3.52,1.83,None,WhiteMica
S01573,SYN-013,105.5,107.0,-265.56,15.76,106.25,106.25,7.5,21.81,10.76,9.12,2.91,0.0,13.87,19.64,0.0,2.23,0.0,0.0,5.11,2.87,34.67,Goethite,Chlorite
S01574,SYN-013,107.0,109.0,-267.18,16.18,108.0,108.0,6.51,32.33,19.74,11.46,12.48,3.1,40.91,1.74,0.0,0.0,1.06,0.42,4.99,4.24,5.32,None,Montmor
S01575,SYN-013,109.0,110.5,-268.81,16.61,109.75,109.75,5.31,12.7,17.09,7.81,0.0,2.04,30.0,1.39,1.99,0.0,2.8,0.0,1.28,0.98,2.22,None,Montmor
S01576,SYN-013,110.5,112.0,-270.2,16.98,111.25,111.25,35.22,29.65,18.15,6.39,0.0,0.0,29.71,15.24,1.49,1.69,1.89,0.0,3.04,1.77,5.98,None,WhiteMica
S01577,SYN-013,112.0,113.0,-271.36,17.29,112.5,112.5,8.37,36.21,13.79,5.45,1.77,0.65,44.8,0.5,17.04,3.41,25.61,0.0,2.49,4.23,2.62,None,Montmor
S01578,SYN-013,113.0,114.0,-272.29,17.53,113.5,113.5,5.73,68.67,14.45,7.09,4.63,1.34,15.82,0.0,0.0,3.47,0.0,0.28,1.54,2.56,6.85,None,Chlorite
S01579,SYN-013,114.0,115.5,-273.45,17.84,114.75,114.75,4.83,31.91,13.48,13.53,27.46,0.0,4.37,0.0,0.0,36.74,0.0,2.27,2.27,4.26,6.04,None,Pyrophyllite
S01580,SYN-013,115.5,117.0,-274.84,18.21,116.25,116.25,5.5,41.14,14.21,7.29,3.59,0.59,20.84,7.58,2.89,4.19,0.0,0.0,0.0,4.08,1.69,None,Chlorite
S01581,SYN-013,117.0,118.5,-276.24,18.57,117.75,117.75,4.02,22.41,19.02,9.29,0.0,2.43,26.48,1.81,4.82,0.73,3.3,0.11,0.0,2.11,5.04,None,Montmor
S01582,SYN-013,118.5,120.0,-277.63,18.94,119.25,119.25,4.57,24.17,2.15,6.83,2.74,0.0,21.85,1.84,0.0,0.25,3.21,0.0,34.17,2.24,0.0,None,Water_silica
S01583,SYN-013,120.0,122.0,-279.25,19.37,121.0,121.0,4.48,44.98,18.07,6.52,0.0,1.78,19.59,26.59,2.42,1.07,1.98,1.43,0.0,1.83,36.05,Goethite,Chlorite
S01584,SYN-013,122.0,124.0,-281.11,19.86,123.0,123.0,5.22,10.72,9.75,4.83,1.55,0.0,14.92,0.0,0.42,21.17,0.33,5.39,0.0,2.24,3.03,None,Pyrophyllite
S01585,SYN-013,124.0,125.0,-282.5,20.23,124.5,124.5,7.77,22.92,13.56,8.36,2.74,0.0,15.69,6.8,6.03,10.93,4.46,22.37,28.15,11.51,0.0,None,Water_silica
S01586,SYN-013,125.0,126.5,-283.66,20.53,125.75,125.75,31.34,42.22,29.67,6.14,28.05,2.74,0.0,0.0,0.0,0.71,2.77,0.0,4.96,2.85,0.0,None,Chlorite
S01587,SYN-013,126.5,128.0,-285.06,20.9,127.25,127.25,10.18,25.34,13.42,12.59,0.0,4.13,39.75,0.0,1.08,1.65,0.0,23.32,1.03,2.46,6.03,None,Montmor
S01588,SYN-013,128.0,129.5,-286.45,21.27,128.75,128.75,9.27,24.4,18.0,7.61,2.11,0.0,29.21,0.0,24.0,5.54,5.16,2.09,0.0,0.49,2.93,None,Montmor
S01589,SYN-013,129.5,130.5,-287.61,21.58,130.0,130.0,11.28,24.66,19.29,7.84,0.86,3.58,27.29,3.66,5.13,2.59,0.79,0.0,0.0,2.97,3.41,None,Montmor
S01590,SYN-013,130.5,132.5,-289.0,21.94,131.5,131.5,7.51,29.48,7.46,7.35,1.54,1.17,33.87,6.56,0.0,0.0,3.55,0.0,0.75,5.08,2.28,None,Montmor
S01591,SYN-013,132.5,134.5,-290.86,22.43,133.5,133.5,7.47,41.68,18.94,9.34,2.84,0.0,17.57,5.3,4.45,5.5,2.38,0.0,19.64,2.02,6.17,None,Chlorite
S01592,SYN-013,134.5,136.0,-292.48,22.86,135.25,135.25,4.68,39.65,24.21,13.37,4.47,0.0,28.12,0.0,0.0,2.01,0.0,0.73,0.0,2.17,0.0,None,Chlorite
S01593,SYN-013,136.0,138.0,-294.11,23.29,137.0,137.0,24.35,28.14,12.45,4.26,2.86,22.15,28.82,0.0,29.6,0.0,13.28,0.26,1.53,2.46,5.12,None,Gypsum
S01594,SYN-013,138.0,140.0,-295.96,23.78,139.0,139.0,69.48,0.0,1.49,0.0,7.93,3.37,7.41,4.71,7.27,20.52,0.0,3.69,8.05,0.0,7.95,None,WhiteMica
S01595,SYN-013,140.0,141.5,-297.59,24.21,140.75,140.75,4.23,41.76,16.01,9.0,2.53,0.0,24.81,0.16,0.0,0.18,0.0,0.0,0.0,1.09,0.99,None,Chlorite
S01596,SYN-014,0.0,1.5,-144.5,-21.04,0.75,0.75,4.04,1.18,1.4,0.82,13.63,1.47,0.0,5.01,21.77,0.88,0.52,2.76,22.2,26.05,0.0,Hematite,Water_silica
S01597,SYN-014,1.5,3.0,-145.91,-20.78,2.25,2.25,8.82,2.98,2.66,3.46,9.66,0.0,0.0,6.19,12.83,4.69,0.0,15.7,15.78,86.99,22.31,Hematite,Water_silica
S01598,SYN-014,3.0,5.0,-147.56,-20.47,4.0,4.0,8.08,0.0,1.5,26.83,6.11,4.1,0.0,3.79,15.5,0.63,0.72,5.03,14.59,16.61,25.14,Goethite,Epidote
S01599,SYN-014,5.0,6.0,-148.98,-20.21,5.5,5.5,3.48,0.72,7.54,0.0,6.71,17.01,2.11,1.31,14.46,0.0,0.28,5.22,10.15,46.8,19.16,Hematite,Dickite
S01600,SYN-014,6.0,7.5,-150.16,-20.0,6.75,6.75,2.78,2.37,3.03,0.0,14.28,1.66,9.5,11.74,18.88,2.08,0.0,1.62,18.67,43.85,14.13,Hematite,Gypsum
S01601,SYN-014,7.5,9.5,-151.81,-19.69,8.5,8.5,5.58,1.23,0.69,20.84,2.83,2.59,1.69,10.06,20.92,3.44,0.0,1.5,30.12,55.39,39.26,Hematite,Water_silica
S01602,SYN-014,9.5,11.0,-153.46,-19.39,10.25,10.25,0.93,0.0,3.2,1.12,0.83,15.96,0.0,25.25,0.0,90.4,13.69,9.93,2.21,7.79,0.58,None,Pyrophyllite
S01603,SYN-014,11.0,13.0,-155.11,-19.09,12.0,12.0,11.82,2.89,2.71,3.4,20.81,2.45,2.03,3.14,12.65,0.0,5.32,0.0,11.66,48.39,38.58,Hematite,Kaolinite
S01604,SYN-014,13.0,14.5,-156.77,-18.78,13.75,13.75,3.23,1.44,1.72,1.24,9.86,0.03,0.0,17.09,17.21,0.0,4.03,2.13,6.86,38.74,58.65,Goethite,Gypsum
S01605,SYN-014,14.5,16.5,-158.42,-18.48,15.5,15.5,5.56,0.42,1.31,3.22,3.8,0.55,0.0,3.94,22.19,0.0,4.9,1.9,51.81,25.17,10.73,Hematite,Water_silica
S01606,SYN-014,16.5,18.5,-160.31,-18.13,17.5,17.5,32.07,0.0,1.81,3.47,10.82,0.0,6.34,10.57,40.89,0.1,3.45,3.81,61.7,17.24,5.69,Hematite,Water_silica
S01607,SYN-014,18.5,20.0,-161.96,-17.83,19.25,19.25,5.71,1.82,0.11,4.67,6.4,0.54,0.0,8.01,11.4,5.0,0.17,5.87,25.78,49.9,5.53,Hematite,Water_silica
S01608,SYN-014,20.0,22.0,-163.61,-17.53,21.0,21.0,4.76,1.45,20.61,1.67,8.11,3.78,0.0,3.45,12.77,0.0,0.76,4.44,27.86,26.76,30.83,Goethite,Water_silica
S01609,SYN-014,22.0,23.5,-165.26,-17.22,22.75,22.75,9.12,25.36,0.0,1.89,3.2,21.9,1.81,9.26,7.78,8.84,0.0,3.98,13.82,31.7,8.75,Hematite,Chlorite
S01610,SYN-014,23.5,25.0,-166.68,-16.96,24.25,24.25,30.61,2.66,0.0,1.11,8.93,2.6,0.13,7.34,25.45,1.88,2.55,0.78,25.19,51.58,26.64,Hematite,WhiteMica
S01611,SYN-014,25.0,26.5,-168.09,-16.7,25.75,25.75,8.28,4.37,4.05,0.55,0.45,3.6,2.69,5.71,15.93,0.0,2.38,0.33,21.02,26.49,35.93,Goethite,Water_silica
S01612,SYN-014,26.5,28.5,-169.74,-16.4,27.5,27.5,7.59,0.0,12.28,0.0,7.3,0.29,5.12,12.75,5.16,0.0,0.34,3.22,15.87,38.73,32.69,Hematite,Water_silica
S01613,SYN-014,28.5,29.5,-171.16,-16.14,29.0,29.0,8.41,0.0,1.55,4.13,22.63,0.0,2.12,10.25,8.71,2.82,2.3,31.57,18.24,18.03,23.33,Goethite,Zunyite
S01614,SYN-014,29.5,30.5,-172.1,-15.97,30.0,30.0,10.28,15.9,0.0,28.6,7.74,0.81,1.77,10.59,46.72,1.43,4.1,3.1,24.64,35.59,47.28,Goethite,Gypsum
S01615,SYN-014,30.5,32.0,-173.28,-15.75,31.25,31.25,33.87,2.5,5.87,1.44,61.71,17.38,11.96,0.0,0.99,5.07,0.18,18.55,2.88,2.11,3.97,None,Kaolinite
S01616,SYN-014,32.0,33.5,-174.7,-15.49,32.75,32.75,23.81,0.0,0.0,0.1,6.56,1.01,2.85,7.23,22.46,3.71,1.19,0.0,22.64,52.38,19.97,Hematite,WhiteMica
S01617,SYN-014,33.5,35.0,-176.11,-15.23,34.25,34.25,12.28,6.21,0.0,0.0,10.15,2.89,7.96,9.27,12.8,3.04,0.0,0.0,22.45,53.02,29.35,Hematite,Water_silica
S01618,SYN-014,35.0,36.0,-177.29,-15.01,35.5,35.5,9.29,0.08,3.57,0.0,14.0,2.48,6.9,7.9,17.8,0.0,2.34,0.05,23.44,32.05,22.81,Hematite,Water_silica
S01619,SYN-014,36.0,37.5,-178.47,-14.8,36.75,36.75,15.27,0.0,0.0,0.0,77.99,8.23,1.96,33.23,7.17,1.31,2.96,3.83,2.04,0.0,4.63,None,Kaolinite
S01620,SYN-014,37.5,39.5,-180.12,-14.49,38.5,38.5,4.19,0.0,4.17,0.99,11.62,3.73,0.41,9.8,9.5,0.0,0.0,3.12,14.72,27.68,25.16,Hematite,Water_silica
S01621,SYN-014,39.5,40.5,-181.54,-14.23,40.0,40.0,90.23,0.24,0.27,4.5,13.75,9.9,2.59,5.4,4.31,4.87,3.53,1.35,5.44,1.9,0.0,None,WhiteMica
S01622,SYN-014,40.5,42.0,-182.72,-14.02,41.25,41.25,43.29,21.52,0.0,0.0,98.38,14.09,7.93,0.0,4.96,4.88,1.39,0.51,0.0,0.59,2.11,None,Kaolinite
S01623,SYN-014,42.0,44.0,-184.37,-13.71,43.0,43.0,100.0,2.97,4.61,3.63,2.99,6.78,7.57,4.75,8.94,0.0,2.85,0.0,6.66,2.42,6.8,None,WhiteMica
S01624,SYN-014,44.0,45.0,-185.79,-13.45,44.5,44.5,8.29,0.0,12.91,2.49,15.85,0.0,3.57,4.5,18.06,4.0,0.0,1.32,7.27,63.97,37.99,Hematite,Gypsum
S01625,SYN-014,45.0,46.5,-186.97,-13.24,45.75,45.75,7.92,0.23,0.0,0.0,7.76,0.0,5.67,0.0,42.65,0.89,1.89,5.15,12.4,49.18,35.79,Hematite,Gypsum
S01626,SYN-014,46.5,48.0,-188.38,-12.98,47.25,47.25,24.31,0.54,2.13,4.02,72.23,15.36,7.77,18.33,0.0,0.63,1.19,1.04,0.0,2.46,7.79,None,Kaolinite
S01627,SYN-014,48.0,50.0,-190.03,-12.67,49.0,49.0,38.1,3.08,0.82,0.0,10.36,9.76,38.4,0.78,1.63,0.48,3.8,3.19,2.22,1.84,2.59,None,Montmor
S01628,SYN-014,50.0,51.5,-191.69,-12.37,50.75,50.75,21.87,32.31,13.75,2.35,0.0,0.0,2.84,0.0,0.0,0.0,0.0,0.0,0.0,38.38,3.33,Hematite,Chlorite
S01629,SYN-014,51.5,53.5,-193.34,-12.07,52.5,52.5,15.21,4.59,0.65,21.07,41.16,10.68,7.83,0.0,3.76,0.0,5.01,0.0,0.0,0.0,3.8,None,Kaolinite
S01630,SYN-014,53.5,54.5,-194.75,-11.81,54.0,54.0,86.73,31.11,0.0,1.63,4.79,10.15,6.4,0.0,5.34,0.0,1.19,13.43,5.07,2.83,0.0,None,WhiteMica
S01631,SYN-014,54.5,56.0,-195.93,-11.59,55.25,55.25,10.12,38.82,9.54,12.4,0.33,1.0,7.66,0.0,0.47,0.01,1.55,1.11,4.6,4.61,1.12,None,Chlorite
S01632,SYN-014,56.0,58.0,-197.59,-11.29,57.0,57.0,2.63,15.04,17.95,19.86,2.34,2.32,23.68,2.66,0.85,1.11,1.37,3.88,0.0,1.31,33.69,Goethite,Montmor
S01633,SYN-014,58.0,59.0,-199.0,-11.03,58.5,58.5,7.18,49.91,22.88,2.62,0.29,1.66,12.34,1.21,0.29,3.01,23.81,0.0,20.48,4.03,8.86,None,Chlorite
S01634,SYN-014,59.0,60.0,-199.94,-10.85,59.5,59.5,72.35,2.57,4.01,3.77,5.72,3.99,3.48,5.35,8.86,0.0,0.55,1.69,2.06,33.81,4.06,Hematite,WhiteMica
S01635,SYN-014,60.0,61.0,-200.89,-10.68,60.5,60.5,83.44,4.39,0.19,3.51,11.26,3.79,4.67,4.01,23.26,3.07,2.06,5.5,6.94,0.0,6.65,None,WhiteMica
S01636,SYN-014,61.0,63.0,-202.3,-10.42,62.0,62.0,55.6,1.39,0.0,0.0,7.18,5.66,9.58,4.23,1.3,3.53,0.0,2.96,5.11,21.76,2.53,Hematite,WhiteMica
S01637,SYN-014,63.0,64.5,-203.96,-10.12,63.75,63.75,53.12,4.62,0.0,3.66,17.35,7.66,38.02,7.2,4.06,3.23,0.71,2.78,9.34,0.61,4.12,None,WhiteMica
S01638,SYN-014,64.5,66.0,-205.37,-9.86,65.25,65.25,36.29,30.77,11.69,3.41,2.33,5.12,18.6,2.45,0.0,4.37,0.57,0.0,2.16,1.21,0.6,None,WhiteMica
S01639,SYN-014,66.0,67.5,-206.79,-9.6,66.75,66.75,22.08,5.92,2.63,1.19,39.91,44.77,10.39,0.0,3.55,31.77,1.46,2.32,13.52,7.48,0.0,None,Dickite
S01640,SYN-014,67.5,69.0,-208.2,-9.34,68.25,68.25,9.04,0.0,35.22,10.93,0.0,0.0,19.68,3.03,1.91,4.46,1.48,0.0,5.74,2.11,0.17,None,Carbonate
S01641,SYN-014,69.0,70.5,-209.62,-9.08,69.75,69.75,31.76,0.16,8.67,0.0,27.16,11.22,6.67,2.41,4.0,5.76,0.0,2.39,3.93,0.59,1.88,None,WhiteMica
S01642,SYN-014,70.5,72.0,-211.03,-8.82,71.25,71.25,82.42,0.0,0.0,1.24,9.86,2.22,4.88,0.0,4.29,4.74,6.1,4.93,4.95,3.33,2.74,None,WhiteMica
S01643,SYN-014,72.0,73.5,-212.45,-8.56,72.75,72.75,9.41,48.91,18.26,2.01,6.02,1.45,31.03,2.91,0.0,5.21,2.88,0.0,5.0,1.03,1.38,None,Chlorite
S01644,SYN-014,73.5,74.5,-213.63,-8.34,74.0,74.0,7.43,28.06,6.83,9.0,32.92,2.33,9.45,1.04,0.36,0.7,0.0,0.0,2.82,4.58,0.0,None,Kaolinite
S01645,SYN-014,74.5,76.5,-215.05,-8.08,75.5,75.5,82.92,1.02,0.0,2.17,5.5,7.23,5.48,7.51,10.39,2.86,12.29,22.67,1.05,5.86,4.62,None,WhiteMica
S01646,SYN-014,76.5,78.5,-216.93,-7.74,77.5,77.5,9.37,23.02,51.65,6.46,1.52,25.9,26.29,5.3,0.0,0.0,0.82,2.31,0.0,2.4,0.73,None,Carbonate
S01647,SYN-014,78.5,80.0,-218.58,-7.43,79.25,79.25,6.02,20.37,6.98,7.3,0.0,3.83,13.75,19.97,3.45,0.0,0.0,1.49,0.0,0.0,2.88,None,Chlorite
S01648,SYN-014,80.0,81.5,-220.0,-7.17,80.75,80.75,12.03,52.92,18.36,5.57,5.98,16.25,22.78,0.0,4.28,3.14,0.0,2.23,0.0,1.75,0.94,None,Chlorite
S01649,SYN-014,81.5,82.5,-221.18,-6.96,82.0,82.0,23.16,0.77,0.67,1.19,57.68,13.83,10.35,4.1,6.62,0.73,3.76,2.97,0.0,1.6,5.28,None,Kaolinite
S01650,SYN-014,82.5,84.5,-222.6,-6.7,83.5,83.5,98.87,0.0,2.75,0.0,9.87,7.09,0.0,23.38,8.27,1.66,1.16,36.12,5.82,6.09,0.0,None,WhiteMica
S01651,SYN-014,84.5,86.5,-224.48,-6.35,85.5,85.5,8.01,16.81,9.31,4.57,0.0,2.83,16.32,0.62,2.68,35.3,4.03,1.85,7.28,3.12,5.01,None,Pyrophyllite
S01652,SYN-014,86.5,88.5,-226.37,-6.0,87.5,87.5,3.57,20.73,6.23,6.25,0.0,0.0,33.56,2.54,0.01,4.94,5.02,0.09,2.43,1.02,34.83,Goethite,Montmor
S01653,SYN-014,88.5,90.0,-228.02,-5.7,89.25,89.25,6.19,21.03,22.93,10.06,3.33,1.01,29.73,2.91,0.0,2.36,1.71,0.0,1.05,5.5,1.87,None,Montmor
S01654,SYN-014,90.0,91.0,-229.2,-5.48,90.5,90.5,5.59,24.32,14.13,6.95,1.8,2.45,35.27,0.35,0.57,0.0,0.39,3.84,1.66,1.71,2.79,None,Montmor
S01655,SYN-014,91.0,92.0,-230.15,-5.31,91.5,91.5,5.32,21.51,28.42,9.52,0.0,3.64,31.39,0.4,1.06,0.0,0.02,2.79,4.6,24.93,2.5,Hematite,Montmor
S01656,SYN-014,92.0,93.0,-231.09,-5.14,92.5,92.5,1.53,38.75,8.67,7.13,14.43,2.63,16.91,4.46,2.41,2.27,4.25,0.87,0.0,0.75,6.16,None,Chlorite
S01657,SYN-014,93.0,94.0,-232.03,-4.96,93.5,93.5,39.22,31.42,4.77,10.2,0.47,26.84,13.68,0.0,2.19,0.0,0.0,12.64,1.37,4.9,4.29,None,WhiteMica
S01658,SYN-014,94.0,95.0,-232.98,-4.79,94.5,94.5,2.26,32.95,12.55,9.49,1.46,1.0,8.8,8.07,0.0,4.96,6.88,1.42,0.62,0.66,6.0,None,Chlorite
S01659,SYN-014,95.0,97.0,-234.39,-4.53,96.0,96.0,63.18,3.18,0.0,0.0,7.15,2.96,8.01,5.06,8.55,3.18,0.69,19.8,3.85,24.27,36.92,Goethite,WhiteMica
S01660,SYN-014,97.0,98.0,-235.81,-4.27,97.5,97.5,0.0,35.69,36.81,6.05,5.08,2.57,20.16,0.45,2.86,0.1,1.4,1.68,0.0,3.0,2.32,None,Carbonate
S01661,SYN-014,98.0,99.0,-236.75,-4.1,98.5,98.5,5.07,26.83,22.0,4.57,2.71,6.67,18.2,0.69,2.16,0.4,0.0,0.0,0.56,28.4,2.37,Hematite,Chlorite
S01662,SYN-014,99.0,101.0,-238.17,-3.84,100.0,100.0,88.46,0.0,0.0,0.0,11.0,3.06,6.86,2.97,2.81,0.0,4.96,3.16,7.38,4.28,0.0,None,WhiteMica
S01663,SYN-014,101.0,102.5,-239.82,-3.53,101.75,101.75,3.96,15.14,19.99,11.44,3.76,20.98,17.65,2.12,0.0,0.0,7.35,1.79,2.06,5.85,7.41,None,Dickite
S01664,SYN-014,102.5,104.5,-241.47,-3.23,103.5,103.5,3.67,50.75,20.23,5.07,0.11,36.7,11.28,2.53,0.0,20.18,0.0,2.64,15.25,0.0,2.33,None,Chlorite
S01665,SYN-014,104.5,106.0,-243.12,-2.93,105.25,105.25,0.0,39.69,12.51,9.8,13.41,0.0,20.92,0.0,1.35,0.71,0.0,2.28,4.68,1.59,13.3,None,Chlorite
S01666,SYN-014,106.0,108.0,-244.77,-2.62,107.0,107.0,15.43,48.32,70.59,8.11,0.0,0.0,14.91,2.05,35.77,35.74,0.0,3.58,0.0,1.39,0.08,None,Carbonate
S01667,SYN-014,108.0,109.5,-246.43,-2.32,108.75,108.75,5.53,41.04,19.3,6.33,1.66,0.39,14.09,0.0,0.0,0.0,0.81,3.33,1.77,2.27,0.0,None,Chlorite
S01668,SYN-014,109.5,111.0,-247.84,-2.06,110.25,110.25,4.29,22.2,45.5,9.55,1.49,20.11,19.33,0.0,1.35,0.21,4.2,3.78,0.0,0.55,0.84,None,Carbonate
S01669,SYN-014,111.0,112.5,-249.26,-1.8,111.75,111.75,0.0,0.4,1.96,2.54,6.93,7.2,5.86,2.14,6.15,0.0,0.0,0.0,3.18,0.0,4.04,None,Dickite
S01670,SYN-014,112.5,114.0,-250.67,-1.54,113.25,113.25,7.05,0.0,23.09,12.92,5.75,0.0,17.37,0.0,1.66,1.97,0.34,0.0,1.0,1.73,0.0,None,Carbonate
S01671,SYN-014,114.0,115.5,-252.09,-1.28,114.75,114.75,9.76,12.51,6.83,10.25,5.09,2.81,6.45,1.55,3.35,2.28,0.0,3.15,0.0,4.54,5.94,None,Chlorite
S01672,SYN-014,115.5,117.0,-253.5,-1.02,116.25,116.25,7.39,36.02,9.67,8.47,0.55,1.5,11.62,0.76,0.92,2.64,0.43,2.4,2.37,1.49,1.07,None,Chlorite
S01673,SYN-014,117.0,118.0,-254.68,-0.8,117.5,117.5,8.77,26.72,14.23,13.84,32.77,2.09,22.31,0.0,0.0,3.73,0.42,20.98,5.72,3.04,27.35,Goethite,Kaolinite
S01674,SYN-014,118.0,120.0,-256.1,-0.54,119.0,119.0,8.99,22.71,38.4,1.97,0.0,0.66,17.61,0.0,1.83,2.93,4.8,1.5,3.76,5.83,2.46,None,Carbonate
S01675,SYN-014,120.0,121.5,-257.75,-0.24,120.75,120.75,3.25,0.0,6.65,4.0,0.46,0.0,2.27,1.13,0.0,2.56,3.84,2.41,0.21,14.27,0.0,None,Carbonate
S01676,SYN-014,121.5,122.5,-258.93,-0.02,122.0,122.0,7.19,27.83,15.52,6.33,31.47,0.0,23.66,3.35,0.0,0.0,0.0,0.0,3.62,37.53,4.43,Hematite,Kaolinite
S01677,SYN-014,122.5,123.5,-259.88,0.15,123.0,123.0,8.69,14.37,14.5,13.11,23.61,2.73,47.07,0.0,0.0,0.64,0.34,2.37,0.0,15.1,0.0,Hematite,Montmor
S01678,SYN-014,123.5,125.5,-261.29,0.41,124.5,124.5,4.82,18.87,18.11,43.72,2.5,1.01,9.4,0.45,2.43,0.0,0.0,4.24,2.28,5.1,6.49,None,Epidote
S01679,SYN-014,125.5,127.0,-262.94,0.71,126.25,126.25,3.87,38.71,12.34,1.82,3.23,0.0,12.58,0.0,0.0,0.0,2.78,5.33,7.54,7.2,0.0,None,Chlorite
S01680,SYN-014,127.0,128.5,-264.36,0.97,127.75,127.75,7.43,15.03,19.9,6.43,0.0,1.76,19.34,24.89,3.7,2.27,1.07,0.89,2.26,1.68,2.55,None,Alunite
S01681,SYN-014,128.5,130.5,-266.01,1.28,129.5,129.5,2.0,16.24,5.32,3.23,0.0,9.76,0.11,0.0,0.0,36.31,2.17,5.67,0.52,4.28,0.93,None,Pyrophyllite
S01682,SYN-014,130.5,131.5,-267.43,1.54,131.0,131.0,3.06,30.34,26.16,7.85,2.5,0.7,21.41,2.5,0.0,2.86,2.78,22.17,0.35,2.54,5.38,None,Chlorite
S01683,SYN-014,131.5,133.5,-268.84,1.8,132.5,132.5,4.2,56.48,19.37,11.25,0.0,5.34,25.99,0.3,0.33,4.88,5.09,2.94,1.87,3.25,0.0,None,Chlorite
S01684,SYN-014,133.5,135.0,-270.49,2.1,134.25,134.25,33.57,22.93,18.49,11.51,0.0,0.0,25.21,0.0,21.57,0.0,0.23,1.36,1.06,3.03,6.15,None,WhiteMica
S01685,SYN-014,135.0,136.0,-271.67,2.32,135.5,135.5,15.95,0.0,0.0,0.69,9.46,11.6,3.49,0.0,10.34,0.53,2.89,0.0,8.13,4.98,27.41,Goethite,WhiteMica
S01686,SYN-014,136.0,137.5,-272.85,2.53,136.75,136.75,6.59,46.49,16.06,8.96,26.62,0.52,27.35,1.03,4.49,0.0,1.34,4.37,0.0,12.04,0.0,None,Chlorite
S01687,SYN-014,137.5,139.5,-274.5,2.84,138.5,138.5,8.79,11.89,8.14,6.47,3.84,3.59,11.68,17.85,0.0,0.54,5.12,1.71,0.78,2.98,0.0,None,Alunite
S01688,SYN-014,139.5,141.0,-276.16,3.14,140.25,140.25,3.51,9.68,11.32,30.32,0.26,1.24,26.38,4.0,4.09,4.89,0.77,0.0,0.0,30.07,1.97,Hematite,Epidote
S01689,SYN-014,141.0,142.5,-277.57,3.4,141.75,141.75,47.71,37.49,1.16,2.83,8.71,5.2,5.17,1.32,8.55,0.83,0.2,1.28,20.95,0.01,3.01,None,WhiteMica
S01690,SYN-014,142.5,144.0,-278.99,3.66,143.25,143.25,3.37,8.6,18.61,10.46,1.76,0.0,20.21,5.75,0.44,4.8,0.97,3.8,3.0,0.56,2.09,None,Montmor
S01691,SYN-014,144.0,145.5,-280.4,3.92,144.75,144.75,7.41,7.18,11.31,16.45,12.55,1.13,11.23,2.79,2.09,1.7,7.8,0.0,3.85,3.48,1.95,None,Epidote
S01692,SYN-014,145.5,147.0,-281.82,4.18,146.25,146.25,3.84,32.24,17.36,3.73,2.15,3.66,21.78,0.0,0.0,0.49,1.09,36.85,2.9,3.05,4.38,None,Zunyite
S01693,SYN-014,147.0,148.5,-283.23,4.44,147.75,147.75,4.37,15.68,9.53,13.72,0.53,6.56,21.53,1.26,7.14,1.85,5.54,0.0,0.28,5.5,3.55,None,Montmor
S01694,SYN-014,148.5,150.0,-284.65,4.7,149.25,149.25,0.99,10.23,19.25,32.36,2.32,3.86,30.48,1.93,0.0,4.0,0.0,3.27,23.81,4.47,18.46,Goethite,Epidote
S01695,SYN-015,0.0,1.0,-114.74,-78.87,0.5,0.5,11.18,0.0,0.0,3.79,11.46,0.97,2.93,12.88,18.98,8.74,2.75,0.0,25.16,51.24,4.76,Hematite,Water_silica
S01696,SYN-015,1.0,2.5,-115.87,-79.26,1.75,1.75,3.39,4.8,3.19,0.28,11.64,2.4,1.03,7.95,0.0,34.14,35.89,26.77,6.46,65.25,14.67,Hematite,Diaspore
S01697,SYN-015,2.5,4.0,-117.23,-79.74,3.25,3.25,7.51,0.0,0.0,0.0,31.18,6.44,0.0,10.06,13.04,4.63,0.0,26.32,18.08,61.31,38.05,Hematite,Kaolinite
S01698,SYN-015,4.0,5.5,-118.59,-80.21,4.75,4.75,5.45,0.0,1.3,4.68,2.08,19.03,0.0,17.68,16.28,85.51,27.78,11.68,6.1,1.96,0.85,None,Pyrophyllite
S01699,SYN-015,5.5,6.5,-119.72,-80.61,6.0,6.0,4.16,0.0,0.0,4.63,6.71,0.0,1.45,5.54,7.34,0.0,8.16,0.0,19.21,58.22,11.13,Hematite,Water_silica
S01700,SYN-015,6.5,8.0,-120.85,-81.01,7.25,7.25,7.38,2.58,1.27,1.7,13.55,0.0,0.0,7.19,18.23,0.99,0.0,0.0,23.88,8.11,14.83,None,Water_silica
S01701,SYN-015,8.0,9.5,-122.21,-81.48,8.75,8.75,5.42,0.93,0.36,27.12,6.14,0.14,3.44,13.47,14.44,3.22,2.34,1.45,7.68,30.75,31.96,Goethite,Epidote
S01702,SYN-015,9.5,10.5,-123.34,-81.88,10.0,10.0,7.29,0.64,0.0,22.85,7.44,0.0,4.68,9.31,24.78,0.99,0.0,1.54,0.0,15.94,67.72,Goethite,Gypsum
S01703,SYN-015,10.5,11.5,-124.24,-82.19,11.0,11.0,2.19,2.6,0.0,0.0,8.39,0.0,0.21,15.94,11.91,1.34,0.0,0.0,13.38,67.05,51.67,Hematite,Alunite
S01704,SYN-015,11.5,13.0,-125.37,-82.59,12.25,12.25,8.14,1.54,2.04,0.0,12.04,1.31,0.07,11.21,14.46,1.81,1.33,0.0,22.55,34.88,7.32,Hematite,Water_silica
S01705,SYN-015,13.0,14.5,-126.73,-83.06,13.75,13.75,6.56,1.08,0.0,3.79,35.03,3.66,0.0,5.59,13.22,0.0,0.09,3.03,48.92,27.14,24.19,Hematite,Water_silica
S01706,SYN-015,14.5,15.5,-127.86,-83.46,15.0,15.0,6.41,0.0,2.48,5.79,5.74,1.5,2.37,9.59,18.53,0.0,1.44,0.55,12.58,47.44,22.82,Hematite,Gypsum
S01707,SYN-015,15.5,17.5,-129.22,-83.93,16.5,16.5,11.27,18.0,1.57,1.36,7.1,0.0,1.17,25.9,7.88,0.74,0.0,0.0,11.2,53.44,20.04,Hematite,Alunite
S01708,SYN-015,17.5,19.0,-130.8,-84.49,18.25,18.25,4.97,0.0,3.82,25.29,10.22,0.71,0.0,8.79,7.7,0.16,1.54,0.32,19.99,50.57,7.77,Hematite,Epidote
S01709,SYN-015,19.0,21.0,-132.38,-85.04,20.0,20.0,2.3,2.5,1.34,4.31,4.44,3.38,0.8,12.07,0.0,49.49,7.8,3.13,8.27,9.53,5.99,None,Pyrophyllite
S01710,SYN-015,21.0,22.5,-133.97,-85.6,21.75,21.75,6.92,0.0,0.0,5.41,5.79,0.0,8.49,10.32,45.01,0.0,0.0,0.0,34.89,41.92,44.84,Goethite,Gypsum
S01711,SYN-015,22.5,24.0,-135.32,-86.07,23.25,23.25,6.27,1.87,1.78,0.0,11.19,3.66,0.0,13.09,17.68,0.88,3.89,5.67,21.75,64.22,26.17,Hematite,Water_silica
S01712,SYN-015,24.0,25.5,-136.68,-86.55,24.75,24.75,6.53,0.0,2.8,2.02,8.39,4.88,0.0,0.0,20.55,0.0,1.94,3.43,22.34,35.27,15.31,Hematite,Water_silica
S01713,SYN-015,25.5,27.5,-138.27,-87.1,26.5,26.5,29.26,14.61,4.41,3.97,8.28,6.89,8.66,4.17,4.76,1.8,0.0,20.82,8.53,2.47,20.92,Goethite,WhiteMica
S01714,SYN-015,27.5,29.0,-139.85,-87.66,28.25,28.25,12.0,0.08,0.0,0.13,12.96,0.0,3.55,10.52,13.41,3.11,0.89,7.35,33.86,32.72,32.13,Hematite,Water_silica
S01715,SYN-015,29.0,30.5,-141.21,-88.13,29.75,29.75,6.17,23.0,4.02,12.05,10.28,1.77,2.84,12.85,17.73,18.03,1.16,1.45,25.56,50.89,25.47,Hematite,Water_silica
S01716,SYN-015,30.5,32.0,-142.56,-88.61,31.25,31.25,4.47,1.1,0.0,0.0,17.88,0.0,0.0,5.24,17.2,2.91,0.26,0.33,19.35,33.41,67.7,Goethite,Water_silica
S01717,SYN-015,32.0,33.5,-143.92,-89.08,32.75,32.75,23.2,0.0,2.89,0.26,37.31,10.52,15.15,2.05,8.94,5.15,1.72,2.26,0.43,0.0,2.58,None,Kaolinite
S01718,SYN-015,33.5,34.5,-145.05,-89.48,34.0,34.0,11.05,2.2,0.0,0.26,10.55,1.36,0.0,11.76,13.64,0.0,1.5,0.0,8.92,53.73,21.42,Hematite,Gypsum
S01719,SYN-015,34.5,36.0,-146.18,-89.87,35.25,35.25,5.17,0.38,0.0,26.89,4.52,0.99,2.34,7.98,13.49,0.0,4.94,2.35,50.84,59.25,22.13,Hematite,Water_silica
S01720,SYN-015,36.0,37.5,-147.54,-90.35,36.75,36.75,1.67,0.0,0.0,2.86,9.04,0.0,2.15,25.76,18.8,33.68,0.0,0.08,23.86,27.33,27.96,Goethite,Pyrophyllite
S01721,SYN-015,37.5,39.5,-149.12,-90.9,38.5,38.5,24.03,2.78,2.9,0.0,87.28,1.91,7.45,5.54,7.24,0.05,0.52,0.83,4.2,25.7,0.0,Hematite,Kaolinite
S01722,SYN-015,39.5,41.0,-150.71,-91.46,40.25,40.25,5.24,5.02,0.0,0.0,27.85,11.33,0.68,0.19,4.53,25.19,0.0,2.56,0.0,3.74,4.56,None,Kaolinite
S01723,SYN-015,41.0,42.5,-152.06,-91.93,41.75,41.75,100.0,3.48,1.38,0.37,11.75,4.37,5.9,3.89,8.25,0.0,0.0,5.96,35.03,0.0,2.69,None,WhiteMica
S01724,SYN-015,42.5,44.5,-153.65,-92.48,43.5,43.5,25.88,4.34,29.3,0.0,37.93,7.28,7.49,0.62,4.81,2.95,4.35,4.87,5.0,23.36,2.68,Hematite,Kaolinite
S01725,SYN-015,44.5,46.0,-155.23,-93.04,45.25,45.25,23.58,1.13,1.73,6.13,57.34,19.52,39.79,0.0,9.2,29.89,5.43,1.51,2.76,1.16,5.18,None,Kaolinite
S01726,SYN-015,46.0,47.0,-156.36,-93.43,46.5,46.5,30.84,0.0,0.0,0.33,45.3,4.63,9.45,0.0,1.35,15.44,0.0,0.0,0.0,6.77,0.1,None,Kaolinite
S01727,SYN-015,47.0,48.0,-157.27,-93.75,47.5,47.5,28.0,1.22,4.41,3.17,6.52,18.62,0.82,0.0,7.11,1.7,1.94,0.0,0.35,0.0,5.67,None,WhiteMica
S01728,SYN-015,48.0,49.0,-158.17,-94.07,48.5,48.5,23.81,3.23,4.97,0.13,31.35,6.64,11.58,5.38,2.67,0.02,5.49,0.0,15.05,4.49,3.49,None,Kaolinite
S01729,SYN-015,49.0,50.0,-159.08,-94.38,49.5,49.5,44.92,3.3,1.03,0.0,27.37,35.19,7.03,1.27,3.82,3.49,3.01,1.04,6.7,1.13,5.63,None,WhiteMica
S01730,SYN-015,50.0,51.5,-160.21,-94.78,50.75,50.75,20.0,4.65,1.59,0.71,47.67,11.03,9.17,0.0,1.13,13.3,2.3,1.79,5.44,0.9,2.02,None,Kaolinite
S01731,SYN-015,51.5,53.5,-161.79,-95.33,52.5,52.5,6.79,32.79,19.79,10.95,0.01,0.0,27.7,3.91,18.31,0.0,0.06,0.0,2.18,5.81,5.94,None,Chlorite
S01732,SYN-015,53.5,55.0,-163.37,-95.89,54.25,54.25,32.22,0.2,0.0,0.42,30.68,14.19,6.48,2.78,0.19,5.32,29.15,0.0,0.0,0.71,0.0,None,WhiteMica
S01733,SYN-015,55.0,56.0,-164.5,-96.28,55.5,55.5,45.94,2.95,3.72,0.0,22.14,25.69,2.7,4.87,1.05,0.0,0.0,1.84,10.35,15.33,0.0,Hematite,WhiteMica
S01734,SYN-015,56.0,57.5,-165.63,-96.68,56.75,56.75,19.1,0.0,0.0,18.66,73.52,4.55,10.89,21.79,5.58,1.83,1.09,0.0,2.99,0.83,0.43,None,Kaolinite
S01735,SYN-015,57.5,58.5,-166.77,-97.08,58.0,58.0,24.45,0.3,13.44,4.56,68.98,10.33,6.13,0.0,0.0,1.5,0.0,0.0,6.3,0.0,0.84,None,Kaolinite
S01736,SYN-015,58.5,60.5,-168.12,-97.55,59.5,59.5,89.44,2.74,0.0,0.0,3.14,12.61,3.97,3.17,5.83,1.29,0.0,0.0,5.21,0.0,30.91,Goethite,WhiteMica
S01737,SYN-015,60.5,61.5,-169.48,-98.03,61.0,61.0,42.12,2.9,1.47,2.59,4.98,6.29,3.23,4.58,7.84,0.0,0.0,0.0,1.49,0.05,0.0,None,WhiteMica
S01738,SYN-015,61.5,63.0,-170.61,-98.42,62.25,62.25,10.16,38.38,4.28,8.67,2.46,0.62,12.41,0.73,19.48,0.0,0.0,19.7,0.41,0.0,4.97,None,Chlorite
S01739,SYN-015,63.0,64.5,-171.97,-98.9,63.75,63.75,3.22,41.24,16.48,13.06,0.0,0.64,38.71,2.22,0.0,1.44,2.73,9.04,37.36,0.0,21.49,Goethite,Chlorite
S01740,SYN-015,64.5,66.0,-173.33,-99.37,65.25,65.25,69.81,0.0,0.0,0.4,5.77,1.78,7.14,4.28,3.53,0.0,2.45,0.0,10.78,0.0,0.0,None,WhiteMica
S01741,SYN-015,66.0,67.5,-174.68,-99.85,66.75,66.75,37.73,0.5,0.0,2.13,0.0,8.41,11.12,0.0,32.91,0.31,1.15,2.19,1.1,2.62,7.12,None,WhiteMica
S01742,SYN-015,67.5,69.5,-176.27,-100.4,68.5,68.5,8.76,39.03,5.04,9.19,1.0,0.0,53.64,8.83,25.63,4.0,2.99,0.0,3.26,0.0,0.0,None,Montmor
S01743,SYN-015,69.5,70.5,-177.62,-100.88,70.0,70.0,5.84,16.43,2.6,5.66,0.52,0.81,20.04,1.8,1.03,3.29,1.42,1.11,3.67,3.49,4.98,None,Montmor
S01744,SYN-015,70.5,72.5,-178.98,-101.35,71.5,71.5,63.11,0.7,0.0,0.0,7.15,7.74,7.88,1.82,5.88,0.52,0.88,2.58,7.38,0.0,6.03,None,WhiteMica
S01745,SYN-015,72.5,74.0,-180.56,-101.9,73.25,73.25,1.23,31.48,11.72,9.62,35.23,0.52,15.53,0.0,10.85,0.0,2.35,0.0,1.98,0.0,0.0,None,Kaolinite
S01746,SYN-015,74.0,76.0,-182.15,-102.46,75.0,75.0,81.58,1.38,0.64,0.0,9.21,9.05,9.29,18.29,3.87,0.0,0.0,0.0,9.12,1.46,0.13,None,WhiteMica
S01747,SYN-015,76.0,78.0,-183.96,-103.09,77.0,77.0,80.19,0.36,0.0,0.0,9.95,7.82,4.17,4.15,4.54,0.49,1.0,19.73,7.73,0.99,6.11,None,WhiteMica
S01748,SYN-015,78.0,80.0,-185.77,-103.73,79.0,79.0,3.58,68.18,36.14,12.06,1.9,0.0,32.21,1.31,0.18,3.29,3.39,3.04,0.0,2.14,3.17,None,Chlorite
S01749,SYN-015,80.0,81.0,-187.12,-104.2,80.5,80.5,3.42,22.02,21.58,8.0,0.0,3.3,12.95,0.0,2.22,1.16,0.0,0.58,0.0,22.34,4.41,Hematite,Chlorite
S01750,SYN-015,81.0,82.5,-188.25,-104.6,81.75,81.75,5.15,30.08,26.02,0.53,0.9,32.33,31.5,14.13,0.3,2.79,1.38,1.62,0.0,6.75,2.93,None,Dickite
S01751,SYN-015,82.5,84.0,-189.61,-105.07,83.25,83.25,7.13,12.23,20.38,7.59,1.67,0.0,6.46,2.8,0.82,0.66,5.35,0.0,0.0,6.05,22.12,Goethite,Carbonate
S01752,SYN-015,84.0,85.5,-190.97,-105.55,84.75,84.75,10.99,20.09,17.48,8.35,2.47,1.57,14.91,0.62,0.0,2.45,0.49,3.07,0.99,0.0,0.0,None,Chlorite
S01753,SYN-015,85.5,87.0,-192.33,-106.02,86.25,86.25,39.71,0.0,2.44,0.0,65.31,23.36,28.76,3.14,7.44,2.54,6.86,5.16,1.18,3.51,4.61,None,Kaolinite
S01754,SYN-015,87.0,89.0,-193.91,-106.57,88.0,88.0,57.13,0.0,1.6,3.51,6.53,5.52,20.88,4.97,3.31,1.74,4.37,2.25,5.42,1.12,2.34,None,WhiteMica
S01755,SYN-015,89.0,91.0,-195.72,-107.21,90.0,90.0,13.73,0.0,0.44,1.43,13.7,3.52,8.2,6.76,9.48,0.0,2.69,0.72,3.09,1.69,2.23,None,WhiteMica
S01756,SYN-015,91.0,92.5,-197.3,-107.76,91.75,91.75,2.14,32.68,22.45,40.09,1.01,0.0,24.19,0.0,5.27,1.32,0.0,1.66,0.0,1.74,0.0,None,Epidote
S01757,SYN-015,92.5,94.0,-198.66,-108.24,93.25,93.25,4.69,47.0,11.4,6.22,0.0,0.0,9.47,2.63,4.47,0.0,3.9,2.52,0.0,0.0,0.0,None,Chlorite
S01758,SYN-015,94.0,96.0,-200.24,-108.79,95.0,95.0,3.58,42.51,19.39,12.76,1.42,2.92,12.05,5.09,0.0,0.0,1.57,3.1,0.0,1.7,2.41,None,Chlorite
S01759,SYN-015,96.0,98.0,-202.05,-109.42,97.0,97.0,2.58,65.96,24.48,0.0,2.88,2.38,22.33,6.0,1.21,0.72,1.13,3.36,0.0,33.21,5.83,Hematite,Chlorite
S01760,SYN-015,98.0,99.0,-203.41,-109.9,98.5,98.5,6.26,29.0,21.04,8.34,24.22,0.0,20.79,2.19,0.0,15.22,0.18,2.24,0.03,6.55,3.26,None,Chlorite
S01761,SYN-015,99.0,100.5,-204.54,-110.3,99.75,99.75,6.0,27.05,43.86,8.39,0.0,1.98,26.95,1.9,0.0,0.09,3.5,1.64,0.0,1.69,0.33,None,Carbonate
S01762,SYN-015,100.5,102.5,-206.12,-110.85,101.5,101.5,1.1,9.76,17.31,15.54,0.0,1.01,29.98,0.0,0.0,0.4,0.0,3.96,29.7,0.0,2.32,None,Montmor
S01763,SYN-015,102.5,104.0,-207.71,-111.4,103.25,103.25,6.05,17.47,28.18,36.69,0.72,0.0,49.48,4.48,0.39,3.79,4.81,1.61,0.34,1.35,2.07,None,Montmor
S01764,SYN-015,104.0,105.5,-209.06,-111.88,104.75,104.75,2.75,17.88,14.5,9.6,0.0,0.78,20.64,0.0,31.16,2.86,1.41,0.17,0.0,1.21,0.7,None,Gypsum
S01765,SYN-015,105.5,107.5,-210.65,-112.43,106.5,106.5,6.03,35.24,31.25,8.45,2.64,2.28,14.53,4.18,4.59,6.23,3.73,3.49,0.44,5.58,3.81,None,Chlorite
S01766,SYN-015,107.5,109.5,-212.46,-113.07,108.5,108.5,51.95,1.77,1.79,3.68,6.66,3.59,8.87,1.41,4.27,25.1,0.0,0.0,6.28,0.0,0.34,None,WhiteMica
S01767,SYN-015,109.5,111.5,-214.27,-113.7,110.5,110.5,57.48,3.46,9.78,0.0,0.99,5.49,1.92,0.08,5.46,9.05,0.0,2.16,5.87,0.0,1.05,None,WhiteMica
S01768,SYN-015,111.5,113.5,-216.08,-114.33,112.5,112.5,9.43,39.91,20.13,8.34,0.74,1.97,15.06,17.82,3.82,12.08,3.44,3.82,2.34,0.21,0.03,None,Chlorite
S01769,SYN-015,113.5,115.0,-217.66,-114.89,114.25,114.25,7.25,37.28,13.24,14.35,0.0,0.0,20.33,0.0,2.43,0.56,0.0,1.07,0.0,3.62,0.87,None,Chlorite
S01770,SYN-015,115.0,116.5,-219.02,-115.36,115.75,115.75,65.46,1.22,2.95,2.53,6.76,5.01,6.55,6.22,4.71,0.0,0.87,12.36,9.94,0.0,6.61,None,WhiteMica
S01771,SYN-015,116.5,118.0,-220.37,-115.84,117.25,117.25,6.48,42.9,7.51,4.0,0.0,35.73,19.05,2.04,3.04,4.28,2.39,2.75,4.19,15.18,1.01,Hematite,Chlorite
S01772,SYN-015,118.0,119.5,-221.73,-116.31,118.75,118.75,4.57,28.91,10.18,5.6,0.45,1.26,14.92,0.81,3.33,1.89,0.53,18.74,2.21,3.82,1.57,None,Chlorite
S01773,SYN-015,119.5,121.0,-223.09,-116.79,120.25,120.25,6.18,15.62,9.09,38.98,0.0,18.94,30.83,0.08,2.42,0.65,2.84,1.42,4.65,0.0,4.77,None,Epidote
S01774,SYN-015,121.0,122.5,-224.45,-117.26,121.75,121.75,7.52,27.37,15.36,8.92,3.63,0.0,49.03,0.53,4.66,0.0,1.05,0.0,2.34,1.69,5.38,None,Montmor
S01775,SYN-015,122.5,124.0,-225.8,-117.74,123.25,123.25,7.25,18.87,20.47,6.98,1.67,2.43,29.64,1.15,0.0,2.94,0.0,0.0,0.08,2.55,1.52,None,Montmor
S01776,SYN-015,124.0,125.5,-227.16,-118.21,124.75,124.75,5.73,69.36,25.31,7.75,2.9,4.66,18.81,1.15,0.0,1.67,3.18,0.28,1.0,3.56,5.92,None,Chlorite
S01777,SYN-015,125.5,127.0,-228.52,-118.69,126.25,126.25,6.59,23.48,16.8,11.29,0.0,0.0,18.31,0.0,0.0,25.43,0.0,1.3,0.0,0.91,0.33,None,Pyrophyllite
S01778,SYN-015,127.0,128.5,-229.87,-119.16,127.75,127.75,2.45,26.76,16.51,9.75,2.23,3.65,22.2,2.21,0.0,3.72,1.55,0.0,3.23,5.8,4.48,None,Chlorite
S01779,SYN-015,128.5,129.5,-231.01,-119.56,129.0,129.0,4.02,65.09,7.61,20.08,0.0,0.0,22.09,0.25,0.82,6.8,5.94,0.0,0.0,0.72,2.6,None,Chlorite
S01780,SYN-015,129.5,130.5,-231.91,-119.87,130.0,130.0,7.91,18.66,10.46,8.86,0.72,4.69,16.83,5.17,5.28,0.0,4.7,0.94,2.0,3.97,23.78,Goethite,Chlorite
S01781,SYN-015,130.5,132.5,-233.27,-120.35,131.5,131.5,38.75,24.73,5.44,0.0,34.77,4.49,2.02,0.0,6.98,0.07,1.53,2.55,29.9,4.76,4.3,None,WhiteMica
S01782,SYN-015,132.5,134.0,-234.85,-120.9,133.25,133.25,87.78,0.0,4.92,0.5,0.0,43.77,3.5,5.58,12.86,0.0,4.47,4.09,7.21,0.0,2.62,None,WhiteMica
S01783,SYN-015,134.0,135.0,-235.98,-121.3,134.5,134.5,8.27,40.15,0.01,7.82,2.08,0.6,22.57,3.35,3.44,2.66,2.21,1.22,4.03,5.8,4.1,None,Chlorite
S01784,SYN-015,135.0,137.0,-237.34,-121.77,136.0,136.0,6.25,11.02,27.65,35.23,1.02,0.0,23.57,3.63,4.26,1.55,0.0,3.36,1.73,0.0,4.75,None,Epidote
S01785,SYN-015,137.0,138.5,-238.92,-122.33,137.75,137.75,9.99,31.86,5.79,6.84,3.22,2.09,31.39,5.85,1.01,2.82,1.04,6.03,1.36,0.86,0.0,None,Chlorite
S01786,SYN-015,138.5,139.5,-240.05,-122.72,139.0,139.0,7.37,26.85,30.58,24.9,1.55,0.0,18.58,3.04,0.89,4.5,3.83,0.0,2.21,4.68,0.61,None,Carbonate
S01787,SYN-015,139.5,141.0,-241.18,-123.12,140.25,140.25,5.37,38.42,26.17,10.42,0.04,17.47,11.68,0.83,30.02,4.76,0.0,2.05,0.0,0.86,5.08,None,Chlorite
S01788,SYN-015,141.0,142.0,-242.32,-123.52,141.5,141.5,58.36,2.31,5.96,4.58,12.35,8.49,1.73,0.73,45.57,0.0,1.17,0.0,4.7,1.74,0.0,None,WhiteMica
S01789,SYN-015,142.0,143.5,-243.45,-123.91,142.75,142.75,2.71,10.68,18.79,9.98,3.31,0.89,12.51,0.0,2.28,0.0,2.25,7.15,0.0,4.26,0.0,None,Carbonate
S01790,SYN-015,143.5,145.0,-244.8,-124.39,144.25,144.25,9.88,8.71,16.87,13.1,3.83,0.0,37.18,1.8,2.28,0.0,0.0,0.0,0.0,2.37,6.66,None,Montmor
S01791,SYN-015,145.0,146.0,-245.93,-124.78,145.5,145.5,8.08,37.45,18.45,3.26,1.42,0.0,2.77,5.53,7.0,0.97,0.5,31.99,0.0,0.0,1.88,None,Chlorite
S01792,SYN-015,146.0,147.0,-246.84,-125.1,146.5,146.5,24.68,23.07,22.87,7.75,4.54,1.68,8.36,3.44,2.66,0.98,28.74,3.63,2.02,35.76,33.06,Hematite,Diaspore
S01793,SYN-015,147.0,148.5,-247.97,-125.49,147.75,147.75,11.85,26.86,16.72,7.17,0.61,36.13,32.42,0.0,0.0,0.0,2.24,1.67,0.0,2.81,3.83,None,Dickite
S01794,SYN-015,148.5,149.5,-249.1,-125.89,149.0,149.0,2.53,19.69,34.46,31.85,0.88,2.03,13.02,1.35,0.0,3.73,2.57,1.89,0.0,0.0,3.95,None,Carbonate
S01795,SYN-015,149.5,151.5,-250.46,-126.37,150.5,150.5,2.53,39.5,21.28,2.45,1.21,3.83,24.63,0.0,3.3,0.0,6.58,2.75,3.06,1.65,1.54,None,Chlorite
S01796,SYN-015,151.5,152.5,-251.82,-126.84,152.0,152.0,0.0,31.77,19.04,4.16,0.88,0.0,23.92,1.96,3.11,1.07,0.82,3.05,2.16,14.63,1.94,None,Chlorite
S01797,SYN-015,152.5,154.0,-252.95,-127.24,153.25,153.25,8.48,31.03,24.44,8.97,0.42,3.02,13.67,0.0,3.65,0.0,2.01,2.26,4.19,0.95,8.2,None,Chlorite
S01798,SYN-015,154.0,155.5,-254.3,-127.71,154.75,154.75,33.98,4.43,1.31,0.23,7.64,9.42,3.45,1.43,5.54,6.52,27.18,12.01,2.53,0.0,0.0,None,WhiteMica
S01799,SYN-015,155.5,157.0,-255.66,-128.19,156.25,156.25,7.77,13.26,7.01,6.2,31.34,3.06,61.32,4.8,2.5,0.68,4.14,2.56,0.92,0.0,1.09,None,Montmor
S01800,SYN-015,157.0,158.0,-256.79,-128.58,157.5,157.5,6.26,34.32,10.75,5.02,0.0,0.0,9.06,1.5,0.0,4.39,1.14,0.0,0.0,0.28,0.0,None,Chlorite
S01801,SYN-015,158.0,160.0,-258.15,-129.06,159.0,159.0,17.96,15.5,18.82,13.15,1.48,3.95,12.03,1.84,32.11,1.41,1.44,3.66,6.52,2.85,2.32,None,Gypsum
S01802,SYN-015,160.0,162.0,-259.96,-129.69,161.0,161.0,46.04,3.86,0.32,2.43,3.85,3.87,1.38,2.8,7.26,0.76,0.0,4.4,4.9,4.86,0.51,None,WhiteMica
S01803,SYN-015,162.0,163.0,-261.32,-130.17,162.5,162.5,5.76,19.7,9.2,16.55,4.2,2.02,30.74,0.0,4.56,6.5,2.72,5.11,2.71,28.83,5.99,Hematite,Montmor
S01804,SYN-015,163.0,164.0,-262.22,-130.48,163.5,163.5,6.5,10.8,0.0,7.8,3.24,0.5,7.43,0.16,0.24,16.21,0.0,3.97,0.0,0.49,6.79,None,Pyrophyllite
S01805,SYN-015,164.0,166.0,-263.58,-130.96,165.0,165.0,8.11,26.03,17.42,2.59,2.17,0.45,34.6,0.0,2.12,20.33,1.7,2.45,3.35,0.0,30.25,Goethite,Montmor
S01806,SYN-015,166.0,167.5,-265.16,-131.51,166.75,166.75,6.74,41.41,48.9,9.43,4.32,0.0,30.7,4.74,1.66,0.69,0.0,5.92,1.68,1.85,0.27,None,Carbonate
S01807,SYN-015,167.5,168.5,-266.29,-131.91,168.0,168.0,7.79,30.86,40.5,0.49,25.17,22.84,0.0,0.0,0.27,1.05,0.4,1.67,4.24,5.71,7.37,None,Carbonate
S01808,SYN-015,168.5,169.5,-267.2,-132.22,169.0,169.0,5.66,22.43,19.95,3.14,0.0,25.56,15.26,1.6,0.0,3.78,6.57,3.68,1.77,4.5,0.91,None,Dickite
S01809,SYN-015,169.5,171.0,-268.33,-132.62,170.25,170.25,40.8,29.38,18.9,9.49,30.35,2.66,48.06,20.4,2.64,4.17,0.84,5.43,0.14,1.26,3.36,None,Montmor
S01810,SYN-015,171.0,172.5,-269.68,-133.09,171.75,171.75,7.71,29.31,16.08,27.41,1.05,1.4,15.81,0.0,0.0,1.87,1.75,0.29,23.95,1.1,3.73,None,Chlorite
S01811,SYN-015,172.5,174.0,-271.04,-133.57,173.25,173.25,2.8,28.83,16.98,6.93,0.0,1.71,18.48,0.57,0.0,2.59,0.0,4.48,3.62,1.03,0.35,None,Chlorite
S01812,SYN-015,174.0,176.0,-272.63,-134.12,175.0,175.0,9.75,30.23,25.71,2.66,20.92,11.69,19.52,0.42,5.48,35.42,2.3,0.0,0.0,1.18,1.75,None,Pyrophyllite
S01813,SYN-015,176.0,177.5,-274.21,-134.68,176.75,176.75,9.31,14.9,9.06,8.2,3.54,22.59,20.53,1.81,2.24,1.75,6.14,0.0,1.33,1.99,7.44,None,Dickite
S01814,SYN-015,177.5,179.0,-275.57,-135.15,178.25,178.25,100.0,2.84,2.42,21.86,23.74,3.51,2.05,0.0,8.73,3.28,0.21,4.68,0.0,1.02,3.49,None,WhiteMica
S01815,SYN-015,179.0,180.5,-276.92,-135.63,179.75,179.75,7.26,29.34,21.57,12.04,0.0,26.61,11.47,21.55,2.16,1.42,0.0,0.0,0.0,1.91,4.04,None,Chlorite
S01816,SYN-015,180.5,182.0,-278.28,-136.1,181.25,181.25,6.76,5.88,7.5,5.79,0.84,1.63,24.21,0.0,0.46,1.3,3.91,0.0,2.4,0.0,4.84,None,Montmor
S01817,SYN-015,182.0,183.0,-279.41,-136.5,182.5,182.5,10.48,35.25,10.28,7.93,0.0,0.86,20.07,3.65,0.0,3.7,0.0,0.0,1.33,3.05,3.88,None,Chlorite
S01818,SYN-015,183.0,184.0,-280.32,-136.81,183.5,183.5,1.59,14.11,24.61,5.06,0.97,0.0,8.72,2.45,2.24,30.2,0.0,1.4,2.78,3.48,5.33,None,Pyrophyllite
S01819,SYN-015,184.0,185.5,-281.45,-137.21,184.75,184.75,9.35,42.84,7.29,15.97,0.94,0.0,14.23,0.0,2.45,0.0,0.11,0.44,3.71,8.14,4.16,None,Chlorite
S01820,SYN-015,185.5,187.0,-282.8,-137.69,186.25,186.25,4.71,0.0,35.15,5.01,5.64,0.28,6.55,0.12,3.19,0.53,0.0,0.0,0.0,3.17,2.48,None,Carbonate
S01821,SYN-015,187.0,188.0,-283.94,-138.08,187.5,187.5,8.96,49.1,33.0,10.83,4.89,31.7,19.73,4.0,0.22,0.48,1.49,0.0,1.66,1.55,10.71,None,Chlorite
S01822,SYN-015,188.0,189.5,-285.07,-138.48,188.75,188.75,38.7,7.35,23.38,2.91,16.86,0.0,53.82,1.04,0.18,2.3,0.44,0.0,1.77,5.95,1.34,None,Montmor
S01823,SYN-015,189.5,191.0,-286.42,-138.95,190.25,190.25,2.64,12.88,10.69,6.81,0.0,0.0,19.72,0.4,2.62,0.0,0.0,0.0,0.0,5.45,1.86,None,Montmor
S01824,SYN-015,191.0,192.5,-287.78,-139.43,191.75,191.75,4.66,31.77,11.93,9.48,0.0,0.0,22.45,0.0,0.0,4.01,2.53,5.94,18.9,0.16,6.29,None,Chlorite
S01825,SYN-015,192.5,194.5,-289.36,-139.98,193.5,193.5,8.76,35.8,14.78,11.28,0.0,0.0,19.08,0.0,3.23,0.53,4.13,1.15,5.02,6.3,4.8,None,Chlorite
S01826,SYN-015,194.5,196.5,-291.17,-140.61,195.5,195.5,5.43,24.43,25.45,9.59,5.02,0.0,24.17,0.0,0.8,5.12,15.35,5.58,0.15,2.8,1.81,None,Carbonate
S01827,SYN-015,196.5,198.0,-292.76,-141.17,197.25,197.25,4.32,39.25,8.79,7.74,0.0,1.9,16.96,3.41,1.93,1.27,1.65,0.0,0.14,0.0,1.63,None,Chlorite
S01828,SYN-015,198.0,199.0,-293.89,-141.56,198.5,198.5,4.3,17.96,8.35,5.95,0.24,0.0,23.68,24.88,6.97,2.52,1.01,34.84,0.56,0.15,2.85,None,Zunyite
S01829,SYN-015,199.0,200.5,-295.02,-141.96,199.75,199.75,7.73,22.96,21.14,11.33,0.0,0.0,7.58,0.0,27.54,3.68,2.66,27.36,27.78,0.42,3.64,None,Water_silica
S01830,SYN-015,200.5,202.0,-296.38,-142.44,201.25,201.25,10.73,24.19,3.9,4.88,0.0,0.0,20.68,1.64,1.55,4.26,0.0,0.0,0.01,5.69,2.86,None,Chlorite
S01831,SYN-015,202.0,203.0,-297.51,-142.83,202.5,202.5,0.22,21.22,9.44,4.93,2.03,1.79,18.7,0.0,1.27,2.77,3.3,1.84,0.0,2.42,1.57,None,Chlorite
S01832,SYN-015,203.0,204.0,-298.41,-143.15,203.5,203.5,13.56,34.35,15.39,12.87,1.58,2.18,23.54,5.07,0.0,7.75,12.34,0.68,1.58,2.23,4.56,None,Chlorite
S01833,SYN-015,204.0,205.0,-299.32,-143.46,204.5,204.5,75.34,3.88,0.6,1.29,10.74,6.21,18.1,0.57,9.53,4.48,2.95,0.0,4.95,1.84,3.03,None,WhiteMica
S01834,SYN-015,205.0,206.5,-300.45,-143.86,205.75,205.75,100.0,1.34,0.0,0.0,11.18,7.12,5.76,0.0,7.85,4.15,5.92,0.0,5.78,6.94,5.08,None,WhiteMica
S01835,SYN-015,206.5,208.0,-301.8,-144.34,207.25,207.25,6.55,27.69,15.76,9.3,0.0,0.0,15.76,1.3,2.73,1.21,0.0,0.44,2.96,1.47,3.25,None,Chlorite
S01836,SYN-015,208.0,209.0,-302.94,-144.73,208.5,208.5,7.57,26.55,6.17,9.42,0.0,0.0,23.17,30.76,0.0,0.0,2.73,0.0,2.34,0.95,0.0,None,Alunite
S01837,SYN-015,209.0,211.0,-304.29,-145.21,210.0,210.0,4.82,41.59,18.55,10.15,1.84,0.98,20.51,1.72,3.09,1.11,0.0,6.12,0.0,30.9,4.12,Hematite,Chlorite
S01838,SYN-015,211.0,213.0,-306.1,-145.84,212.0,212.0,5.99,11.8,19.99,7.66,1.02,2.3,1.4,34.93,0.0,3.19,0.0,2.56,31.14,2.4,21.31,Goethite,Alunite
S01839,SYN-015,213.0,214.0,-307.46,-146.31,213.5,213.5,18.59,19.94,11.23,2.82,0.2,1.52,36.82,36.57,0.0,2.34,0.0,0.0,0.0,5.52,3.89,None,Montmor
S01840,SYN-015,214.0,216.0,-308.82,-146.79,215.0,215.0,3.17,43.16,27.96,8.9,21.56,3.26,7.8,1.27,1.1,0.0,2.69,2.18,2.02,0.95,0.0,None,Chlorite
S01841,SYN-016,0.0,1.0,-79.96,-59.73,0.5,0.5,4.0,4.31,0.81,1.61,10.1,4.22,0.0,10.85,26.07,0.71,1.6,0.0,9.56,1.13,36.33,Goethite,Gypsum
S01842,SYN-016,1.0,3.0,-79.65,-58.37,2.0,2.0,2.63,0.4,3.28,3.4,5.91,0.82,3.68,7.97,20.22,2.63,0.0,4.51,25.57,78.94,15.31,Hematite,Water_silica
S01843,SYN-016,3.0,5.0,-79.24,-56.56,4.0,4.0,1.14,4.75,0.81,0.0,16.83,0.02,2.63,7.73,21.58,0.0,0.0,32.1,17.1,59.39,10.03,Hematite,Zunyite
S01844,SYN-016,5.0,6.0,-78.93,-55.2,5.5,5.5,5.02,0.39,0.0,0.68,8.61,1.49,4.54,10.33,26.85,0.49,2.73,1.85,16.29,23.26,55.18,Goethite,Gypsum
S01845,SYN-016,6.0,8.0,-78.62,-53.84,7.0,7.0,5.81,1.16,0.0,2.76,7.1,0.0,1.08,4.58,9.6,4.18,3.9,1.75,10.46,10.89,31.24,Goethite,Water_silica
S01846,SYN-016,8.0,10.0,-78.21,-52.02,9.0,9.0,9.19,0.85,0.0,3.35,10.82,0.74,3.23,10.78,18.42,1.53,2.29,2.23,20.85,46.1,28.35,Hematite,Water_silica
S01847,SYN-016,10.0,12.0,-77.8,-50.21,11.0,11.0,4.61,0.0,0.39,6.56,10.03,16.48,0.0,23.12,4.88,47.07,2.42,9.4,2.26,18.2,3.64,Hematite,Pyrophyllite
S01848,SYN-016,12.0,14.0,-77.39,-48.39,13.0,13.0,7.7,1.78,1.98,0.0,5.92,30.46,0.63,4.72,23.17,0.58,7.04,0.0,23.53,32.1,28.76,Hematite,Dickite
S01849,SYN-016,14.0,15.5,-77.03,-46.8,14.75,14.75,21.7,0.15,3.4,1.99,14.35,0.0,21.43,13.45,19.92,2.62,0.3,0.0,9.33,65.28,28.1,Hematite,WhiteMica
S01850,SYN-016,15.5,16.5,-76.77,-45.67,16.0,16.0,3.59,1.44,0.15,0.0,13.44,0.0,2.09,12.1,10.23,1.99,0.0,5.81,22.18,32.17,65.21,Goethite,Water_silica
S01851,SYN-016,16.5,18.5,-76.47,-44.31,17.5,17.5,38.64,5.03,4.23,3.47,10.59,0.0,3.32,13.54,8.98,6.41,4.16,1.08,25.26,40.45,30.37,Hematite,WhiteMica
S01852,SYN-016,18.5,20.0,-76.11,-42.72,19.25,19.25,9.76,3.82,0.0,5.85,12.66,0.0,2.5,9.67,24.29,1.3,4.32,2.23,24.82,30.52,25.28,Hematite,Water_silica
S01853,SYN-016,20.0,21.5,-75.8,-41.36,20.75,20.75,17.45,3.84,0.22,0.0,7.75,0.0,0.0,6.47,16.62,2.82,3.95,3.19,19.86,39.27,14.68,Hematite,Water_silica
S01854,SYN-016,21.5,23.0,-75.49,-40.0,22.25,22.25,7.14,0.0,0.43,0.0,3.24,26.25,0.0,5.4,15.93,0.86,0.0,0.26,15.39,43.05,22.9,Hematite,Dickite
S01855,SYN-016,23.0,24.5,-75.18,-38.64,23.75,23.75,2.59,0.0,5.02,1.86,36.59,1.05,1.41,5.19,14.12,0.0,0.0,0.0,15.87,67.22,34.74,Hematite,Kaolinite
S01856,SYN-016,24.5,25.5,-74.93,-37.5,25.0,25.0,2.59,2.0,0.71,1.17,2.79,7.34,0.0,22.94,0.0,67.91,9.95,14.03,5.4,6.48,1.75,None,Pyrophyllite
S01857,SYN-016,25.5,27.0,-74.67,-36.37,26.25,26.25,8.85,1.74,1.53,20.47,7.74,23.83,2.37,7.38,23.51,2.25,0.0,9.85,18.07,47.61,37.1,Hematite,Dickite
S01858,SYN-016,27.0,28.0,-74.41,-35.23,27.5,27.5,10.81,3.13,12.19,3.55,12.75,5.48,3.26,5.53,20.14,0.0,6.13,0.0,12.9,43.54,9.33,Hematite,Gypsum
S01859,SYN-016,28.0,29.5,-74.16,-34.1,28.75,28.75,6.87,0.0,3.58,1.4,5.24,2.27,2.57,9.17,12.83,3.67,0.0,0.0,15.63,78.61,38.92,Hematite,Water_silica
S01860,SYN-016,29.5,31.5,-73.8,-32.51,30.5,30.5,4.4,0.0,5.81,0.0,4.46,0.0,0.0,5.1,19.74,0.0,0.0,0.0,11.45,66.73,26.24,Hematite,Gypsum
S01861,SYN-016,31.5,33.0,-73.44,-30.93,32.25,32.25,5.56,4.68,13.94,0.0,5.26,2.87,3.5,5.76,15.12,0.0,0.94,0.0,19.19,16.79,57.41,Goethite,Water_silica
S01862,SYN-016,33.0,34.5,-73.13,-29.56,33.75,33.75,4.86,2.91,0.0,0.0,16.0,4.7,0.0,6.63,19.49,0.0,1.49,3.5,30.08,29.43,75.71,Goethite,Water_silica
S01863,SYN-016,34.5,36.0,-72.82,-28.2,35.25,35.25,5.03,3.84,3.36,0.0,12.3,0.0,4.36,5.21,50.33,2.75,2.87,4.88,31.53,45.84,25.43,Hematite,Gypsum
S01864,SYN-016,36.0,38.0,-72.46,-26.62,37.0,37.0,7.75,0.1,6.11,0.0,14.34,0.0,4.52,6.77,42.02,12.24,0.87,0.0,13.26,41.95,12.99,Hematite,Gypsum
S01865,SYN-016,38.0,39.5,-72.1,-25.03,38.75,38.75,30.81,5.36,3.25,1.06,24.3,6.19,5.08,4.67,9.12,4.34,0.0,13.45,3.6,0.74,3.08,None,WhiteMica
S01866,SYN-016,39.5,41.0,-71.8,-23.67,40.25,40.25,2.58,0.0,0.0,0.17,10.11,8.82,29.56,21.76,2.84,53.56,20.39,3.12,12.6,4.42,4.17,None,Pyrophyllite
S01867,SYN-016,41.0,42.0,-71.54,-22.53,41.5,41.5,6.75,0.0,3.32,2.16,12.29,0.0,1.17,10.1,3.13,2.47,0.0,0.0,32.26,41.29,28.59,Hematite,Water_silica
S01868,SYN-016,42.0,43.0,-71.33,-21.62,42.5,42.5,7.81,2.97,5.03,0.0,9.53,11.27,1.13,15.07,4.25,57.0,30.98,7.2,7.64,0.0,2.33,None,Pyrophyllite
S01869,SYN-016,43.0,44.5,-71.08,-20.49,43.75,43.75,0.48,1.66,4.14,0.0,6.61,16.96,3.09,37.39,0.0,86.46,27.86,5.61,17.42,3.83,4.52,None,Pyrophyllite
S01870,SYN-016,44.5,46.5,-70.72,-18.9,45.5,45.5,5.21,0.0,0.0,2.99,21.73,11.27,0.0,18.37,3.69,70.11,14.47,3.36,25.22,0.36,4.14,None,Pyrophyllite
S01871,SYN-016,46.5,48.0,-70.36,-17.31,47.25,47.25,8.33,2.16,3.42,3.37,2.8,11.86,1.04,70.09,3.3,66.16,20.29,4.94,7.21,4.2,3.83,None,Alunite
S01872,SYN-016,48.0,49.0,-70.1,-16.18,48.5,48.5,5.71,0.48,1.18,2.89,4.29,13.84,3.2,42.38,0.0,92.66,20.82,6.13,4.66,0.0,2.05,None,Pyrophyllite
S01873,SYN-016,49.0,51.0,-69.79,-14.82,50.0,50.0,32.99,22.14,0.7,0.0,10.67,14.55,0.0,69.05,0.0,60.46,19.8,10.23,3.78,4.54,5.44,None,Alunite
S01874,SYN-016,51.0,52.5,-69.43,-13.23,51.75,51.75,40.02,4.41,0.61,2.16,3.12,6.94,0.89,2.97,7.25,0.0,0.77,1.79,5.88,1.81,6.63,None,WhiteMica
S01875,SYN-016,52.5,54.5,-69.08,-11.64,53.5,53.5,0.8,2.19,2.43,0.0,4.46,12.3,0.0,25.45,0.82,39.01,2.05,4.47,8.45,2.99,34.89,Goethite,Pyrophyllite
S01876,SYN-016,54.5,55.5,-68.77,-10.28,55.0,55.0,2.12,3.09,0.0,6.09,3.91,14.58,3.68,29.7,1.47,52.71,15.46,8.26,28.25,2.27,1.76,None,Pyrophyllite
S01877,SYN-016,55.5,57.0,-68.51,-9.15,56.25,56.25,4.39,0.0,1.17,0.0,6.51,7.31,1.25,21.25,30.81,49.99,24.4,1.36,6.75,1.7,1.96,None,Pyrophyllite
S01878,SYN-016,57.0,59.0,-68.15,-7.56,58.0,58.0,4.56,0.0,1.4,4.74,2.19,2.19,0.82,15.13,2.61,76.36,33.11,7.21,8.58,0.31,4.96,None,Pyrophyllite
S01879,SYN-016,59.0,60.5,-67.79,-5.97,59.75,59.75,0.82,1.14,21.42,2.21,5.93,18.21,1.1,25.95,0.0,28.89,21.22,10.64,5.45,0.0,3.23,None,Pyrophyllite
S01880,SYN-016,60.5,62.0,-67.48,-4.61,61.25,61.25,1.82,0.3,0.0,0.0,16.08,21.0,4.26,20.83,0.0,86.43,26.85,6.28,11.01,23.16,2.39,Hematite,Pyrophyllite
S01881,SYN-016,62.0,64.0,-67.12,-3.02,63.0,63.0,23.4,4.55,2.32,0.0,13.26,7.6,1.14,35.02,1.21,47.96,25.15,9.92,8.91,0.0,1.14,None,Pyrophyllite
S01882,SYN-016,64.0,65.0,-66.82,-1.66,64.5,64.5,3.55,0.82,3.85,0.0,3.52,8.51,1.31,35.41,1.77,84.24,14.92,1.1,5.79,26.67,3.97,Hematite,Pyrophyllite
S01883,SYN-016,65.0,66.0,-66.61,-0.76,65.5,65.5,23.07,0.0,2.22,2.24,11.21,7.73,1.16,16.56,4.48,100.0,7.18,3.98,32.65,0.0,4.52,None,Pyrophyllite
S01884,SYN-016,66.0,67.5,-66.35,0.38,66.75,66.75,1.67,15.72,28.32,0.0,28.77,6.73,12.32,40.15,2.34,80.41,27.17,10.02,0.0,1.09,2.8,None,Pyrophyllite
S01885,SYN-016,67.5,69.0,-66.05,1.74,68.25,68.25,1.56,3.61,7.92,5.09,6.71,12.09,2.46,44.32,2.97,70.47,67.15,10.27,9.33,0.0,3.67,None,Pyrophyllite
S01886,SYN-016,69.0,70.0,-65.79,2.87,69.5,69.5,40.21,0.0,0.0,3.97,8.47,10.28,11.85,3.04,4.44,3.82,0.0,0.0,7.68,4.9,15.89,Goethite,WhiteMica
S01887,SYN-016,70.0,71.5,-65.53,4.01,70.75,70.75,1.17,0.78,0.0,0.68,7.35,12.13,0.0,19.55,0.34,82.61,14.58,14.73,9.27,3.74,5.29,None,Pyrophyllite
S01888,SYN-016,71.5,73.5,-65.17,5.6,72.5,72.5,5.59,0.65,33.81,2.95,6.38,12.79,27.13,52.14,0.35,47.72,27.65,10.54,0.54,1.82,0.79,None,Alunite
S01889,SYN-016,73.5,75.0,-64.82,7.18,74.25,74.25,3.9,3.85,1.81,2.75,6.22,12.51,0.0,37.78,23.01,61.51,19.22,12.17,1.26,2.41,1.2,None,Pyrophyllite
S01890,SYN-016,75.0,76.5,-64.51,8.55,75.75,75.75,1.76,0.0,6.23,36.68,8.33,8.12,0.0,30.95,1.66,38.36,6.82,4.55,6.83,21.2,1.98,Hematite,Pyrophyllite
S01891,SYN-016,76.5,78.5,-64.15,10.13,77.5,77.5,34.45,0.0,2.17,19.84,7.13,8.12,0.0,6.39,1.56,51.69,18.38,7.98,5.67,0.61,21.19,Goethite,Pyrophyllite
S01892,SYN-016,78.5,80.0,-63.79,11.72,79.25,79.25,2.02,0.0,2.7,1.47,5.53,15.04,0.0,7.33,1.44,62.63,13.4,14.7,7.76,5.23,1.82,None,Pyrophyllite
S01893,SYN-016,80.0,82.0,-63.43,13.31,81.0,81.0,4.74,1.81,2.46,0.0,4.18,7.65,0.11,54.65,0.69,68.86,21.59,11.91,8.16,0.19,2.28,None,Pyrophyllite
S01894,SYN-016,82.0,83.5,-63.07,14.9,82.75,82.75,10.71,0.58,0.0,1.46,5.55,7.56,3.85,64.35,1.09,65.68,21.24,6.96,13.48,1.86,4.78,None,Pyrophyllite
S01895,SYN-016,83.5,85.5,-62.71,16.48,84.5,84.5,5.38,0.0,0.0,4.05,5.52,14.18,1.35,55.03,5.34,58.32,12.78,9.75,6.67,0.0,0.0,None,Pyrophyllite
S01896,SYN-016,85.5,87.0,-62.35,18.07,86.25,86.25,3.77,3.74,0.51,1.75,5.47,9.92,1.83,58.74,1.89,48.01,7.41,0.0,10.15,5.39,1.01,None,Alunite
S01897,SYN-016,87.0,88.0,-62.09,19.21,87.5,87.5,2.34,1.61,3.59,6.98,6.21,7.73,4.4,51.8,2.66,77.86,14.29,0.0,6.27,19.55,1.27,Hematite,Pyrophyllite
S01898,SYN-016,88.0,90.0,-61.79,20.57,89.0,89.0,0.64,2.17,20.51,2.5,2.19,34.38,0.0,50.3,2.37,39.72,30.55,14.34,9.37,2.8,6.11,None,Alunite
S01899,SYN-016,90.0,91.5,-61.43,22.16,90.75,90.75,5.83,2.25,0.68,0.0,3.23,15.06,2.18,40.06,0.76,61.21,19.17,20.44,6.47,0.03,3.17,None,Pyrophyllite
S01900,SYN-016,91.5,92.5,-61.17,23.29,92.0,92.0,5.7,0.0,4.63,2.34,8.25,12.64,1.99,22.15,2.54,83.4,23.87,21.26,3.22,1.44,3.54,None,Pyrophyllite
S01901,SYN-016,92.5,93.5,-60.97,24.2,93.0,93.0,2.83,1.96,0.0,0.0,0.0,11.06,3.26,35.44,1.25,72.56,22.85,13.57,5.75,0.0,0.89,None,Pyrophyllite
S01902,SYN-016,93.5,95.0,-60.71,25.33,94.25,94.25,40.61,3.47,0.0,0.0,9.23,4.75,0.0,74.77,0.0,54.28,13.53,5.35,9.33,0.0,1.75,None,Alunite
S01903,SYN-016,95.0,96.0,-60.45,26.47,95.5,95.5,4.05,4.05,0.0,0.0,4.49,11.08,0.0,43.01,0.0,10.55,11.17,2.33,3.79,26.71,0.0,Hematite,Alunite
S01904,SYN-016,96.0,97.5,-60.2,27.6,96.75,96.75,5.94,3.0,4.22,1.24,10.51,9.04,0.0,30.19,6.18,46.58,22.81,13.94,8.25,1.29,15.23,Goethite,Pyrophyllite
S01905,SYN-016,97.5,98.5,-59.94,28.73,98.0,98.0,17.23,2.48,0.96,1.05,9.31,5.89,20.65,2.77,4.12,100.0,48.24,7.52,9.12,0.16,1.29,None,Pyrophyllite
S01906,SYN-016,98.5,100.0,-59.68,29.87,99.25,99.25,32.35,0.0,3.62,4.21,24.26,7.29,6.98,10.21,0.45,48.86,13.92,7.24,9.18,7.46,0.0,None,Pyrophyllite
S01907,SYN-016,100.0,101.5,-59.37,31.23,100.75,100.75,1.61,1.16,0.93,0.95,5.4,13.13,0.0,38.85,2.89,54.87,21.82,13.99,10.63,0.0,3.72,None,Pyrophyllite
S01908,SYN-016,101.5,103.0,-59.07,32.59,102.25,102.25,3.64,10.81,3.76,0.0,29.14,15.59,3.52,24.72,1.75,59.2,48.49,6.76,15.28,0.17,0.62,None,Pyrophyllite
S01909,SYN-016,103.0,104.5,-58.76,33.95,103.75,103.75,6.11,4.41,0.88,5.1,9.44,5.24,2.96,41.58,5.56,65.58,28.04,21.05,3.37,3.8,3.2,None,Pyrophyllite
S01910,SYN-016,104.5,105.5,-58.5,35.09,105.0,105.0,25.18,37.31,13.5,2.68,12.94,1.71,8.83,0.0,3.18,0.0,0.0,6.21,1.01,0.0,3.66,None,Chlorite
S01911,SYN-016,105.5,107.0,-58.25,36.22,106.25,106.25,2.73,4.03,2.22,0.0,8.63,5.81,0.0,14.47,16.45,38.78,19.04,3.01,6.59,1.52,9.89,None,Pyrophyllite
S01912,SYN-016,107.0,108.5,-57.94,37.58,107.75,107.75,14.53,30.92,34.12,8.15,3.77,2.8,1.34,0.0,0.0,5.23,2.84,0.0,0.88,3.65,1.97,None,Carbonate
S01913,SYN-016,108.5,110.0,-57.63,38.94,109.25,109.25,28.94,21.2,7.66,4.97,5.36,3.92,13.49,30.52,1.58,3.57,0.98,3.76,34.01,3.46,3.43,None,Water_silica
S01914,SYN-016,110.0,111.0,-57.37,40.08,110.5,110.5,24.29,26.63,10.49,3.08,12.36,2.14,6.73,1.54,0.0,1.37,0.0,0.95,4.3,1.95,2.83,None,Chlorite
S01915,SYN-016,111.0,112.0,-57.17,40.98,111.5,111.5,17.48,29.34,8.57,15.29,27.3,0.0,5.6,3.54,0.39,2.63,2.65,21.13,0.0,1.59,1.04,None,Chlorite
S01916,SYN-016,112.0,113.0,-56.96,41.89,112.5,112.5,5.1,0.0,1.86,1.3,9.09,13.12,0.0,51.61,1.76,73.76,0.0,7.99,7.75,4.24,3.46,None,Pyrophyllite
S01917,SYN-016,113.0,114.5,-56.71,43.02,113.75,113.75,1.29,1.09,2.04,1.74,3.06,8.16,1.35,18.5,0.0,65.12,16.07,11.14,6.14,4.86,4.87,None,Pyrophyllite
S01918,SYN-016,114.5,116.0,-56.4,44.39,115.25,115.25,6.81,8.76,10.78,4.92,5.43,2.77,30.35,2.86,7.2,3.35,0.0,2.59,0.04,1.98,4.31,None,Montmor
S01919,SYN-016,116.0,118.0,-56.04,45.97,117.0,117.0,29.3,38.61,10.31,6.99,15.57,1.13,17.42,1.0,1.62,0.0,0.0,4.43,17.96,3.1,4.68,None,Chlorite
S01920,SYN-016,118.0,119.5,-55.68,47.56,118.75,118.75,5.95,20.54,5.41,1.17,6.55,12.49,2.19,53.26,0.86,33.02,9.87,6.96,12.17,0.51,0.96,None,Alunite
S01921,SYN-016,119.5,121.0,-55.37,48.92,120.25,120.25,4.14,26.78,7.73,9.15,2.54,0.32,17.57,3.79,0.0,15.14,0.37,2.48,2.04,4.67,3.13,None,Chlorite
S01922,SYN-016,121.0,122.5,-55.06,50.28,121.75,121.75,5.63,15.03,8.44,9.01,0.0,0.0,13.66,0.33,2.24,3.9,0.82,1.1,3.9,15.01,0.0,Hematite,Chlorite
S01923,SYN-016,122.5,123.5,-54.81,51.42,123.0,123.0,11.43,11.14,1.67,6.43,7.27,2.65,6.48,0.43,0.83,4.06,1.76,3.74,1.43,1.0,0.0,None,WhiteMica
S01924,SYN-016,123.5,125.0,-54.55,52.55,124.25,124.25,45.04,31.77,13.74,5.49,19.41,2.48,12.96,3.32,32.9,16.5,1.79,24.21,0.69,0.49,7.2,None,WhiteMica
S01925,SYN-016,125.0,126.5,-54.24,53.91,125.75,125.75,22.87,24.09,11.34,4.46,20.22,0.0,11.76,3.59,0.0,6.94,0.0,0.0,5.57,6.32,3.23,None,Chlorite
S01926,SYN-016,126.5,128.0,-53.93,55.27,127.25,127.25,16.88,26.78,0.0,1.23,3.39,0.0,1.88,3.66,0.92,0.0,1.91,0.0,2.03,0.54,4.52,None,Chlorite
S01927,SYN-016,128.0,129.0,-53.68,56.41,128.5,128.5,23.34,22.26,13.57,5.95,3.8,5.93,25.29,0.75,0.46,0.0,1.52,5.77,2.99,28.41,4.53,Hematite,Montmor
S01928,SYN-016,129.0,131.0,-53.37,57.77,130.0,130.0,15.17,12.07,9.76,3.7,16.11,3.35,13.44,1.38,0.32,5.51,1.33,1.87,0.0,0.0,2.87,None,Kaolinite
S01929,SYN-016,131.0,133.0,-52.96,59.58,132.0,132.0,19.04,27.04,5.78,9.29,9.62,1.42,8.75,0.0,3.06,3.02,0.0,2.42,0.86,4.37,6.28,None,Chlorite
S01930,SYN-016,133.0,134.0,-52.65,60.95,133.5,133.5,27.89,20.04,5.39,5.46,19.38,2.72,14.78,3.45,4.43,30.31,2.42,0.34,4.03,0.52,2.6,None,Pyrophyllite
S01931,SYN-016,134.0,135.5,-52.39,62.08,134.75,134.75,14.22,21.79,6.9,8.02,38.07,0.03,5.31,0.0,2.81,3.23,2.74,2.02,1.49,1.86,0.0,None,Kaolinite
S01932,SYN-016,135.5,137.5,-52.03,63.67,136.5,136.5,10.48,45.53,5.81,4.7,16.95,27.36,8.09,16.93,0.16,12.59,3.14,0.0,1.03,1.64,3.39,None,Chlorite
S01933,SYN-016,137.5,139.0,-51.68,65.26,138.25,138.25,19.39,30.6,6.41,31.41,7.56,1.25,23.68,0.1,1.34,0.0,1.63,1.17,0.0,7.73,5.29,None,Epidote
S01934,SYN-016,139.0,141.0,-51.32,66.84,140.0,140.0,21.33,31.17,17.65,7.63,14.4,3.61,10.73,0.0,3.78,0.08,3.92,0.0,0.87,6.3,0.0,None,Chlorite
S01935,SYN-016,141.0,142.5,-50.96,68.43,141.75,141.75,16.8,48.93,11.67,6.75,22.89,0.0,13.89,0.0,3.23,0.0,2.45,0.0,4.33,21.41,2.24,Hematite,Chlorite
S01936,SYN-016,142.5,144.5,-50.6,70.02,143.5,143.5,23.22,25.81,19.16,6.87,12.77,0.0,14.65,0.0,2.47,0.0,0.21,0.0,1.23,0.22,5.72,None,Chlorite
S01937,SYN-016,144.5,146.5,-50.19,71.83,145.5,145.5,14.55,23.19,11.02,5.75,11.76,0.0,12.9,3.16,0.0,27.76,24.42,24.81,2.4,2.17,5.17,None,Pyrophyllite
S01938,SYN-016,146.5,147.5,-49.88,73.19,147.0,147.0,16.92,15.28,12.61,8.13,9.65,3.33,10.61,2.23,3.79,0.0,0.0,35.53,0.41,17.96,2.62,Hematite,Zunyite
S01939,SYN-016,147.5,149.0,-49.62,74.33,148.25,148.25,33.9,17.52,6.04,7.74,3.35,0.95,28.3,2.23,4.56,0.02,0.0,7.55,0.38,5.84,25.31,Goethite,WhiteMica
S01940,SYN-016,149.0,150.5,-49.31,75.69,149.75,149.75,18.07,1.73,9.24,0.12,6.07,0.0,9.33,4.76,3.25,2.15,2.98,4.08,1.36,8.3,2.93,None,WhiteMica
S01941,SYN-016,150.5,151.5,-49.06,76.82,151.0,151.0,27.62,29.83,9.63,5.3,7.18,0.65,8.37,18.75,26.16,2.59,0.59,0.0,2.46,2.69,3.55,None,Chlorite
S01942,SYN-016,151.5,153.0,-48.8,77.96,152.25,152.25,18.66,9.46,12.79,8.74,3.12,0.0,17.09,0.0,3.07,1.95,2.96,5.64,3.16,3.87,4.8,None,WhiteMica
S01943,SYN-016,153.0,155.0,-48.44,79.55,154.0,154.0,13.81,30.94,9.78,3.25,3.67,0.0,5.91,2.43,4.07,0.0,27.11,0.26,2.99,6.78,2.58,None,Chlorite
S01944,SYN-016,155.0,156.0,-48.13,80.91,155.5,155.5,19.8,21.57,11.58,1.43,9.22,4.35,20.43,2.09,2.8,20.12,3.84,0.0,0.38,3.2,6.83,None,Chlorite
S01945,SYN-016,156.0,157.5,-47.88,82.04,156.75,156.75,23.26,23.27,11.42,5.63,30.39,0.83,12.73,0.0,0.88,0.0,0.0,5.98,1.74,0.0,3.52,None,Kaolinite
S01946,SYN-016,157.5,159.5,-47.52,83.63,158.5,158.5,21.57,21.58,8.64,7.41,15.65,4.41,14.81,25.2,27.13,4.19,0.0,0.2,0.0,1.62,2.06,None,Gypsum
S01947,SYN-016,159.5,161.0,-47.16,85.22,160.25,160.25,21.18,35.72,8.17,4.76,43.3,0.0,15.86,2.55,0.0,0.0,2.66,0.0,1.85,1.89,1.56,None,Kaolinite
S01948,SYN-016,161.0,162.5,-46.85,86.58,161.75,161.75,5.21,33.97,6.99,9.49,10.32,2.46,11.86,1.89,0.0,0.0,2.27,0.0,0.0,0.09,0.8,None,Chlorite
S01949,SYN-016,162.5,164.5,-46.49,88.17,163.5,163.5,0.0,21.71,27.5,10.98,49.85,0.0,47.59,3.03,0.0,2.92,4.54,0.4,0.0,2.02,5.5,None,Kaolinite
S01950,SYN-016,164.5,166.0,-46.13,89.75,165.25,165.25,25.18,13.1,8.64,0.8,21.12,7.31,18.09,0.0,0.48,1.43,0.31,2.74,1.71,0.0,34.83,Goethite,WhiteMica
S01951,SYN-016,166.0,167.0,-45.88,90.89,166.5,166.5,19.16,31.15,11.48,4.96,24.28,0.0,17.25,0.0,1.21,7.49,0.0,1.73,2.55,0.0,0.0,None,Chlorite
S01952,SYN-017,0.0,1.0,-24.16,-55.25,0.5,0.5,8.71,3.57,0.0,0.81,14.87,0.0,0.0,4.82,17.24,0.0,0.21,1.35,27.16,5.0,20.91,Goethite,Water_silica
S01953,SYN-017,1.0,3.0,-22.9,-54.76,2.0,2.0,4.78,3.45,0.0,2.45,3.92,8.1,2.03,9.66,0.0,0.0,31.25,7.59,12.44,1.77,1.97,None,Diaspore
S01954,SYN-017,3.0,4.5,-21.43,-54.2,3.75,3.75,7.0,0.54,3.09,0.0,10.12,33.69,0.0,3.67,23.31,0.91,0.0,4.99,12.36,36.62,50.26,Goethite,Dickite
S01955,SYN-017,4.5,6.0,-20.17,-53.72,5.25,5.25,3.67,0.0,2.21,0.0,16.82,4.91,0.0,7.36,36.54,0.0,4.68,0.0,22.03,49.07,23.7,Hematite,Gypsum
S01956,SYN-017,6.0,7.0,-19.12,-53.31,6.5,6.5,4.65,23.17,0.0,0.0,4.46,3.43,29.0,3.9,26.53,7.02,1.18,0.0,17.82,69.21,30.31,Hematite,Montmor
S01957,SYN-017,7.0,8.5,-18.06,-52.91,7.75,7.75,4.48,0.0,4.42,22.63,9.7,2.16,0.75,12.81,17.91,25.55,2.79,0.0,1.3,42.52,25.75,Hematite,Pyrophyllite
S01958,SYN-017,8.5,10.5,-16.59,-52.34,9.5,9.5,5.5,3.39,2.3,0.0,5.39,1.31,0.0,5.48,20.04,14.43,0.68,1.85,7.64,42.13,25.08,Hematite,Gypsum
S01959,SYN-017,10.5,12.0,-15.12,-51.78,11.25,11.25,10.85,0.0,4.49,25.97,15.59,2.18,10.98,8.17,20.03,1.18,0.0,21.87,23.74,27.18,22.26,Hematite,Epidote
S01960,SYN-017,12.0,14.0,-13.65,-51.21,13.0,13.0,11.28,2.77,0.0,4.62,11.89,2.33,26.0,9.63,5.53,0.0,5.31,3.4,5.41,42.03,45.95,Goethite,Montmor
S01961,SYN-017,14.0,15.5,-12.18,-50.65,14.75,14.75,8.26,0.0,2.2,0.0,15.34,4.46,1.43,23.45,20.27,2.19,2.65,20.95,32.6,32.59,38.42,Goethite,Water_silica
S01962,SYN-017,15.5,17.0,-10.91,-50.17,16.25,16.25,6.32,0.67,0.0,4.0,34.97,1.15,0.35,4.96,17.11,0.0,2.17,4.94,26.11,52.67,31.79,Hematite,Kaolinite
S01963,SYN-017,17.0,19.0,-9.44,-49.6,18.0,18.0,2.32,0.83,1.82,2.93,7.29,1.85,0.0,5.73,11.18,0.0,0.0,3.94,23.53,50.62,6.68,Hematite,Water_silica
S01964,SYN-017,19.0,20.5,-7.97,-49.04,19.75,19.75,6.59,0.65,4.89,1.65,1.97,0.18,0.0,10.82,24.23,0.0,0.85,0.0,5.37,68.72,37.77,Hematite,Gypsum
S01965,SYN-017,20.5,22.0,-6.71,-48.55,21.25,21.25,32.54,0.48,0.0,5.02,11.63,1.48,4.06,14.59,2.06,1.41,5.06,0.5,26.47,47.34,41.11,Hematite,WhiteMica
S01966,SYN-017,22.0,24.0,-5.24,-47.99,23.0,23.0,10.4,0.09,0.0,0.77,8.07,0.56,1.1,14.68,10.14,12.3,4.44,4.05,25.78,52.2,15.9,Hematite,Water_silica
S01967,SYN-017,24.0,25.5,-3.76,-47.42,24.75,24.75,1.66,0.0,3.59,2.2,13.4,0.0,2.0,12.58,23.16,10.25,0.66,0.0,52.76,16.1,22.13,Goethite,Water_silica
S01968,SYN-017,25.5,27.0,-2.5,-46.94,26.25,26.25,0.99,0.0,1.03,1.48,2.99,12.6,5.58,40.69,1.85,41.71,15.17,5.2,16.02,1.37,18.05,Goethite,Pyrophyllite
S01969,SYN-017,27.0,29.0,-1.03,-46.37,28.0,28.0,7.04,4.5,1.16,1.51,10.14,29.36,1.65,3.54,20.36,2.06,4.25,0.25,25.62,48.39,41.43,Hematite,Dickite
S01970,SYN-017,29.0,30.0,0.23,-45.89,29.5,29.5,3.64,1.26,4.13,1.32,0.41,4.92,2.44,4.84,10.61,3.9,5.13,26.25,32.13,55.97,35.63,Hematite,Water_silica
S01971,SYN-017,30.0,31.5,1.28,-45.49,30.75,30.75,5.97,0.89,0.0,2.35,2.53,1.11,1.8,12.99,9.51,24.14,0.81,1.08,12.1,44.17,48.91,Goethite,Pyrophyllite
S01972,SYN-017,31.5,32.5,2.33,-45.08,32.0,32.0,3.44,0.0,27.47,33.4,6.44,3.82,3.48,33.12,35.72,25.03,15.44,6.14,7.45,6.4,1.79,None,Gypsum
S01973,SYN-017,32.5,34.0,3.39,-44.68,33.25,33.25,6.33,1.3,1.32,0.0,4.88,12.47,2.84,31.87,5.43,62.66,26.72,13.66,3.83,0.75,0.0,None,Pyrophyllite
S01974,SYN-017,34.0,35.0,4.44,-44.28,34.5,34.5,7.8,0.0,1.33,1.32,10.37,2.03,1.45,13.49,12.98,2.03,4.5,1.94,38.1,41.16,34.83,Hematite,Water_silica
S01975,SYN-017,35.0,36.5,5.49,-43.87,35.75,35.75,0.85,0.0,0.21,0.0,5.55,0.55,3.62,47.5,2.4,45.73,16.16,7.5,7.14,2.71,1.75,None,Alunite
S01976,SYN-017,36.5,37.5,6.54,-43.47,37.0,37.0,8.76,0.18,2.92,2.37,12.1,3.35,3.11,10.86,16.47,2.51,4.38,0.0,10.85,38.64,24.51,Hematite,Gypsum
S01977,SYN-017,37.5,39.0,7.59,-43.07,38.25,38.25,1.32,1.6,0.0,1.08,4.65,14.16,4.58,44.99,0.29,66.64,15.8,5.21,4.48,0.9,4.41,None,Pyrophyllite
S01978,SYN-017,39.0,40.5,8.85,-42.58,39.75,39.75,5.84,0.0,1.73,0.0,0.03,0.84,3.64,10.9,11.84,4.38,3.3,0.0,24.33,73.11,22.56,Hematite,Water_silica
S01979,SYN-017,40.5,42.0,10.12,-42.1,41.25,41.25,3.83,2.68,5.03,0.0,2.61,29.14,0.0,53.53,0.0,66.96,21.86,13.92,10.96,0.0,2.32,None,Pyrophyllite
S01980,SYN-017,42.0,43.5,11.38,-41.61,42.75,42.75,9.33,4.29,1.02,0.0,10.58,11.99,0.0,23.18,22.38,30.11,9.43,6.98,10.68,1.84,0.59,None,Pyrophyllite
S01981,SYN-017,43.5,45.0,12.64,-41.13,44.25,44.25,2.32,0.0,7.29,4.1,6.42,11.07,0.0,9.35,0.0,45.98,15.26,7.36,10.75,2.53,4.39,None,Pyrophyllite
S01982,SYN-017,45.0,46.5,13.9,-40.65,45.75,45.75,5.24,1.6,2.52,5.09,2.11,2.32,0.0,6.2,0.57,41.31,6.9,7.06,15.49,0.6,5.81,None,Pyrophyllite
S01983,SYN-017,46.5,48.0,15.16,-40.16,47.25,47.25,20.03,2.83,0.48,4.06,6.49,16.15,0.0,19.99,0.0,78.09,23.04,2.13,8.03,18.84,6.58,Hematite,Pyrophyllite
S01984,SYN-017,48.0,50.0,16.63,-39.6,49.0,49.0,2.53,0.0,2.58,17.27,10.11,11.51,1.45,19.69,0.0,50.65,19.88,6.46,5.66,4.34,3.43,None,Pyrophyllite
S01985,SYN-017,50.0,51.5,18.11,-39.03,50.75,50.75,4.4,3.49,1.47,1.35,8.59,13.4,0.0,10.31,0.69,85.96,34.76,8.71,7.82,1.3,2.48,None,Pyrophyllite
S01986,SYN-017,51.5,52.5,19.16,-38.63,52.0,52.0,2.88,1.89,4.55,3.74,4.6,6.4,2.82,29.04,2.02,87.34,33.53,6.43,4.48,5.17,28.97,Goethite,Pyrophyllite
S01987,SYN-017,52.5,54.5,20.42,-38.14,53.5,53.5,3.11,19.64,0.0,2.09,4.66,11.08,1.96,31.53,0.0,51.64,25.86,11.5,5.5,2.53,6.07,None,Pyrophyllite
S01988,SYN-017,54.5,56.0,21.89,-37.58,55.25,55.25,0.0,1.55,0.0,6.07,3.42,28.64,2.11,31.81,0.34,40.34,3.8,4.36,8.03,4.64,5.52,None,Pyrophyllite
S01989,SYN-017,56.0,57.0,22.94,-37.18,56.5,56.5,3.94,0.85,2.1,0.0,4.0,10.67,0.0,20.49,2.92,33.33,9.93,8.98,9.76,38.32,2.74,Hematite,Pyrophyllite
S01990,SYN-017,57.0,58.5,24.0,-36.77,57.75,57.75,6.25,3.15,3.29,2.88,4.22,5.77,33.69,23.66,4.7,72.57,0.62,6.09,32.07,0.0,0.55,None,Pyrophyllite
S01991,SYN-017,58.5,59.5,25.05,-36.37,59.0,59.0,4.14,0.3,27.52,0.0,2.04,44.95,0.0,27.44,1.01,52.52,18.56,11.32,3.25,4.69,3.54,None,Pyrophyllite
S01992,SYN-017,59.5,60.5,25.89,-36.05,60.0,60.0,16.89,1.77,2.88,2.9,4.8,12.72,2.62,43.77,6.69,36.96,20.21,13.46,10.55,5.3,2.9,None,Alunite
S01993,SYN-017,60.5,62.0,26.94,-35.64,61.25,61.25,62.81,2.0,0.0,0.0,9.13,5.41,3.78,16.61,9.11,31.52,0.69,1.28,5.32,4.68,4.07,None,WhiteMica
S01994,SYN-017,62.0,63.0,27.99,-35.24,62.5,62.5,5.45,32.25,2.51,0.0,6.93,15.99,6.01,22.25,2.95,77.2,15.39,12.35,4.83,1.33,0.2,None,Pyrophyllite
S01995,SYN-017,63.0,65.0,29.25,-34.76,64.0,64.0,20.37,0.0,0.0,0.0,25.09,8.88,1.65,7.83,1.35,77.66,13.3,18.74,8.52,0.0,1.29,None,Pyrophyllite
S01996,SYN-017,65.0,67.0,30.93,-34.11,66.0,66.0,2.43,1.63,1.9,0.0,6.59,11.8,1.87,27.38,36.11,31.53,45.58,7.82,12.1,8.13,34.56,Goethite,Diaspore
S01997,SYN-017,67.0,68.5,32.41,-33.55,67.75,67.75,2.78,0.0,4.49,1.83,10.38,14.07,0.0,25.72,0.0,63.95,19.05,7.58,10.9,0.0,3.41,None,Pyrophyllite
S01998,SYN-017,68.5,70.0,33.67,-33.06,69.25,69.25,0.32,3.2,1.63,2.09,10.96,5.17,0.66,8.74,12.7,69.57,10.59,4.07,30.71,6.99,0.0,None,Pyrophyllite
S01999,SYN-017,70.0,71.5,34.93,-32.58,70.75,70.75,3.33,2.68,0.0,7.33,5.82,6.97,4.39,26.25,3.52,97.11,49.65,11.19,11.9,0.0,6.21,None,Pyrophyllite
S02000,SYN-017,71.5,73.5,36.4,-32.01,72.5,72.5,4.36,0.0,0.37,0.97,8.38,14.38,1.43,19.26,2.53,50.92,26.75,0.3,8.84,0.0,2.2,None,Pyrophyllite
S02001,SYN-017,73.5,75.0,37.87,-31.45,74.25,74.25,8.29,1.73,20.17,36.09,5.55,9.02,2.8,30.88,3.81,80.4,13.35,6.51,28.99,2.2,3.89,None,Pyrophyllite
S02002,SYN-017,75.0,76.0,38.93,-31.04,75.5,75.5,5.32,0.0,5.69,1.6,4.68,6.64,4.45,38.05,3.75,71.36,9.19,35.41,16.84,33.37,1.73,Hematite,Pyrophyllite
S02003,SYN-017,76.0,77.5,39.98,-30.64,76.75,76.75,1.84,0.0,0.0,2.92,2.98,7.16,3.95,24.27,6.23,86.41,17.34,2.06,9.58,7.46,3.62,None,Pyrophyllite
S02004,SYN-017,77.5,79.0,41.24,-30.16,78.25,78.25,0.4,0.0,2.1,1.56,6.23,4.5,1.28,39.36,0.0,64.92,32.71,34.25,9.7,0.37,30.73,Goethite,Pyrophyllite
S02005,SYN-017,79.0,80.0,42.29,-29.75,79.5,79.5,3.48,1.07,0.0,3.95,8.93,1.18,1.46,44.81,0.31,60.58,22.09,10.67,8.62,26.94,6.23,Hematite,Pyrophyllite
S02006,SYN-017,80.0,81.5,43.34,-29.35,80.75,80.75,37.4,2.5,2.47,28.35,2.56,2.37,23.15,28.19,0.48,41.11,5.77,5.88,1.86,3.28,6.81,None,Pyrophyllite
S02007,SYN-017,81.5,82.5,44.39,-28.95,82.0,82.0,3.45,1.57,2.67,14.86,27.93,10.21,2.45,27.55,4.12,46.99,28.98,4.17,4.85,0.0,1.75,None,Pyrophyllite
S02008,SYN-017,82.5,84.5,45.66,-28.46,83.5,83.5,5.35,3.47,0.62,2.24,5.09,13.02,0.17,29.21,2.13,51.31,14.65,1.88,13.89,3.4,4.56,None,Pyrophyllite
S02009,SYN-017,84.5,86.0,47.13,-27.9,85.25,85.25,3.55,0.0,2.78,0.0,6.67,21.34,2.08,12.18,36.4,72.36,16.11,35.82,1.05,1.82,0.0,None,Pyrophyllite
S02010,SYN-017,86.0,87.0,48.18,-27.49,86.5,86.5,5.79,28.84,4.05,4.48,6.71,9.81,3.8,5.66,1.91,66.11,7.56,5.1,32.98,4.96,3.76,None,Pyrophyllite
S02011,SYN-017,87.0,88.0,49.02,-27.17,87.5,87.5,0.01,5.31,0.79,0.0,7.45,4.24,0.0,48.1,1.15,37.94,43.1,2.72,27.23,1.47,7.57,None,Alunite
S02012,SYN-017,88.0,89.0,49.86,-26.85,88.5,88.5,8.01,18.35,0.0,0.0,11.12,9.87,0.0,69.34,2.9,100.0,2.17,11.5,6.73,5.73,0.0,None,Pyrophyllite
S02013,SYN-017,89.0,90.5,50.91,-26.45,89.75,89.75,1.22,0.07,4.76,7.95,3.65,13.16,1.09,24.19,1.85,50.82,8.87,4.8,15.27,18.67,0.87,Hematite,Pyrophyllite
S02014,SYN-017,90.5,91.5,51.96,-26.04,91.0,91.0,5.98,0.0,3.27,1.15,3.5,14.64,2.87,47.31,2.17,72.06,22.92,9.56,2.45,0.0,2.59,None,Pyrophyllite
S02015,SYN-017,91.5,93.0,53.02,-25.64,92.25,92.25,3.32,0.71,2.61,0.67,6.67,14.2,1.92,73.25,2.83,74.01,19.03,4.8,5.37,0.0,2.34,None,Pyrophyllite
S02016,SYN-017,93.0,94.0,54.07,-25.24,93.5,93.5,3.71,0.11,0.0,3.07,9.92,12.58,0.0,10.4,2.28,77.1,11.89,9.84,9.15,6.59,5.01,None,Pyrophyllite
S02017,SYN-017,94.0,95.5,55.12,-24.83,94.75,94.75,16.93,2.71,3.66,3.24,2.05,10.43,3.45,31.44,3.66,87.9,16.43,8.67,9.42,1.88,4.85,None,Pyrophyllite
S02018,SYN-017,95.5,97.0,56.38,-24.35,96.25,96.25,4.64,1.84,6.31,4.05,6.89,13.32,5.97,41.61,1.33,100.0,23.65,11.65,8.35,1.86,0.0,None,Pyrophyllite
S02019,SYN-017,97.0,98.5,57.64,-23.86,97.75,97.75,5.14,0.0,0.9,0.0,5.46,4.67,0.0,8.53,1.62,8.6,21.1,2.17,8.96,2.65,0.35,None,Diaspore
S02020,SYN-017,98.5,100.0,58.9,-23.38,99.25,99.25,6.65,0.0,1.44,2.54,8.31,0.96,16.54,10.02,0.0,78.9,23.36,5.17,5.69,1.92,2.58,None,Pyrophyllite
S02021,SYN-017,100.0,101.0,59.96,-22.98,100.5,100.5,7.52,1.2,0.0,0.47,7.7,19.42,1.26,45.72,23.77,30.27,8.38,11.24,24.08,2.31,1.53,None,Alunite
S02022,SYN-017,101.0,102.0,60.8,-22.65,101.5,101.5,4.83,3.05,0.0,0.0,31.61,9.79,0.89,31.22,5.48,54.58,12.27,5.58,4.21,0.0,35.57,Goethite,Pyrophyllite
S02023,SYN-017,102.0,103.0,61.64,-22.33,102.5,102.5,8.28,20.65,0.0,1.32,7.32,12.4,4.21,22.01,0.0,55.61,33.68,6.51,9.43,4.36,3.99,None,Pyrophyllite
S02024,SYN-017,103.0,105.0,62.9,-21.85,104.0,104.0,15.84,12.35,9.3,0.0,12.78,5.69,4.46,0.0,4.18,0.0,32.73,13.4,0.0,2.45,0.0,None,Diaspore
S02025,SYN-017,105.0,107.0,64.58,-21.2,106.0,106.0,4.23,2.96,1.53,0.0,4.22,0.0,30.94,8.37,2.8,53.77,14.79,9.89,1.86,3.77,2.19,None,Pyrophyllite
S02026,SYN-017,107.0,109.0,66.26,-20.56,108.0,108.0,3.82,31.7,32.76,7.93,30.02,0.0,21.28,0.0,0.0,30.26,0.0,0.33,2.52,0.63,0.85,None,Carbonate
S02027,SYN-017,109.0,110.5,67.74,-19.99,109.75,109.75,6.69,0.0,0.35,3.51,8.16,16.95,0.47,36.7,0.84,32.66,34.85,6.85,3.07,2.0,25.91,Goethite,Alunite
S02028,SYN-017,110.5,112.0,69.0,-19.51,111.25,111.25,5.07,0.97,15.1,0.47,9.74,15.2,0.0,11.82,0.74,21.6,18.99,40.59,11.15,0.0,4.65,None,Zunyite
S02029,SYN-017,112.0,113.5,70.26,-19.02,112.75,112.75,15.89,1.65,26.03,0.01,6.27,34.96,8.11,17.33,20.08,38.7,19.79,7.49,5.86,4.8,2.46,None,Pyrophyllite
S02030,SYN-017,113.5,115.5,71.73,-18.46,114.5,114.5,4.45,26.31,0.78,0.86,4.9,8.57,4.62,18.24,1.13,50.07,9.92,6.71,16.67,1.72,0.0,None,Pyrophyllite
S02031,SYN-017,115.5,117.5,73.41,-17.81,116.5,116.5,47.29,6.61,14.78,7.78,10.48,1.15,11.8,3.36,0.0,0.66,4.2,0.0,15.76,0.0,6.29,None,WhiteMica
S02032,SYN-017,117.5,119.5,75.1,-17.17,118.5,118.5,29.88,26.93,16.46,4.16,9.77,0.74,13.3,3.79,3.43,0.0,1.63,0.0,0.79,1.12,1.03,None,WhiteMica
S02033,SYN-017,119.5,121.5,76.78,-16.52,120.5,120.5,5.26,2.38,0.0,0.78,5.61,11.2,2.77,27.12,21.41,58.56,0.0,2.96,6.32,2.98,1.68,None,Pyrophyllite
S02034,SYN-017,121.5,123.0,78.25,-15.96,122.25,122.25,26.18,34.06,11.36,24.99,15.19,2.67,24.95,0.78,1.87,0.0,3.31,1.83,4.04,5.71,0.0,None,Chlorite
S02035,SYN-017,123.0,125.0,79.72,-15.39,124.0,124.0,22.93,17.99,4.35,9.1,29.13,0.0,5.09,4.98,2.14,0.0,0.38,0.0,4.84,0.0,23.91,Goethite,Kaolinite
S02036,SYN-017,125.0,127.0,81.41,-14.75,126.0,126.0,9.62,26.0,11.76,2.41,11.18,23.84,9.98,0.79,0.96,0.0,0.0,1.57,21.62,5.28,3.04,None,Chlorite
S02037,SYN-017,127.0,128.5,82.88,-14.18,127.75,127.75,10.55,17.88,9.34,1.74,11.53,3.35,20.81,0.0,6.43,1.66,2.87,1.22,6.01,35.98,4.23,Hematite,Montmor
S02038,SYN-017,128.5,130.5,84.35,-13.62,129.5,129.5,9.2,34.92,8.77,4.91,0.0,2.24,27.31,0.82,0.92,0.0,4.68,28.07,0.0,0.89,0.98,None,Chlorite
S02039,SYN-017,130.5,131.5,85.61,-13.13,131.0,131.0,0.0,29.15,29.66,0.0,6.91,1.23,8.09,0.0,0.0,1.36,0.0,4.07,3.49,4.25,4.62,None,Carbonate
S02040,SYN-017,131.5,133.5,86.87,-12.65,132.5,132.5,33.37,32.84,11.52,9.43,0.0,1.83,27.46,1.01,0.0,1.12,2.45,1.92,2.72,2.8,6.54,None,WhiteMica
S02041,SYN-017,133.5,135.5,88.56,-12.0,134.5,134.5,23.98,19.4,11.01,21.84,8.39,6.02,24.55,35.21,1.49,4.37,5.29,3.39,0.38,0.63,10.25,None,Alunite
S02042,SYN-017,135.5,136.5,89.82,-11.52,136.0,136.0,24.57,11.83,8.96,5.21,19.87,2.83,16.3,4.37,2.19,2.6,0.0,0.65,2.51,4.78,4.11,None,WhiteMica
S02043,SYN-017,136.5,138.0,90.87,-11.12,137.25,137.25,1.81,33.71,27.67,4.08,2.5,40.11,18.16,1.35,0.0,0.0,34.89,0.47,0.0,5.5,0.0,None,Dickite
S02044,SYN-017,138.0,139.0,91.92,-10.71,138.5,138.5,20.86,7.58,22.71,2.56,19.62,0.0,19.41,3.87,1.76,3.29,0.0,5.31,2.13,0.0,4.13,None,Carbonate
S02045,SYN-017,139.0,141.0,93.18,-10.23,140.0,140.0,14.89,31.16,44.29,8.25,17.07,3.08,18.55,2.45,1.08,1.6,1.17,0.07,3.36,2.92,5.68,None,Carbonate
S02046,SYN-017,141.0,143.0,94.87,-9.58,142.0,142.0,11.94,10.75,15.3,13.44,9.33,0.0,14.74,5.19,2.52,1.97,0.06,0.0,2.13,1.61,0.41,None,Carbonate
S02047,SYN-017,143.0,144.5,96.34,-9.02,143.75,143.75,10.06,25.68,8.59,5.36,17.82,0.0,14.58,0.0,2.7,34.45,0.91,4.55,2.62,3.19,0.97,None,Pyrophyllite
S02048,SYN-017,144.5,146.5,97.81,-8.45,145.5,145.5,14.82,29.7,14.56,2.75,53.58,2.48,19.59,4.16,1.1,0.0,6.75,27.51,3.09,1.18,27.53,Goethite,Kaolinite
S02049,SYN-017,146.5,147.5,99.07,-7.97,147.0,147.0,8.96,17.04,9.83,9.35,6.15,0.0,8.66,1.9,5.79,0.0,0.0,0.0,0.0,5.79,2.96,None,Chlorite
S02050,SYN-017,147.5,149.0,100.12,-7.57,148.25,148.25,28.64,20.35,15.83,2.94,12.21,1.32,24.92,1.73,2.3,1.38,0.69,0.0,0.52,0.0,0.0,None,WhiteMica
S02051,SYN-017,149.0,150.5,101.38,-7.08,149.75,149.75,6.62,31.89,8.94,5.01,21.12,2.88,10.64,0.0,0.51,1.3,0.0,0.0,1.24,2.45,1.58,None,Chlorite
S02052,SYN-017,150.5,151.5,102.44,-6.68,151.0,151.0,14.58,14.0,7.0,0.0,12.67,5.97,20.45,2.05,4.31,0.0,0.0,0.54,0.28,16.72,1.07,Hematite,Montmor
S02053,SYN-017,151.5,153.0,103.49,-6.28,152.25,152.25,2.06,37.18,5.06,5.18,10.42,2.8,17.19,4.09,0.0,3.11,2.31,2.24,4.05,1.42,2.43,None,Chlorite
S02054,SYN-017,153.0,154.5,104.75,-5.79,153.75,153.75,18.14,19.68,9.85,2.55,18.26,0.0,10.55,0.0,0.0,4.8,12.41,26.96,5.28,19.3,7.39,Hematite,Zunyite
S02055,SYN-017,154.5,156.0,106.01,-5.31,155.25,155.25,15.98,34.65,6.43,21.72,12.39,0.0,17.05,3.19,0.69,4.61,0.0,1.28,30.37,5.19,3.39,None,Chlorite
S02056,SYN-017,156.0,157.5,107.27,-4.82,156.75,156.75,13.43,37.95,16.32,3.36,13.06,23.3,14.8,0.0,0.0,25.54,1.31,3.57,1.58,0.0,0.31,None,Chlorite
S02057,SYN-017,157.5,159.5,108.74,-4.26,158.5,158.5,9.28,21.02,6.08,8.11,20.18,0.0,2.88,0.0,3.21,3.32,2.67,26.86,1.52,3.14,3.68,None,Zunyite
S02058,SYN-017,159.5,161.0,110.22,-3.69,160.25,160.25,16.02,14.95,6.89,5.72,0.0,0.0,13.45,0.96,3.12,0.19,0.0,0.0,0.0,0.61,2.36,None,WhiteMica
S02059,SYN-017,161.0,163.0,111.69,-3.13,162.0,162.0,12.08,32.53,12.61,6.34,13.94,0.0,6.13,5.16,5.28,1.38,0.0,0.0,0.0,1.31,21.45,Goethite,Chlorite
S02060,SYN-017,163.0,164.5,113.16,-2.56,163.75,163.75,15.01,5.47,15.34,7.41,7.86,3.19,17.2,0.88,0.0,3.96,0.0,26.01,21.45,3.47,1.89,None,Zunyite
S02061,SYN-017,164.5,166.0,114.42,-2.08,165.25,165.25,39.04,33.77,12.23,26.43,0.0,25.91,11.78,0.0,0.0,32.8,1.86,1.09,18.08,5.09,2.24,None,WhiteMica
S02062,SYN-017,166.0,167.5,115.68,-1.6,166.75,166.75,30.09,24.45,13.29,5.86,10.88,1.48,13.11,2.37,2.62,4.55,2.47,0.0,3.25,20.82,5.78,Hematite,WhiteMica
S02063,SYN-017,167.5,169.0,116.95,-1.11,168.25,168.25,5.0,50.95,43.23,3.11,29.43,1.42,14.2,0.0,0.65,2.37,5.2,0.0,1.03,0.97,0.88,None,Chlorite
S02064,SYN-017,169.0,170.5,118.21,-0.63,169.75,169.75,17.24,37.38,14.76,4.25,12.61,2.82,19.53,0.0,4.4,0.09,1.29,1.4,0.25,2.7,0.02,None,Chlorite
S02065,SYN-017,170.5,172.0,119.47,-0.14,171.25,171.25,41.03,34.81,9.64,30.04,8.35,1.12,9.61,0.71,1.61,0.0,1.23,0.64,27.32,1.89,3.68,None,WhiteMica
S02066,SYN-017,172.0,173.0,120.52,0.26,172.5,172.5,12.66,59.22,25.38,7.37,13.23,0.0,5.84,1.06,3.66,4.95,0.0,5.28,0.8,4.12,3.42,None,Chlorite
S02067,SYN-017,173.0,174.5,121.57,0.66,173.75,173.75,10.35,12.67,19.05,0.87,14.08,14.55,7.22,5.27,0.95,0.95,3.23,3.95,0.57,5.77,0.0,None,Carbonate
S02068,SYN-017,174.5,176.0,122.83,1.15,175.25,175.25,3.41,63.26,12.5,7.48,0.0,2.5,10.87,0.0,4.26,0.0,0.0,2.4,2.91,0.33,0.0,None,Chlorite
S02069,SYN-017,176.0,177.5,124.1,1.63,176.75,176.75,15.83,23.66,17.61,10.53,13.1,0.0,26.73,0.0,4.49,0.0,0.0,0.45,6.45,0.0,3.8,None,Montmor
S02070,SYN-017,177.5,179.5,125.57,2.2,178.5,178.5,34.03,16.35,13.21,6.36,12.6,1.5,33.08,0.0,0.0,2.3,3.42,3.65,23.52,3.38,3.79,None,WhiteMica
S02071,SYN-017,179.5,181.0,127.04,2.76,180.25,180.25,13.93,19.1,14.98,5.09,11.36,0.0,51.73,3.89,0.0,0.0,0.0,0.8,4.73,0.0,4.35,None,Montmor
S02072,SYN-017,181.0,183.0,128.51,3.32,182.0,182.0,18.6,28.11,13.86,6.72,11.47,3.66,4.3,0.58,0.25,0.49,2.02,2.38,0.0,3.19,32.34,Goethite,Chlorite
S02073,SYN-017,183.0,185.0,130.2,3.97,184.0,184.0,10.04,18.68,4.57,4.4,12.43,0.0,22.39,1.48,0.98,2.68,29.56,0.0,0.0,1.87,31.73,Goethite,Diaspore
S02074,SYN-017,185.0,187.0,131.88,4.62,186.0,186.0,0.0,23.92,9.82,5.52,6.91,0.0,7.29,2.29,2.29,0.0,3.6,0.0,3.45,1.59,2.61,None,Chlorite
S02075,SYN-017,187.0,189.0,133.56,5.26,188.0,188.0,10.31,31.48,16.74,2.94,18.86,1.2,18.88,0.0,2.33,3.11,0.0,1.62,1.61,28.96,4.79,Hematite,Chlorite
S02076,SYN-017,189.0,190.0,134.82,5.75,189.5,189.5,33.14,65.39,13.24,7.01,11.51,3.1,27.28,27.74,0.0,0.0,1.95,0.54,2.79,0.78,3.26,None,Chlorite
S02077,SYN-017,190.0,191.5,135.87,6.15,190.75,190.75,20.29,47.43,9.71,5.79,9.82,4.93,19.7,3.89,23.84,0.0,0.0,4.44,36.54,10.21,0.0,None,Chlorite
S02078,SYN-017,191.5,192.5,136.92,6.55,192.0,192.0,27.81,23.17,16.79,6.51,14.14,0.0,15.2,1.49,5.27,2.0,0.13,2.1,1.68,27.3,3.58,Hematite,WhiteMica
S02079,SYN-017,192.5,194.5,138.19,7.04,193.5,193.5,11.32,15.26,20.49,7.05,0.0,16.62,11.52,0.0,3.01,0.0,1.53,1.16,0.0,0.14,4.63,None,Carbonate
S02080,SYN-017,194.5,196.0,139.66,7.6,195.25,195.25,13.5,11.04,11.66,10.0,11.38,4.76,8.18,0.0,0.86,0.0,2.8,2.74,2.19,7.68,0.72,None,WhiteMica
S02081,SYN-017,196.0,197.5,140.92,8.08,196.75,196.75,0.0,58.75,13.4,3.83,18.71,1.66,12.2,3.15,0.01,0.0,0.0,1.74,0.37,1.93,7.28,None,Chlorite
S02082,SYN-017,197.5,199.5,142.39,8.65,198.5,198.5,8.02,26.91,11.69,5.65,16.83,0.0,14.56,6.22,2.0,2.04,2.37,1.25,1.55,0.0,2.21,None,Chlorite
S02083,SYN-017,199.5,200.5,143.65,9.13,200.0,200.0,18.86,23.35,12.44,1.54,12.5,2.9,19.56,4.18,0.0,2.52,3.09,3.51,1.87,1.59,5.68,None,Chlorite
S02084,SYN-017,200.5,202.0,144.71,9.54,201.25,201.25,17.71,22.84,12.76,7.49,17.07,4.59,10.86,6.4,0.0,0.76,6.3,5.67,2.44,6.56,0.54,None,Chlorite
S02085,SYN-017,202.0,203.5,145.97,10.02,202.75,202.75,18.27,1.78,0.0,23.07,56.41,8.28,8.06,5.3,1.72,2.32,0.0,0.0,6.73,2.63,5.07,None,Kaolinite
S02086,SYN-017,203.5,204.5,147.02,10.42,204.0,204.0,15.92,25.57,15.85,5.95,13.27,0.0,16.53,0.0,32.05,2.75,2.39,0.0,1.94,0.0,6.44,None,Gypsum
S02087,SYN-017,204.5,206.0,148.07,10.83,205.25,205.25,12.18,29.64,16.43,6.05,5.77,0.12,15.73,1.82,0.0,11.27,4.01,0.0,0.0,4.38,1.0,None,Chlorite
S02088,SYN-017,206.0,208.0,149.54,11.39,207.0,207.0,22.77,30.87,7.97,5.58,16.81,0.0,14.63,2.09,0.0,0.0,0.0,1.35,5.02,3.58,3.73,None,Chlorite
S02089,SYN-017,208.0,209.0,150.8,11.88,208.5,208.5,12.39,37.95,11.6,4.44,1.74,2.76,11.51,0.91,0.31,0.0,0.0,4.57,1.42,3.51,2.41,None,Chlorite
S02090,SYN-017,209.0,210.5,151.86,12.28,209.75,209.75,3.42,36.05,12.53,29.02,0.0,0.0,24.39,0.0,0.0,2.98,0.0,4.32,3.82,0.0,0.44,None,Chlorite
S02091,SYN-017,210.5,212.0,153.12,12.76,211.25,211.25,18.22,47.63,15.72,12.74,17.19,4.85,14.76,0.38,1.85,38.56,0.0,3.17,5.17,26.5,3.28,Hematite,Chlorite
S02092,SYN-017,212.0,213.5,154.38,13.25,212.75,212.75,17.41,39.37,9.41,6.1,15.77,1.38,41.65,0.0,4.64,0.0,0.0,28.99,0.0,0.0,2.19,None,Montmor
S02093,SYN-017,213.5,214.5,155.43,13.65,214.0,214.0,13.35,32.47,4.11,6.8,14.4,0.47,9.07,5.43,2.05,2.12,3.75,0.23,0.0,1.14,2.34,None,Chlorite
S02094,SYN-017,214.5,216.5,156.69,14.14,215.5,215.5,38.31,2.47,2.2,3.89,15.94,18.23,4.5,1.01,8.49,0.2,5.89,3.76,0.0,5.65,19.85,Goethite,WhiteMica
S02095,SYN-017,216.5,218.5,158.37,14.78,217.5,217.5,2.95,20.86,12.97,9.45,0.0,1.35,13.97,0.0,16.23,0.0,0.0,1.97,23.93,0.0,5.14,None,Water_silica
S02096,SYN-017,218.5,219.5,159.64,15.27,219.0,219.0,9.65,21.4,5.91,2.92,14.03,2.31,19.57,0.0,2.49,2.72,0.16,3.08,0.69,0.0,1.95,None,Chlorite
S02097,SYN-017,219.5,221.0,160.69,15.67,220.25,220.25,12.92,5.49,6.22,8.39,19.5,0.61,23.92,3.46,0.0,1.11,2.45,27.67,0.17,0.0,2.26,None,Zunyite
S02098,SYN-017,221.0,222.5,161.95,16.15,221.75,221.75,41.97,5.85,2.54,0.0,66.97,18.3,6.24,3.56,0.0,3.56,5.64,3.65,1.15,3.95,23.7,Goethite,Kaolinite
S02099,SYN-017,222.5,224.0,163.21,16.64,223.25,223.25,29.49,22.85,7.94,19.36,11.87,0.0,15.07,1.23,1.67,1.89,0.0,13.28,2.1,6.67,5.7,None,WhiteMica
S02100,SYN-017,224.0,225.5,164.47,17.12,224.75,224.75,30.65,0.0,3.61,1.98,20.35,18.15,17.79,0.0,6.61,0.69,1.19,1.87,2.27,2.63,0.0,None,WhiteMica
S02101,SYN-017,225.5,226.5,165.53,17.52,226.0,226.0,24.01,61.13,6.64,7.2,9.96,2.49,13.71,1.12,0.0,36.9,0.92,0.0,31.7,32.03,0.0,Hematite,Chlorite
S02102,SYN-017,226.5,227.5,166.37,17.85,227.0,227.0,37.26,3.03,1.83,2.54,88.88,34.99,4.58,4.27,0.54,2.65,2.49,0.68,0.0,1.9,3.35,None,Kaolinite
S02103,SYN-017,227.5,229.5,167.63,18.33,228.5,228.5,23.35,14.32,14.63,8.44,16.3,3.66,18.78,0.69,3.49,0.0,4.31,2.42,38.64,1.54,1.76,None,Water_silica
S02104,SYN-017,229.5,231.0,169.1,18.9,230.25,230.25,6.76,3.62,4.01,0.0,34.04,34.77,6.66,0.0,3.51,0.0,21.09,3.1,0.0,3.74,4.57,None,Dickite
S02105,SYN-017,231.0,233.0,170.57,19.46,232.0,232.0,33.71,26.61,35.33,10.24,0.01,0.0,9.35,1.42,0.0,0.0,0.0,7.31,0.0,0.0,6.88,None,Carbonate
S02106,SYN-017,233.0,234.5,172.04,20.03,233.75,233.75,7.93,2.5,4.67,1.59,15.21,22.87,3.88,2.87,4.54,3.48,0.08,33.64,0.0,3.59,6.21,None,Zunyite
S02107,SYN-018,0.0,2.0,-25.95,-121.77,1.0,1.0,8.06,3.11,0.0,23.56,9.62,1.67,4.66,6.46,14.09,0.48,3.54,2.33,16.05,11.23,66.16,Goethite,Epidote
S02108,SYN-018,2.0,3.0,-25.65,-123.2,2.5,2.5,4.21,0.0,8.26,0.0,5.42,0.66,0.0,14.18,15.21,5.06,0.0,0.75,7.17,65.75,19.33,Hematite,Gypsum
S02109,SYN-018,3.0,4.0,-25.44,-124.15,3.5,3.5,6.66,0.0,1.73,0.29,5.0,0.0,1.82,5.37,12.6,2.66,3.16,6.48,18.61,49.62,21.79,Hematite,Water_silica
S02110,SYN-018,4.0,6.0,-25.13,-125.58,5.0,5.0,3.92,0.0,1.67,4.05,8.13,4.31,0.97,16.14,0.3,69.92,15.39,6.24,6.34,18.83,5.39,Hematite,Pyrophyllite
S02111,SYN-018,6.0,8.0,-24.72,-127.49,7.0,7.0,8.71,1.35,0.0,3.73,7.05,2.5,0.0,2.2,11.94,0.0,0.89,0.0,1.75,32.76,49.11,Goethite,Gypsum
S02112,SYN-018,8.0,9.5,-24.36,-129.15,8.75,8.75,6.9,0.5,1.99,0.04,10.56,2.48,0.0,26.19,7.39,1.95,0.0,1.05,18.59,52.19,16.89,Hematite,Alunite
S02113,SYN-018,9.5,11.0,-24.05,-130.58,10.25,10.25,4.57,0.0,2.27,2.83,19.22,3.51,0.71,5.9,14.64,1.16,5.0,0.0,18.98,49.79,48.71,Hematite,Kaolinite
S02114,SYN-018,11.0,12.5,-23.74,-132.01,11.75,11.75,5.03,35.98,0.0,0.0,5.89,12.2,1.47,18.32,4.96,83.96,17.84,9.87,12.74,32.84,0.72,Hematite,Pyrophyllite
S02115,SYN-018,12.5,14.0,-23.43,-133.44,13.25,13.25,6.16,11.96,1.58,0.24,2.76,14.71,0.93,45.61,0.62,76.01,3.67,6.77,11.52,0.59,5.61,None,Pyrophyllite
S02116,SYN-018,14.0,15.0,-23.17,-134.63,14.5,14.5,5.25,3.48,3.68,1.86,1.06,1.19,3.05,3.33,14.51,3.66,0.91,2.12,14.39,23.31,45.51,Goethite,Gypsum
S02117,SYN-018,15.0,17.0,-22.87,-136.05,16.0,16.0,8.74,0.0,3.52,0.1,10.52,0.0,0.91,11.16,8.9,4.15,1.79,0.68,26.14,62.03,27.79,Hematite,Water_silica
S02118,SYN-018,17.0,18.5,-22.51,-137.72,17.75,17.75,3.05,5.14,0.67,4.47,8.42,3.97,2.88,1.42,16.58,0.0,1.55,2.51,3.33,45.94,34.29,Hematite,Gypsum
S02119,SYN-018,18.5,20.0,-22.2,-139.15,19.25,19.25,3.45,3.84,0.0,3.04,5.78,0.0,0.34,9.64,22.22,3.47,0.0,0.0,18.76,27.26,38.3,Goethite,Gypsum
S02120,SYN-018,20.0,21.0,-21.94,-140.34,20.5,20.5,7.62,0.0,2.35,28.76,8.61,0.0,0.0,6.39,15.2,0.88,0.46,0.0,19.59,71.16,44.9,Hematite,Epidote
S02121,SYN-018,21.0,22.0,-21.73,-141.29,21.5,21.5,4.81,0.07,0.0,1.0,38.08,0.0,0.0,32.58,17.51,0.0,3.13,4.39,17.64,53.52,24.9,Hematite,Kaolinite
S02122,SYN-018,22.0,23.5,-21.48,-142.48,22.75,22.75,3.94,0.93,0.5,0.66,8.57,36.35,0.0,34.42,0.0,100.0,20.16,9.69,7.29,0.0,1.86,None,Pyrophyllite
S02123,SYN-018,23.5,25.0,-21.17,-143.91,24.25,24.25,2.08,2.46,4.24,1.43,10.2,0.0,2.93,35.88,21.02,4.82,1.24,3.45,27.96,82.54,33.34,Hematite,Alunite
S02124,SYN-018,25.0,26.5,-20.86,-145.34,25.75,25.75,9.65,2.53,0.0,0.0,8.88,0.66,0.25,11.87,14.58,0.01,0.32,3.56,12.78,61.72,22.1,Hematite,Gypsum
S02125,SYN-018,26.5,27.5,-20.6,-146.53,27.0,27.0,0.0,36.08,1.65,11.8,3.35,2.95,0.0,32.22,2.07,30.45,20.72,6.74,7.66,3.85,0.15,None,Chlorite
S02126,SYN-018,27.5,29.5,-20.29,-147.96,28.5,28.5,3.03,0.0,2.79,0.0,10.74,2.75,0.0,4.1,20.42,1.28,2.03,3.42,17.23,42.62,20.83,Hematite,Gypsum
S02127,SYN-018,29.5,31.0,-19.93,-149.62,30.25,30.25,5.46,0.0,0.0,2.36,9.78,0.12,2.79,1.9,0.29,1.01,3.89,1.45,18.87,58.42,29.26,Hematite,Water_silica
S02128,SYN-018,31.0,33.0,-19.57,-151.29,32.0,32.0,4.33,6.48,0.0,10.01,13.69,4.55,0.0,6.7,10.33,2.49,0.0,2.73,14.82,57.25,36.99,Hematite,Water_silica
S02129,SYN-018,33.0,34.0,-19.26,-152.72,33.5,33.5,5.2,3.59,0.0,0.0,29.92,4.39,1.68,41.53,7.85,18.64,0.94,0.0,27.45,31.79,16.11,Hematite,Alunite
S02130,SYN-018,34.0,35.5,-19.0,-153.91,34.75,34.75,53.46,0.0,0.67,0.0,10.03,8.18,1.68,2.96,6.51,32.89,3.8,1.1,4.75,1.69,4.36,None,WhiteMica
S02131,SYN-018,35.5,37.0,-18.7,-155.33,36.25,36.25,45.22,5.0,1.23,0.0,5.97,31.64,28.3,1.79,7.04,0.0,3.51,0.0,4.01,1.82,1.92,None,WhiteMica
S02132,SYN-018,37.0,38.5,-18.39,-156.76,37.75,37.75,48.5,1.76,1.26,32.35,28.82,31.41,4.99,25.18,2.48,0.0,1.08,1.42,4.35,6.73,2.61,None,WhiteMica
S02133,SYN-018,38.5,40.0,-18.08,-158.19,39.25,39.25,37.28,26.19,20.63,0.0,8.07,8.05,2.97,0.0,33.99,1.4,0.55,1.42,9.93,2.33,4.69,None,WhiteMica
S02134,SYN-018,40.0,41.0,-17.82,-159.38,40.5,40.5,18.82,0.0,1.85,2.46,93.81,13.98,6.89,1.13,3.29,0.0,1.71,0.8,2.22,0.12,4.95,None,Kaolinite
S02135,SYN-018,41.0,42.5,-17.56,-160.57,41.75,41.75,22.41,0.0,2.0,0.0,14.6,9.49,7.46,0.0,3.36,2.89,0.0,22.6,0.0,0.0,2.24,None,Zunyite
S02136,SYN-018,42.5,44.0,-17.25,-162.0,43.25,43.25,20.04,24.58,0.0,3.3,30.59,7.35,5.36,0.0,0.37,4.4,2.38,2.35,23.15,26.21,3.34,Hematite,Kaolinite
S02137,SYN-018,44.0,45.5,-16.95,-163.43,44.75,44.75,53.31,0.93,0.0,0.0,11.48,3.93,5.98,0.0,5.1,3.01,7.7,0.31,3.01,3.01,5.31,None,WhiteMica
S02138,SYN-018,45.5,46.5,-16.69,-164.62,46.0,46.0,87.05,0.0,0.82,0.0,12.79,3.38,3.32,6.4,7.57,0.0,0.66,5.4,3.41,0.0,1.19,None,WhiteMica
S02139,SYN-018,46.5,48.0,-16.43,-165.81,47.25,47.25,5.74,1.43,0.0,1.94,34.83,14.55,13.67,1.63,7.54,2.23,16.55,4.69,3.15,4.68,0.0,None,Kaolinite
S02140,SYN-018,48.0,49.5,-16.12,-167.23,48.75,48.75,3.61,1.59,21.61,0.22,9.93,3.42,0.0,8.26,23.68,5.22,1.25,0.16,63.11,39.07,7.59,Hematite,Water_silica
S02141,SYN-018,49.5,51.0,-15.81,-168.66,50.25,50.25,33.4,0.0,4.41,0.82,38.16,24.49,30.27,0.0,0.93,4.08,0.0,0.0,2.7,0.97,1.77,None,Kaolinite
S02142,SYN-018,51.0,52.5,-15.5,-170.09,51.75,51.75,43.33,4.43,2.71,1.46,63.09,12.99,4.59,1.94,0.92,0.0,2.97,0.0,0.0,1.54,2.19,None,Kaolinite
S02143,SYN-018,52.5,54.0,-15.2,-171.52,53.25,53.25,34.68,0.2,2.92,2.97,49.25,4.72,10.94,0.0,3.76,20.26,3.04,0.02,14.85,1.91,2.67,None,Kaolinite
S02144,SYN-018,54.0,56.0,-14.84,-173.18,55.0,55.0,32.75,0.0,0.0,6.99,80.54,12.18,6.27,34.46,2.26,0.0,4.01,0.5,2.57,0.0,37.28,Goethite,Kaolinite
S02145,SYN-018,56.0,57.5,-14.47,-174.85,56.75,56.75,24.24,0.64,5.26,23.03,56.03,18.18,3.57,0.0,40.73,0.0,0.0,0.0,1.0,0.64,1.18,None,Kaolinite
S02146,SYN-018,57.5,59.0,-14.17,-176.28,58.25,58.25,18.51,7.79,0.0,1.08,13.76,7.17,4.26,3.67,10.99,0.38,28.49,0.18,7.36,2.98,2.59,None,Diaspore
S02147,SYN-018,59.0,61.0,-13.81,-177.94,60.0,60.0,33.32,32.66,30.02,5.44,2.33,2.19,11.84,2.97,0.0,6.7,3.47,0.85,0.81,1.75,24.53,Goethite,WhiteMica
S02148,SYN-018,61.0,62.5,-13.45,-179.61,61.75,61.75,67.04,17.1,19.78,0.83,12.69,1.58,8.66,0.0,8.25,0.0,0.0,1.31,3.07,0.71,3.59,None,WhiteMica
S02149,SYN-018,62.5,64.5,-13.09,-181.28,63.5,63.5,94.02,0.0,0.0,2.58,14.53,7.38,5.31,3.8,5.65,3.7,0.0,0.0,7.2,35.62,4.31,Hematite,WhiteMica
S02150,SYN-018,64.5,66.5,-12.67,-183.18,65.5,65.5,13.65,2.4,0.63,3.23,11.86,16.4,5.42,2.31,2.67,0.0,3.77,4.37,2.51,3.33,4.87,None,Dickite
S02151,SYN-018,66.5,67.5,-12.36,-184.61,67.0,67.0,53.22,4.06,0.34,3.31,11.65,2.95,6.54,0.0,27.68,0.0,15.39,3.63,2.66,5.46,3.63,None,WhiteMica
S02152,SYN-018,67.5,69.0,-12.11,-185.8,68.25,68.25,44.2,6.29,3.82,0.08,5.88,10.1,3.69,6.25,9.51,4.2,2.82,0.0,4.97,1.5,3.24,None,WhiteMica
S02153,SYN-018,69.0,70.5,-11.8,-187.23,69.75,69.75,82.12,0.69,4.51,0.0,13.52,4.93,5.38,5.3,41.3,23.47,2.73,1.57,7.32,0.0,0.0,None,WhiteMica
S02154,SYN-018,70.5,72.5,-11.44,-188.89,71.5,71.5,22.72,2.05,0.0,1.68,59.88,9.76,3.48,3.24,4.0,1.4,6.62,6.18,3.12,8.09,4.79,None,Kaolinite
S02155,SYN-018,72.5,74.0,-11.08,-190.56,73.25,73.25,42.85,2.04,0.0,5.95,53.05,11.41,11.39,0.78,4.29,3.55,35.87,1.75,2.01,4.5,6.44,None,Kaolinite
S02156,SYN-018,74.0,75.0,-10.82,-191.75,74.5,74.5,32.31,0.95,4.88,2.21,3.04,9.92,3.07,8.24,0.0,2.15,3.13,0.0,1.93,1.66,1.04,None,WhiteMica
S02157,SYN-018,75.0,76.5,-10.56,-192.94,75.75,75.75,18.52,4.93,5.13,0.0,65.39,4.07,4.84,1.0,6.43,4.37,1.5,0.0,0.96,0.45,0.83,None,Kaolinite
S02158,SYN-018,76.5,77.5,-10.31,-194.13,77.0,77.0,57.41,1.8,0.0,1.18,16.51,5.43,2.96,2.25,8.96,0.0,0.0,0.0,6.83,6.26,0.26,None,WhiteMica
S02159,SYN-018,77.5,79.5,-10.0,-195.56,78.5,78.5,30.86,0.0,2.41,0.55,4.49,5.32,29.78,23.33,7.15,1.11,0.79,0.0,7.25,0.0,4.55,None,WhiteMica
S02160,SYN-018,79.5,81.0,-9.64,-197.22,80.25,80.25,6.02,17.65,23.72,33.64,0.91,2.61,16.74,1.92,0.0,0.0,32.51,0.0,1.59,2.0,0.18,None,Epidote
S02161,SYN-018,81.0,82.5,-9.33,-198.65,81.75,81.75,9.19,0.0,1.88,4.25,11.2,8.34,3.26,1.65,0.34,25.62,4.08,0.0,4.34,3.7,2.69,None,Pyrophyllite
S02162,SYN-018,82.5,84.5,-8.97,-200.32,83.5,83.5,54.03,5.65,1.07,2.33,13.2,6.79,7.6,1.71,7.82,5.21,0.02,2.54,8.2,2.47,15.98,Goethite,WhiteMica
S02163,SYN-018,84.5,86.0,-8.61,-201.98,85.25,85.25,25.03,0.87,1.37,1.51,31.11,5.82,6.45,3.96,6.37,4.07,0.0,0.0,4.57,0.0,4.04,None,Kaolinite
S02164,SYN-018,86.0,87.5,-8.3,-203.41,86.75,86.75,85.93,0.0,4.41,1.61,31.36,4.91,0.0,0.0,2.59,1.93,3.68,0.0,4.74,0.97,1.91,None,WhiteMica
S02165,SYN-018,87.5,89.5,-7.94,-205.08,88.5,88.5,6.42,21.57,6.94,7.21,4.1,0.0,11.93,2.29,1.86,0.0,0.52,0.0,0.58,1.94,3.53,None,Chlorite
S02166,SYN-018,89.5,91.5,-7.53,-206.98,90.5,90.5,87.1,0.07,3.8,3.32,38.41,4.93,33.87,2.99,11.64,3.95,0.0,0.0,6.79,0.0,0.86,None,WhiteMica
S02167,SYN-018,91.5,93.5,-7.11,-208.89,92.5,92.5,100.0,14.56,3.44,0.0,37.12,12.37,6.6,0.46,7.32,0.14,0.0,1.61,8.08,25.43,1.22,Hematite,WhiteMica
S02168,SYN-018,93.5,94.5,-6.81,-210.31,94.0,94.0,60.44,19.75,1.72,0.0,10.29,1.48,7.86,1.72,4.83,2.92,0.0,2.37,0.0,35.99,1.57,Hematite,WhiteMica
S02169,SYN-018,94.5,96.0,-6.55,-211.5,95.25,95.25,36.43,55.34,42.21,14.31,0.22,1.61,15.51,22.68,0.0,0.0,6.91,0.0,1.86,6.49,0.87,None,Chlorite
S02170,SYN-018,96.0,97.0,-6.29,-212.69,96.5,96.5,5.67,21.09,16.64,5.89,0.0,0.66,20.82,0.38,1.05,0.0,0.0,0.0,1.76,1.42,0.75,None,Chlorite
S02171,SYN-018,97.0,99.0,-5.98,-214.12,98.0,98.0,84.6,1.84,6.88,0.61,7.36,2.75,4.57,6.46,4.02,1.19,7.95,1.64,0.0,1.82,0.0,None,WhiteMica
S02172,SYN-018,99.0,100.5,-5.62,-215.79,99.75,99.75,4.1,40.26,15.1,2.2,2.06,4.89,14.11,0.0,9.75,5.32,0.0,5.0,4.16,1.46,4.18,None,Chlorite
S02173,SYN-018,100.5,102.0,-5.31,-217.22,101.25,101.25,7.74,15.57,42.44,11.0,0.0,4.47,11.04,0.0,3.18,1.02,0.0,0.56,1.38,0.0,3.75,None,Carbonate
S02174,SYN-018,102.0,103.0,-5.06,-218.41,102.5,102.5,17.5,0.0,0.0,0.0,92.79,8.41,12.64,4.91,2.68,0.0,2.9,1.6,16.98,3.1,1.94,None,Kaolinite
S02175,SYN-018,103.0,104.5,-4.8,-219.6,103.75,103.75,5.7,15.53,5.17,9.53,1.51,27.23,12.36,2.45,25.99,0.0,2.16,27.97,34.9,2.61,4.89,None,Water_silica
S02176,SYN-018,104.5,106.0,-4.49,-221.03,105.25,105.25,4.66,52.02,20.09,12.33,0.0,4.23,45.26,1.69,5.09,2.6,3.57,32.07,2.2,4.54,6.69,None,Chlorite
S02177,SYN-018,106.0,107.0,-4.23,-222.22,106.5,106.5,68.41,7.36,0.2,0.0,8.27,9.18,1.26,5.51,5.62,2.67,3.71,0.14,1.78,4.61,1.23,None,WhiteMica
S02178,SYN-018,107.0,108.0,-4.03,-223.17,107.5,107.5,32.68,8.72,7.04,9.11,0.51,0.29,35.62,36.51,4.6,5.48,3.18,1.21,0.0,16.04,3.52,Hematite,Alunite
S02179,SYN-018,108.0,110.0,-3.72,-224.6,109.0,109.0,5.67,27.66,26.55,16.42,2.96,1.85,18.37,8.31,0.0,0.77,0.35,0.0,0.0,3.53,3.53,None,Chlorite
S02180,SYN-018,110.0,112.0,-3.3,-226.5,111.0,111.0,48.0,6.28,0.0,1.09,2.71,8.98,1.69,4.82,5.71,1.69,2.75,1.99,6.56,0.0,31.75,Goethite,WhiteMica
S02181,SYN-018,112.0,113.0,-3.0,-227.93,112.5,112.5,8.95,51.33,6.3,7.32,2.65,0.57,23.87,1.75,0.0,5.28,4.01,2.1,3.44,2.4,0.0,None,Chlorite
S02182,SYN-018,113.0,114.5,-2.74,-229.12,113.75,113.75,7.76,2.63,16.41,21.79,14.39,3.51,9.27,4.59,7.69,1.25,0.0,0.0,5.55,0.0,9.12,None,Epidote
S02183,SYN-018,114.5,116.5,-2.38,-230.78,115.5,115.5,9.31,27.64,13.61,11.77,0.57,0.0,10.39,32.84,2.08,0.36,0.0,0.0,24.74,1.0,3.86,None,Alunite
S02184,SYN-018,116.5,118.0,-2.02,-232.45,117.25,117.25,9.48,44.97,11.84,6.11,1.07,1.41,13.22,2.07,0.0,0.0,8.47,5.22,0.0,17.02,34.59,Goethite,Chlorite
S02185,SYN-018,118.0,119.5,-1.71,-233.88,118.75,118.75,7.87,36.22,49.88,9.77,0.0,0.99,21.64,0.0,25.29,5.72,3.89,3.29,2.29,3.27,3.82,None,Carbonate
S02186,SYN-018,119.5,121.0,-1.4,-235.31,120.25,120.25,6.0,27.91,17.74,10.44,0.45,0.69,15.41,3.09,0.33,0.0,0.0,24.22,28.18,2.69,33.15,Goethite,Water_silica
S02187,SYN-018,121.0,122.5,-1.09,-236.73,121.75,121.75,5.83,26.35,19.17,11.0,2.77,1.05,24.26,0.77,34.82,0.0,0.0,0.0,35.56,1.87,2.46,None,Water_silica
S02188,SYN-018,122.5,123.5,-0.83,-237.92,123.0,123.0,5.34,1.3,8.03,10.79,0.0,1.35,13.43,5.41,3.56,31.03,0.0,2.12,0.15,16.67,3.12,Hematite,Pyrophyllite
S02189,SYN-018,123.5,125.0,-0.58,-239.11,124.25,124.25,100.0,4.49,1.34,1.03,6.64,1.27,0.93,2.34,5.49,0.0,2.44,0.0,0.29,18.51,15.05,Hematite,WhiteMica
S02190,SYN-018,125.0,126.0,-0.32,-240.3,125.5,125.5,0.15,23.98,21.33,0.0,0.0,3.42,9.27,0.0,0.43,1.29,6.5,6.12,4.38,2.17,5.73,None,Chlorite
S02191,SYN-018,126.0,127.0,-0.11,-241.26,126.5,126.5,30.62,4.47,4.46,0.3,10.84,9.44,1.39,2.88,5.02,0.0,5.43,0.0,9.85,3.61,3.68,None,WhiteMica
S02192,SYN-018,127.0,128.5,0.14,-242.45,127.75,127.75,94.09,0.89,33.79,5.33,13.05,3.17,3.92,0.0,6.56,5.92,2.1,0.75,6.42,7.05,0.0,None,WhiteMica
S02193,SYN-018,128.5,130.5,0.5,-244.11,129.5,129.5,7.94,30.93,27.8,7.75,0.0,0.0,21.14,1.21,0.0,0.92,0.0,0.0,0.32,5.58,0.0,None,Chlorite
S02194,SYN-018,130.5,132.5,0.92,-246.02,131.5,131.5,6.66,30.92,22.26,5.93,2.82,0.0,29.68,0.0,3.73,0.56,0.0,0.0,3.52,0.88,5.59,None,Chlorite
S02195,SYN-018,132.5,134.0,1.28,-247.68,133.25,133.25,41.9,59.07,6.55,6.64,0.4,2.9,15.46,0.0,0.0,0.0,3.74,1.35,1.42,0.44,3.62,None,Chlorite
S02196,SYN-018,134.0,135.5,1.59,-249.11,134.75,134.75,5.68,64.21,12.66,6.98,0.0,3.34,20.37,2.76,1.14,29.57,0.0,1.84,0.0,0.66,2.17,None,Chlorite
S02197,SYN-018,135.5,137.0,1.89,-250.54,136.25,136.25,72.01,3.51,2.43,3.55,3.84,4.67,1.54,0.0,4.95,1.1,0.0,3.15,4.35,0.4,1.02,None,WhiteMica
S02198,SYN-018,137.0,138.5,2.2,-251.97,137.75,137.75,7.8,35.94,16.78,11.52,3.26,2.09,21.67,0.41,0.86,2.42,0.33,2.91,1.01,0.0,7.37,None,Chlorite
S02199,SYN-018,138.5,140.0,2.51,-253.4,139.25,139.25,32.53,5.67,0.0,0.96,8.46,39.14,6.33,3.32,5.82,0.0,2.53,0.0,6.26,33.49,3.58,Hematite,Dickite
S02200,SYN-018,140.0,141.5,2.82,-254.82,140.75,140.75,2.28,42.68,11.84,8.73,0.95,0.0,19.94,22.42,2.16,0.64,3.24,2.58,1.47,0.96,4.3,None,Chlorite
S02201,SYN-018,141.5,143.0,3.13,-256.25,142.25,142.25,2.84,34.81,34.24,6.17,0.0,0.87,9.93,0.0,0.0,2.62,0.26,1.8,0.96,1.92,5.04,None,Chlorite
S02202,SYN-018,143.0,145.0,3.49,-257.92,144.0,144.0,0.0,26.92,12.53,2.71,3.3,1.91,39.99,0.22,0.0,2.23,4.79,0.0,0.0,0.74,4.07,None,Montmor
S02203,SYN-018,145.0,147.0,3.9,-259.82,146.0,146.0,20.65,26.98,15.69,13.52,0.21,0.0,19.49,6.24,1.58,2.17,2.21,6.2,4.78,2.14,1.89,None,Chlorite
S02204,SYN-018,147.0,148.0,4.21,-261.25,147.5,147.5,3.91,23.58,11.68,5.67,0.0,0.0,0.0,0.0,3.27,0.49,28.53,5.02,1.81,0.34,2.5,None,Diaspore
S02205,SYN-018,148.0,149.5,4.47,-262.44,148.75,148.75,3.56,33.6,17.67,7.53,3.46,0.83,24.95,0.0,0.89,28.58,1.78,2.42,0.0,0.39,4.62,None,Chlorite
S02206,SYN-018,149.5,150.5,4.73,-263.63,150.0,150.0,6.9,25.85,25.95,15.7,0.0,4.16,34.42,0.0,0.88,2.13,5.6,4.39,1.71,23.57,5.22,Hematite,Montmor
S02207,SYN-018,150.5,152.0,4.98,-264.82,151.25,151.25,4.85,35.87,16.83,5.77,8.61,1.76,19.04,19.33,0.0,0.0,1.85,1.17,2.47,0.0,5.64,None,Chlorite
S02208,SYN-018,152.0,153.5,5.29,-266.25,152.75,152.75,66.14,0.0,3.9,1.43,21.21,3.1,6.53,0.2,9.86,1.51,0.8,0.0,4.22,9.79,1.01,None,WhiteMica
S02209,SYN-018,153.5,154.5,5.55,-267.44,154.0,154.0,2.13,15.29,14.42,7.01,21.36,0.0,30.29,2.93,2.49,8.45,2.55,0.0,0.0,0.0,3.46,None,Montmor
S02210,SYN-018,154.5,156.5,5.86,-268.87,155.5,155.5,12.87,29.85,8.27,8.84,0.0,0.7,16.03,2.22,2.67,0.0,2.4,3.53,0.0,0.0,0.99,None,Chlorite
S02211,SYN-018,156.5,158.0,6.22,-270.53,157.25,157.25,5.9,47.56,24.7,2.22,5.45,11.31,9.53,1.56,0.93,0.0,13.31,0.0,3.51,0.0,2.7,None,Chlorite
S02212,SYN-018,158.0,160.0,6.58,-272.2,159.0,159.0,3.08,25.17,14.97,1.8,0.92,0.17,22.53,0.0,0.0,2.49,0.0,6.48,1.6,1.02,2.36,None,Chlorite
S02213,SYN-018,160.0,161.0,6.89,-273.63,160.5,160.5,4.19,51.22,14.66,18.75,1.7,3.01,29.36,0.72,1.4,3.02,2.2,0.0,1.61,0.0,2.98,None,Chlorite
S02214,SYN-018,161.0,162.0,7.09,-274.58,161.5,161.5,5.53,30.06,16.39,38.85,2.02,0.0,9.02,0.21,1.61,0.0,4.87,4.85,0.0,4.45,5.31,None,Epidote
S02215,SYN-018,162.0,163.5,7.35,-275.77,162.75,162.75,5.53,27.29,15.08,8.48,13.54,4.49,0.0,1.19,1.1,0.0,2.73,6.01,0.0,0.0,0.87,None,Chlorite
S02216,SYN-018,163.5,164.5,7.61,-276.96,164.0,164.0,9.52,29.47,13.11,4.48,0.0,6.67,27.58,1.64,0.0,1.32,25.01,0.0,0.0,2.79,7.9,None,Chlorite
S02217,SYN-019,0.0,1.5,-4.57,-173.13,0.75,0.75,7.93,1.64,0.0,8.46,7.2,0.0,1.24,12.14,18.77,3.46,5.62,4.04,11.65,33.37,14.84,Hematite,Gypsum
S02218,SYN-019,1.5,3.5,-3.85,-171.87,2.5,2.5,6.3,2.75,17.77,2.88,3.53,4.78,0.0,24.51,7.17,0.0,4.22,6.27,11.8,78.5,21.67,Hematite,Alunite
S02219,SYN-019,3.5,4.5,-3.23,-170.8,4.0,4.0,8.66,3.05,0.0,3.94,12.91,0.61,1.12,21.53,8.64,4.84,0.0,2.02,0.0,14.14,43.92,Goethite,Alunite
S02220,SYN-019,4.5,5.5,-2.82,-170.08,5.0,5.0,4.36,0.0,0.62,21.41,5.94,5.4,0.0,9.67,6.15,2.7,4.55,0.0,18.46,48.74,17.09,Hematite,Epidote
S02221,SYN-019,5.5,7.0,-2.3,-169.19,6.25,6.25,11.76,0.32,1.29,2.11,20.56,0.0,0.0,8.62,16.85,3.94,0.82,2.09,19.41,67.93,33.97,Hematite,Kaolinite
S02222,SYN-019,7.0,8.5,-1.69,-168.11,7.75,7.75,8.2,0.0,0.0,1.6,7.15,5.33,0.69,38.28,0.0,82.54,25.88,9.67,11.61,6.31,6.12,None,Pyrophyllite
S02223,SYN-019,8.5,10.0,-1.07,-167.04,9.25,9.25,0.86,0.06,1.58,0.0,41.92,0.85,3.11,12.57,16.01,0.45,0.0,4.75,28.16,19.09,42.0,Goethite,Kaolinite
S02224,SYN-019,10.0,11.5,-0.45,-165.96,10.75,10.75,1.72,0.8,0.0,0.37,9.04,1.42,0.9,4.67,12.12,1.17,0.0,0.44,14.96,43.27,18.0,Hematite,Water_silica
S02225,SYN-019,11.5,13.5,0.27,-164.71,12.5,12.5,10.73,3.13,2.96,2.46,2.51,0.0,0.59,5.61,42.93,3.57,4.61,0.0,20.05,64.94,44.84,Hematite,Gypsum
S02226,SYN-019,13.5,14.5,0.89,-163.63,14.0,14.0,7.28,0.0,0.52,0.0,12.94,0.0,0.0,9.43,14.59,6.23,2.34,3.6,26.11,35.28,34.97,Hematite,Water_silica
S02227,SYN-019,14.5,16.0,1.4,-162.74,15.25,15.25,6.92,0.0,17.01,2.18,19.44,0.0,3.44,13.09,31.02,1.68,0.0,0.31,29.19,44.81,15.51,Hematite,Gypsum
S02228,SYN-019,16.0,17.5,2.02,-161.66,16.75,16.75,7.16,0.0,1.16,2.39,4.09,8.58,0.11,7.28,12.37,0.0,5.16,0.3,21.03,37.9,22.74,Hematite,Water_silica
S02229,SYN-019,17.5,19.5,2.74,-160.41,18.5,18.5,7.54,1.59,2.67,11.77,18.54,0.0,4.92,10.15,21.99,2.69,2.97,0.0,15.16,24.13,17.72,Hematite,Gypsum
S02230,SYN-019,19.5,21.0,3.46,-159.15,20.25,20.25,6.81,3.28,26.36,0.0,1.68,0.0,4.27,8.13,12.9,0.73,0.56,0.0,27.75,34.93,24.44,Hematite,Water_silica
S02231,SYN-019,21.0,22.5,4.08,-158.08,21.75,21.75,3.26,1.88,2.84,0.0,0.96,9.44,0.65,16.75,1.79,64.48,9.11,5.7,8.72,13.91,0.0,None,Pyrophyllite
S02232,SYN-019,22.5,23.5,4.6,-157.18,23.0,23.0,3.39,5.28,0.0,0.0,3.46,2.63,4.76,7.85,20.89,0.0,34.3,3.29,27.96,29.88,32.69,Goethite,Diaspore
S02233,SYN-019,23.5,24.5,5.01,-156.47,24.0,24.0,8.21,0.48,2.27,0.33,11.39,0.0,3.62,12.15,18.58,0.87,0.0,0.0,3.97,12.94,19.46,Goethite,Gypsum
S02234,SYN-019,24.5,25.5,5.42,-155.75,25.0,25.0,7.78,3.28,0.0,0.41,14.58,0.0,0.0,8.4,14.57,2.39,6.2,5.62,20.83,69.35,32.31,Hematite,Water_silica
S02235,SYN-019,25.5,27.0,5.93,-154.85,26.25,26.25,1.94,3.18,0.45,0.0,6.29,8.88,1.17,49.65,5.32,23.06,20.98,3.72,6.79,2.97,3.77,None,Alunite
S02236,SYN-019,27.0,28.5,6.55,-153.78,27.75,27.75,9.86,2.98,4.85,2.47,9.7,0.0,1.33,6.41,18.8,3.83,0.0,6.19,25.93,50.46,29.9,Hematite,Water_silica
S02237,SYN-019,28.5,30.0,7.17,-152.7,29.25,29.25,10.76,2.55,1.37,0.0,12.02,1.93,0.69,6.19,22.32,0.0,0.0,0.0,23.85,34.78,14.27,Hematite,Water_silica
S02238,SYN-019,30.0,31.0,7.68,-151.81,30.5,30.5,35.21,1.14,0.0,5.21,14.97,0.0,35.38,6.89,15.2,0.1,1.69,0.0,15.81,33.03,48.55,Goethite,Montmor
S02239,SYN-019,31.0,33.0,8.3,-150.73,32.0,32.0,2.69,0.2,0.0,5.19,44.26,2.81,1.17,5.51,44.86,0.95,8.4,2.96,14.12,34.02,41.21,Goethite,Gypsum
S02240,SYN-019,33.0,35.0,9.13,-149.3,34.0,34.0,1.19,1.63,18.44,2.52,5.82,8.97,5.44,38.15,1.09,81.72,22.47,11.04,7.33,0.0,0.09,None,Pyrophyllite
S02241,SYN-019,35.0,36.0,9.74,-148.22,35.5,35.5,3.16,0.0,0.0,5.07,0.69,8.81,0.48,40.97,0.0,66.16,29.97,3.96,15.1,16.35,3.86,Hematite,Pyrophyllite
S02242,SYN-019,36.0,37.0,10.16,-147.51,36.5,36.5,2.59,4.58,0.0,1.32,20.56,1.88,0.0,40.59,0.16,29.57,24.9,5.43,6.88,2.86,0.0,None,Alunite
S02243,SYN-019,37.0,38.0,10.57,-146.79,37.5,37.5,100.0,2.64,1.37,4.64,7.07,8.5,23.15,4.72,4.83,0.0,16.78,2.78,7.73,0.0,5.87,None,WhiteMica
S02244,SYN-019,38.0,40.0,11.19,-145.72,39.0,39.0,32.96,0.14,0.0,1.58,61.14,10.16,8.51,0.0,0.0,13.27,0.0,0.0,0.0,5.39,5.98,None,Kaolinite
S02245,SYN-019,40.0,41.0,11.8,-144.64,40.5,40.5,98.08,2.1,0.5,0.0,11.34,6.06,37.13,2.88,5.66,0.21,18.99,0.16,8.37,1.73,1.79,None,WhiteMica
S02246,SYN-019,41.0,42.5,12.32,-143.75,41.75,41.75,44.62,27.69,34.24,0.0,5.6,3.62,5.72,2.26,3.94,1.86,0.0,1.65,8.92,1.57,3.4,None,WhiteMica
S02247,SYN-019,42.5,44.0,12.94,-142.67,43.25,43.25,39.42,1.24,3.87,1.77,8.2,3.86,9.46,1.48,8.98,2.63,0.02,1.45,6.22,3.72,0.0,None,WhiteMica
S02248,SYN-019,44.0,46.0,13.66,-141.42,45.0,45.0,2.16,0.67,0.22,0.94,3.03,13.63,1.33,35.39,3.23,93.39,26.56,7.96,6.86,4.57,1.57,None,Pyrophyllite
S02249,SYN-019,46.0,47.5,14.38,-140.16,46.75,46.75,10.79,0.0,0.0,1.79,7.2,1.01,0.59,7.14,18.96,5.59,0.0,5.02,29.16,27.8,24.66,Hematite,Water_silica
S02250,SYN-019,47.5,49.0,15.0,-139.09,48.25,48.25,60.62,1.78,0.0,2.23,6.66,9.5,1.42,4.13,1.44,2.26,0.0,0.0,5.28,0.0,2.55,None,WhiteMica
S02251,SYN-019,49.0,51.0,15.72,-137.83,50.0,50.0,53.68,1.99,0.93,2.42,16.37,5.25,7.79,4.69,3.76,5.18,1.05,25.97,7.59,4.32,0.0,None,WhiteMica
S02252,SYN-019,51.0,52.0,16.34,-136.76,51.5,51.5,89.31,4.0,8.04,3.27,5.61,7.66,7.02,0.8,37.88,0.0,0.0,0.0,9.25,2.1,7.03,None,WhiteMica
S02253,SYN-019,52.0,54.0,16.95,-135.68,53.0,53.0,77.3,2.39,6.15,16.71,10.68,5.97,4.74,1.69,5.59,0.0,5.29,5.95,4.35,1.38,3.29,None,WhiteMica
S02254,SYN-019,54.0,55.0,17.57,-134.61,54.5,54.5,2.29,0.0,4.64,0.89,6.23,12.82,0.0,35.78,26.54,61.14,19.23,1.43,34.53,0.38,6.06,None,Pyrophyllite
S02255,SYN-019,55.0,56.5,18.09,-133.71,55.75,55.75,45.6,5.06,8.45,2.85,68.34,15.42,6.55,0.0,1.98,0.0,0.0,0.66,4.73,2.56,2.49,None,Kaolinite
S02256,SYN-019,56.5,58.5,18.81,-132.46,57.5,57.5,13.83,21.16,3.51,0.0,14.47,34.97,5.42,2.53,8.38,0.5,2.43,2.57,8.64,0.0,1.2,None,Dickite
S02257,SYN-019,58.5,60.0,19.53,-131.2,59.25,59.25,69.97,0.0,0.0,0.0,4.69,8.02,5.89,3.8,5.48,0.0,3.1,1.88,3.63,0.0,3.19,None,WhiteMica
S02258,SYN-019,60.0,61.5,20.15,-130.13,60.75,60.75,53.33,0.02,4.53,2.65,8.34,8.9,2.56,3.77,4.19,1.86,0.85,0.0,3.04,0.0,5.32,None,WhiteMica
S02259,SYN-019,61.5,63.0,20.76,-129.05,62.25,62.25,5.32,0.42,2.52,0.0,4.89,12.35,1.59,55.99,2.95,29.4,46.58,5.86,23.86,4.09,1.25,None,Alunite
S02260,SYN-019,63.0,64.5,21.38,-127.98,63.75,63.75,9.08,0.24,1.52,27.14,2.0,11.93,0.0,33.76,0.0,41.9,28.29,5.55,16.87,2.41,3.58,None,Pyrophyllite
S02261,SYN-019,64.5,66.0,22.0,-126.9,65.25,65.25,58.97,1.85,0.0,0.0,4.45,10.97,0.92,2.74,27.35,0.67,0.0,2.06,5.93,2.59,1.46,None,WhiteMica
S02262,SYN-019,66.0,67.5,22.62,-125.83,66.75,66.75,6.05,0.0,16.85,1.44,3.18,8.72,1.76,18.7,0.17,81.39,7.72,6.94,13.75,0.84,0.0,None,Pyrophyllite
S02263,SYN-019,67.5,69.0,23.23,-124.75,68.25,68.25,64.5,0.0,4.51,0.0,0.75,0.87,7.27,4.77,2.51,1.75,3.3,1.0,3.16,14.18,2.04,None,WhiteMica
S02264,SYN-019,69.0,70.5,23.85,-123.68,69.75,69.75,6.81,1.61,0.0,0.0,3.39,7.27,0.75,33.88,2.78,25.49,30.36,7.06,18.02,1.52,3.26,None,Alunite
S02265,SYN-019,70.5,72.0,24.47,-122.61,71.25,71.25,3.06,0.0,1.89,4.2,8.65,5.42,0.85,32.19,5.23,51.7,24.41,6.21,9.81,2.85,2.94,None,Pyrophyllite
S02266,SYN-019,72.0,73.5,25.09,-121.53,72.75,72.75,13.61,0.0,3.55,0.0,69.09,8.19,6.19,2.8,6.84,0.0,0.0,2.56,4.51,0.0,2.22,None,Kaolinite
S02267,SYN-019,73.5,75.0,25.71,-120.46,74.25,74.25,4.26,2.88,2.95,3.58,8.26,16.94,2.77,16.03,0.23,51.68,15.28,7.29,13.92,2.24,3.17,None,Pyrophyllite
S02268,SYN-019,75.0,76.0,26.22,-119.56,75.5,75.5,5.07,2.49,1.72,2.7,11.93,9.91,3.04,2.85,1.29,100.0,5.13,13.17,6.81,3.14,1.32,None,Pyrophyllite
S02269,SYN-019,76.0,78.0,26.84,-118.48,77.0,77.0,2.35,19.77,5.47,0.0,4.62,2.53,6.28,31.06,3.95,19.12,17.43,16.37,9.47,3.23,26.5,Goethite,Alunite
S02270,SYN-019,78.0,79.5,27.56,-117.23,78.75,78.75,2.94,0.67,0.0,1.19,4.53,9.87,2.94,45.58,1.53,20.15,12.86,9.73,3.61,7.01,1.81,None,Alunite
S02271,SYN-019,79.5,80.5,28.07,-116.33,80.0,80.0,6.14,0.0,1.65,3.43,6.36,0.62,0.59,45.72,2.79,67.15,5.18,6.75,5.24,2.66,4.98,None,Pyrophyllite
S02272,SYN-019,80.5,82.0,28.59,-115.44,81.25,81.25,6.73,0.0,0.0,28.91,5.04,11.12,0.0,36.07,0.0,39.35,13.37,4.67,26.93,4.18,0.0,None,Pyrophyllite
S02273,SYN-019,82.0,84.0,29.31,-114.18,83.0,83.0,4.17,6.68,1.73,1.71,4.43,10.64,2.07,54.61,1.21,89.51,25.31,5.26,6.62,4.38,3.14,None,Pyrophyllite
S02274,SYN-019,84.0,85.0,29.93,-113.11,84.5,84.5,1.01,2.86,4.87,3.44,6.15,7.56,4.85,34.51,17.16,43.52,17.92,7.06,10.77,0.15,4.15,None,Pyrophyllite
S02275,SYN-019,85.0,86.0,30.34,-112.39,85.5,85.5,89.29,3.56,0.0,1.56,23.62,0.0,1.89,2.66,3.77,1.65,0.93,0.63,0.26,30.45,6.04,Hematite,WhiteMica
S02276,SYN-019,86.0,87.0,30.75,-111.68,86.5,86.5,3.26,0.0,0.0,1.55,7.9,15.88,3.34,29.16,0.0,76.15,16.05,11.99,40.63,0.0,1.58,None,Pyrophyllite
S02277,SYN-019,87.0,88.0,31.16,-110.96,87.5,87.5,0.4,5.43,3.31,4.21,0.3,12.53,0.0,34.94,0.0,57.37,5.3,4.21,7.13,0.0,5.84,None,Pyrophyllite
S02278,SYN-019,88.0,90.0,31.78,-109.88,89.0,89.0,4.19,4.59,4.8,1.6,4.46,9.63,2.33,21.44,2.32,31.3,16.52,19.87,5.82,3.73,4.0,None,Pyrophyllite
S02279,SYN-019,90.0,92.0,32.61,-108.45,91.0,91.0,19.41,1.07,0.0,1.19,38.93,6.41,14.31,2.26,19.99,0.46,0.35,29.94,4.33,0.0,7.23,None,Kaolinite
S02280,SYN-019,92.0,93.0,33.22,-107.38,92.5,92.5,4.64,0.0,23.78,1.41,2.21,25.24,1.76,13.75,2.58,49.32,30.75,6.03,12.07,4.72,0.0,None,Pyrophyllite
S02281,SYN-019,93.0,94.5,33.74,-106.48,93.75,93.75,83.52,2.28,2.42,0.0,5.95,7.73,2.27,0.0,19.83,3.61,33.48,0.0,4.53,4.61,3.5,None,WhiteMica
S02282,SYN-019,94.5,95.5,34.25,-105.58,95.0,95.0,3.32,0.0,2.37,3.43,5.58,15.42,3.82,17.91,3.12,48.52,18.31,11.37,7.36,3.1,2.81,None,Pyrophyllite
S02283,SYN-019,95.5,97.0,34.77,-104.69,96.25,96.25,4.6,0.87,5.15,0.2,7.17,5.77,1.95,25.1,2.47,83.52,15.07,6.55,5.74,2.75,3.31,None,Pyrophyllite
S02284,SYN-019,97.0,99.0,35.49,-103.44,98.0,98.0,5.79,24.08,2.85,9.56,5.95,1.61,24.92,0.32,1.83,0.0,2.3,0.0,0.0,1.44,5.08,None,Montmor
S02285,SYN-019,99.0,100.5,36.21,-102.18,99.75,99.75,38.43,4.06,0.0,0.0,6.16,4.38,3.71,6.34,30.52,1.36,1.02,3.39,11.05,2.49,6.38,None,WhiteMica
S02286,SYN-019,100.5,101.5,36.72,-101.29,101.0,101.0,5.04,26.06,1.78,0.0,9.02,4.07,1.86,44.47,0.64,100.0,24.06,5.17,4.94,4.58,3.72,None,Pyrophyllite
S02287,SYN-019,101.5,103.0,37.24,-100.39,102.25,102.25,4.64,0.96,3.17,1.21,4.83,16.11,0.0,11.16,0.0,72.89,28.25,5.41,4.15,4.91,0.0,None,Pyrophyllite
S02288,SYN-019,103.0,105.0,37.96,-99.14,104.0,104.0,1.0,2.98,0.0,2.68,6.29,14.77,3.18,17.97,0.0,37.24,29.18,14.15,10.54,2.28,36.3,Goethite,Pyrophyllite
S02289,SYN-019,105.0,106.5,38.68,-97.88,105.75,105.75,3.37,0.0,2.69,3.51,1.46,8.11,0.0,43.6,3.96,62.99,20.79,7.72,7.77,0.0,10.79,None,Pyrophyllite
S02290,SYN-019,106.5,107.5,39.2,-96.99,107.0,107.0,5.02,1.93,2.49,3.53,3.68,4.36,1.42,26.86,0.0,26.74,4.7,11.82,18.65,1.31,0.51,None,Alunite
S02291,SYN-019,107.5,108.5,39.61,-96.27,108.0,108.0,10.34,22.82,8.75,5.72,8.15,36.21,29.84,1.7,1.48,4.39,4.57,2.79,0.03,2.67,3.35,None,Dickite
S02292,SYN-019,108.5,110.0,40.12,-95.37,109.25,109.25,7.95,4.12,0.0,1.03,6.56,5.91,0.0,29.13,27.1,71.4,26.04,9.14,6.09,4.02,4.72,None,Pyrophyllite
S02293,SYN-019,110.0,111.5,40.74,-94.3,110.75,110.75,5.65,23.64,15.67,4.17,10.71,0.0,21.18,2.8,1.07,0.0,1.58,0.0,0.0,3.1,5.39,None,Chlorite
S02294,SYN-019,111.5,113.5,41.46,-93.04,112.5,112.5,11.01,3.04,23.13,0.24,0.0,0.0,21.12,1.26,1.61,0.0,3.6,2.61,0.0,5.26,1.39,None,Carbonate
S02295,SYN-019,113.5,115.5,42.29,-91.61,114.5,114.5,23.89,31.33,17.11,0.0,13.36,2.72,14.67,3.58,2.46,2.08,0.68,5.7,3.12,0.32,6.51,None,Chlorite
S02296,SYN-019,115.5,117.5,43.11,-90.18,116.5,116.5,22.51,18.16,8.41,4.95,13.8,5.03,17.69,0.89,25.29,2.42,0.0,5.97,0.0,0.33,5.95,None,Gypsum
S02297,SYN-019,117.5,119.5,43.93,-88.74,118.5,118.5,16.99,13.39,10.47,4.16,10.2,7.53,24.92,0.0,0.0,1.01,3.21,0.0,2.88,4.52,3.99,None,Montmor
S02298,SYN-019,119.5,120.5,44.55,-87.67,120.0,120.0,13.33,27.64,13.65,2.91,9.35,2.4,21.99,14.87,0.0,3.63,0.9,0.63,25.75,0.0,0.61,None,Chlorite
S02299,SYN-019,120.5,122.0,45.07,-86.77,121.25,121.25,5.46,14.64,15.15,9.92,5.95,3.66,13.01,3.8,5.65,1.31,4.44,0.0,0.1,18.72,1.49,Hematite,Carbonate
S02300,SYN-019,122.0,123.5,45.68,-85.7,122.75,122.75,47.15,21.59,7.58,8.65,7.75,0.0,20.81,0.52,0.63,2.03,0.0,0.0,0.0,2.17,1.23,None,WhiteMica
S02301,SYN-019,123.5,125.0,46.3,-84.62,124.25,124.25,4.83,39.09,12.15,26.1,30.11,4.11,3.42,0.96,2.25,3.39,4.23,5.21,6.41,3.91,2.28,None,Chlorite
S02302,SYN-019,125.0,127.0,47.02,-83.37,126.0,126.0,7.15,55.63,29.65,9.3,2.38,1.89,22.84,0.0,0.86,3.24,2.79,3.12,0.0,2.57,6.33,None,Chlorite
S02303,SYN-019,127.0,128.5,47.74,-82.12,127.75,127.75,24.54,40.22,14.47,1.06,21.82,0.0,7.27,0.0,0.41,0.0,19.92,3.23,1.86,0.0,3.61,None,Chlorite
S02304,SYN-019,128.5,130.5,48.46,-80.86,129.5,129.5,11.11,31.18,2.43,6.42,10.57,3.67,12.73,0.0,2.93,0.0,0.83,5.73,4.12,1.66,4.43,None,Chlorite
S02305,SYN-019,130.5,132.0,49.19,-79.61,131.25,131.25,10.51,40.65,13.92,35.2,13.02,0.0,50.11,0.97,1.23,0.0,2.48,1.14,0.0,0.16,3.27,None,Montmor
S02306,SYN-019,132.0,133.5,49.8,-78.53,132.75,132.75,24.94,30.65,3.97,6.99,3.95,13.48,23.64,0.0,0.0,0.0,0.0,5.11,1.91,5.0,6.69,None,Chlorite
S02307,SYN-019,133.5,135.0,50.42,-77.46,134.25,134.25,11.38,28.74,12.01,3.84,25.84,4.78,9.27,1.12,6.26,16.59,0.86,0.0,2.45,0.0,0.0,None,Chlorite
S02308,SYN-019,135.0,136.0,50.94,-76.56,135.5,135.5,28.81,25.66,15.08,22.32,7.35,2.98,13.83,4.33,0.0,5.87,3.64,0.0,0.0,3.44,0.0,None,WhiteMica
S02309,SYN-019,136.0,137.0,51.35,-75.84,136.5,136.5,15.21,20.16,13.99,8.6,5.65,2.97,14.02,0.9,0.0,0.43,1.99,0.23,2.28,2.05,2.75,None,Chlorite
S02310,SYN-019,137.0,138.5,51.86,-74.95,137.75,137.75,13.22,27.07,2.62,8.21,11.67,1.08,13.42,0.0,0.79,1.18,2.04,0.0,3.44,2.67,2.81,None,Chlorite
S02311,SYN-019,138.5,139.5,52.38,-74.05,139.0,139.0,16.32,16.52,7.99,10.08,7.18,0.18,6.34,3.37,0.0,0.0,14.0,2.27,1.66,18.71,2.74,Hematite,Chlorite
S02312,SYN-019,139.5,141.5,53.0,-72.98,140.5,140.5,13.22,11.41,13.23,5.41,13.97,6.59,17.15,3.98,0.0,28.35,0.66,3.92,2.58,1.49,1.12,None,Pyrophyllite
S02313,SYN-019,141.5,142.5,53.61,-71.9,142.0,142.0,24.11,18.71,13.1,20.67,28.35,4.28,5.96,4.11,1.49,0.56,20.65,20.3,0.55,13.13,0.0,None,Kaolinite
S02314,SYN-020,0.0,1.0,34.15,-99.05,0.5,0.5,3.32,2.2,0.0,0.77,2.33,27.08,0.0,26.6,1.36,98.55,14.82,10.07,24.82,6.35,2.58,None,Pyrophyllite
S02315,SYN-020,1.0,3.0,34.9,-97.84,2.0,2.0,3.25,0.0,3.88,0.34,6.11,1.41,5.35,8.21,25.05,4.56,3.24,1.62,19.99,34.67,36.95,Goethite,Gypsum
S02316,SYN-020,3.0,4.0,35.65,-96.63,3.5,3.5,6.91,2.07,3.13,0.0,14.74,0.07,0.38,9.03,6.01,2.61,1.37,0.0,16.52,24.82,14.79,Hematite,Water_silica
S02317,SYN-020,4.0,6.0,36.41,-95.42,5.0,5.0,5.38,1.01,2.71,0.0,9.34,15.47,2.66,59.83,0.0,3.6,13.74,6.53,7.28,4.51,31.89,Goethite,Alunite
S02318,SYN-020,6.0,7.5,37.28,-94.01,6.75,6.75,5.31,1.06,1.05,1.99,12.04,0.51,0.0,4.45,21.67,2.52,2.2,0.23,16.86,55.26,47.09,Hematite,Gypsum
S02319,SYN-020,7.5,8.5,37.91,-93.01,8.0,8.0,6.2,0.0,14.46,1.82,7.41,15.83,1.19,50.96,2.03,53.17,10.11,7.48,16.19,4.33,3.43,None,Pyrophyllite
S02320,SYN-020,8.5,10.0,38.54,-92.0,9.25,9.25,4.84,0.16,1.93,2.43,12.65,0.0,0.2,6.49,23.68,0.41,4.06,1.48,17.99,6.82,35.33,Goethite,Gypsum
S02321,SYN-020,10.0,11.5,39.29,-90.8,10.75,10.75,8.06,2.86,0.98,0.7,7.02,18.46,3.88,6.66,11.36,3.13,0.0,0.0,16.78,45.82,36.58,Hematite,Dickite
S02322,SYN-020,11.5,13.5,40.17,-89.39,12.5,12.5,6.66,0.7,3.35,0.22,12.87,0.0,1.67,5.25,22.61,0.0,0.56,4.25,27.34,36.5,19.38,Hematite,Water_silica
S02323,SYN-020,13.5,15.5,41.17,-87.78,14.5,14.5,7.39,0.0,2.5,2.08,5.07,4.98,2.35,5.91,40.92,2.4,12.9,0.0,21.55,85.93,36.61,Hematite,Gypsum
S02324,SYN-020,15.5,17.0,42.05,-86.37,16.25,16.25,3.8,0.53,2.95,1.37,11.11,0.21,1.79,11.24,11.82,0.0,4.7,2.35,21.0,38.76,32.93,Hematite,Water_silica
S02325,SYN-020,17.0,18.5,42.8,-85.16,17.75,17.75,5.53,3.25,0.72,0.0,10.5,0.0,0.0,12.91,21.32,0.0,4.38,3.1,16.38,48.7,48.36,Hematite,Gypsum
S02326,SYN-020,18.5,20.0,43.56,-83.95,19.25,19.25,3.51,3.28,3.98,0.0,3.56,10.75,0.0,35.63,5.02,53.14,50.2,4.07,27.17,4.25,33.93,Goethite,Pyrophyllite
S02327,SYN-020,20.0,21.5,44.31,-82.75,20.75,20.75,3.92,0.0,0.0,1.48,10.53,1.85,0.0,20.37,35.07,0.0,0.0,11.49,22.69,59.94,44.11,Hematite,Gypsum
S02328,SYN-020,21.5,23.5,45.19,-81.34,22.5,22.5,5.46,1.72,2.86,0.0,13.52,0.0,0.5,5.44,7.62,5.9,2.15,0.63,10.7,66.57,21.6,Hematite,Kaolinite
S02329,SYN-020,23.5,25.0,46.07,-79.93,24.25,24.25,5.68,1.06,5.08,0.0,21.75,1.09,1.99,7.71,18.53,0.8,3.82,1.14,19.45,18.5,44.11,Goethite,Kaolinite
S02330,SYN-020,25.0,26.5,46.82,-78.72,25.75,25.75,10.98,0.0,3.97,1.19,13.05,0.53,0.0,8.3,10.56,0.0,0.0,0.0,4.84,29.42,37.36,Goethite,Kaolinite
S02331,SYN-020,26.5,28.0,47.57,-77.51,27.25,27.25,5.3,0.47,5.15,0.0,10.09,4.93,0.0,45.41,17.52,7.29,4.67,3.14,15.99,23.43,12.99,Hematite,Alunite
S02332,SYN-020,28.0,30.0,48.45,-76.11,29.0,29.0,0.26,0.0,1.61,0.0,6.44,0.24,0.42,6.57,15.15,0.0,1.04,0.87,39.38,40.72,78.85,Goethite,Water_silica
S02333,SYN-020,30.0,32.0,49.45,-74.5,31.0,31.0,9.77,1.47,0.0,3.81,4.05,3.24,4.52,6.05,13.69,2.51,0.07,0.57,17.77,43.71,21.17,Hematite,Water_silica
S02334,SYN-020,32.0,33.0,50.21,-73.29,32.5,32.5,7.21,0.0,32.55,16.07,18.5,19.76,0.0,16.83,10.89,0.0,4.69,0.0,14.64,18.13,30.44,Goethite,Carbonate
S02335,SYN-020,33.0,34.0,50.71,-72.48,33.5,33.5,5.65,3.88,4.65,5.81,9.69,29.06,16.37,13.84,4.25,3.18,4.03,6.07,22.19,22.06,30.99,Goethite,Dickite
S02336,SYN-020,34.0,35.5,51.34,-71.48,34.75,34.75,31.06,0.97,0.0,2.77,8.4,1.67,5.54,11.24,10.8,1.16,0.0,3.34,12.48,21.03,15.86,Hematite,WhiteMica
S02337,SYN-020,35.5,37.0,52.09,-70.27,36.25,36.25,35.35,0.0,1.98,1.26,2.0,12.93,0.71,34.84,1.15,77.82,25.75,4.26,7.75,6.76,5.78,None,Pyrophyllite
S02338,SYN-020,37.0,38.5,52.84,-69.06,37.75,37.75,7.01,1.81,1.34,8.32,4.06,9.06,0.23,37.9,0.53,40.78,12.59,7.02,6.13,37.12,4.91,Hematite,Pyrophyllite
S02339,SYN-020,38.5,39.5,53.47,-68.06,39.0,39.0,3.44,0.0,4.96,0.0,4.85,0.0,0.0,13.36,19.15,0.0,36.85,14.69,25.04,14.3,38.83,Goethite,Diaspore
S02340,SYN-020,39.5,41.0,54.1,-67.05,40.25,40.25,31.47,35.54,0.0,4.1,14.9,0.0,0.19,7.09,17.65,0.0,2.9,2.61,30.6,29.03,22.42,Hematite,Chlorite
S02341,SYN-020,41.0,42.5,54.85,-65.84,41.75,41.75,56.47,0.0,0.29,1.39,6.92,2.14,5.71,5.45,5.92,1.9,0.0,3.5,0.36,2.32,2.8,None,WhiteMica
S02342,SYN-020,42.5,44.0,55.6,-64.64,43.25,43.25,46.29,0.0,2.76,0.23,8.02,6.29,3.75,0.0,6.34,5.84,0.12,0.0,7.17,3.59,4.0,None,WhiteMica
S02343,SYN-020,44.0,45.5,56.35,-63.43,44.75,44.75,7.45,1.26,0.77,0.0,3.57,6.07,4.34,58.61,0.0,40.43,34.01,6.65,6.87,0.62,0.0,None,Alunite
S02344,SYN-020,45.5,47.0,57.11,-62.22,46.25,46.25,5.15,4.01,1.93,14.82,2.71,3.25,0.0,26.62,0.52,59.42,26.9,7.35,12.34,4.12,25.0,Goethite,Pyrophyllite
S02345,SYN-020,47.0,48.5,57.86,-61.01,47.75,47.75,9.9,14.34,19.24,2.14,2.2,11.45,5.99,34.43,2.55,70.52,20.96,10.65,5.01,4.57,7.13,None,Pyrophyllite
S02346,SYN-020,48.5,50.5,58.74,-59.61,49.5,49.5,2.46,0.0,2.53,2.47,5.38,14.05,3.34,48.83,1.18,60.58,18.0,14.55,8.13,1.18,5.47,None,Pyrophyllite
S02347,SYN-020,50.5,52.0,59.62,-58.2,51.25,51.25,9.31,0.0,21.29,0.0,7.98,7.7,28.62,45.01,0.1,77.3,16.77,4.3,8.54,1.69,0.0,None,Pyrophyllite
S02348,SYN-020,52.0,53.5,60.37,-56.99,52.75,52.75,5.92,2.29,4.3,2.49,4.08,15.34,0.15,56.55,3.71,72.54,12.68,9.23,8.05,2.89,1.13,None,Pyrophyllite
S02349,SYN-020,53.5,55.0,61.12,-55.78,54.25,54.25,7.35,0.14,2.84,0.0,7.2,8.27,0.0,54.91,0.55,42.7,24.17,5.74,6.9,0.43,7.5,None,Alunite
S02350,SYN-020,55.0,56.0,61.75,-54.78,55.5,55.5,3.2,0.0,34.13,0.0,5.12,10.38,2.0,38.52,0.13,56.09,27.23,1.9,2.79,0.0,0.95,None,Pyrophyllite
S02351,SYN-020,56.0,57.5,62.38,-53.77,56.75,56.75,6.11,0.0,1.43,3.58,7.65,9.01,0.0,34.54,24.15,69.11,19.07,16.36,8.79,1.41,0.0,None,Pyrophyllite
S02352,SYN-020,57.5,59.0,63.13,-52.56,58.25,58.25,27.73,2.54,2.45,2.86,3.88,15.56,0.91,11.94,4.47,35.92,14.4,42.2,7.02,2.19,1.6,None,Zunyite
S02353,SYN-020,59.0,61.0,64.01,-51.15,60.0,60.0,1.28,0.0,0.0,0.0,6.76,12.22,22.06,45.97,0.81,38.71,21.98,6.49,12.44,3.67,1.67,None,Alunite
S02354,SYN-020,61.0,62.5,64.89,-49.75,61.75,61.75,3.59,0.0,1.8,0.0,6.32,9.74,2.98,54.51,0.0,19.43,10.68,11.07,7.39,3.4,5.76,None,Alunite
S02355,SYN-020,62.5,63.5,65.51,-48.74,63.0,63.0,0.0,3.44,5.3,33.08,9.68,10.34,16.01,43.8,2.56,84.76,28.19,16.52,7.82,15.41,5.07,Hematite,Pyrophyllite
S02356,SYN-020,63.5,65.0,66.14,-47.73,64.25,64.25,3.55,0.78,1.75,0.0,7.51,4.65,0.03,22.9,0.37,100.0,27.25,8.96,8.57,3.45,1.75,None,Pyrophyllite
S02357,SYN-020,65.0,66.0,66.77,-46.73,65.5,65.5,15.67,3.59,1.41,3.11,6.69,32.59,0.6,12.46,2.59,38.81,22.03,41.3,9.71,0.7,2.8,None,Zunyite
S02358,SYN-020,66.0,67.5,67.39,-45.72,66.75,66.75,3.46,0.3,0.0,3.2,30.89,7.61,0.0,41.23,0.0,88.41,14.53,7.81,1.53,0.0,3.71,None,Pyrophyllite
S02359,SYN-020,67.5,69.5,68.27,-44.31,68.5,68.5,11.31,1.2,2.43,0.37,4.58,9.13,1.98,16.46,1.29,100.0,36.75,37.84,9.13,1.5,4.79,None,Pyrophyllite
S02360,SYN-020,69.5,71.0,69.15,-42.9,70.25,70.25,8.29,1.59,0.71,1.13,3.84,12.39,0.0,32.57,0.58,26.7,3.9,4.96,1.9,2.63,2.06,None,Alunite
S02361,SYN-020,71.0,72.5,69.9,-41.7,71.75,71.75,0.4,4.67,4.47,1.49,3.78,9.27,3.45,35.01,0.0,64.23,11.8,5.01,6.67,0.56,3.72,None,Pyrophyllite
S02362,SYN-020,72.5,74.0,70.66,-40.49,73.25,73.25,5.39,4.46,28.35,1.81,6.04,7.89,12.24,42.6,0.0,88.48,23.95,9.0,10.31,0.0,6.57,None,Pyrophyllite
S02363,SYN-020,74.0,75.5,71.41,-39.28,74.75,74.75,6.0,4.08,0.07,0.0,6.65,0.0,0.08,27.16,0.5,49.14,11.74,12.66,15.45,0.0,2.63,None,Pyrophyllite
S02364,SYN-020,75.5,77.5,72.29,-37.87,76.5,76.5,18.91,0.0,0.0,2.42,6.76,12.37,13.83,29.02,0.0,53.74,37.34,6.11,4.43,0.0,3.35,None,Pyrophyllite
S02365,SYN-020,77.5,79.0,73.17,-36.46,78.25,78.25,4.45,23.73,5.79,0.0,9.41,10.95,2.17,30.39,0.0,89.94,13.98,11.27,5.01,0.0,21.29,Goethite,Pyrophyllite
S02366,SYN-020,79.0,80.5,73.92,-35.26,79.75,79.75,4.69,19.04,0.73,2.9,7.31,13.66,0.0,18.81,0.0,45.3,10.49,9.28,1.94,2.15,1.57,None,Pyrophyllite
S02367,SYN-020,80.5,82.0,74.67,-34.05,81.25,81.25,0.63,4.64,0.0,0.0,2.68,10.12,4.47,26.53,0.0,41.59,20.73,6.94,5.4,4.98,0.79,None,Pyrophyllite
S02368,SYN-020,82.0,83.0,75.3,-33.04,82.5,82.5,1.42,4.11,0.0,0.0,6.55,28.62,0.0,8.71,1.27,51.25,21.09,10.55,16.25,2.11,3.99,None,Pyrophyllite
S02369,SYN-020,83.0,84.0,75.8,-32.24,83.5,83.5,4.43,1.23,0.0,1.13,7.58,25.87,3.92,42.59,0.0,100.0,29.06,5.1,2.28,28.49,19.6,Hematite,Pyrophyllite
S02370,SYN-020,84.0,85.0,76.3,-31.43,84.5,84.5,4.25,3.02,20.46,1.07,9.41,38.93,0.79,72.15,1.2,75.66,36.67,11.66,23.53,0.0,2.8,None,Pyrophyllite
S02371,SYN-020,85.0,86.5,76.93,-30.43,85.75,85.75,2.23,3.06,2.51,1.46,5.58,11.08,3.68,32.87,0.0,69.29,10.8,7.14,11.18,2.5,1.41,None,Pyrophyllite
S02372,SYN-020,86.5,88.5,77.81,-29.02,87.5,87.5,2.01,1.57,0.0,0.0,5.61,12.97,4.8,49.15,3.16,99.05,13.28,10.59,11.09,3.42,1.84,None,Pyrophyllite
S02373,SYN-020,88.5,90.0,78.69,-27.61,89.25,89.25,3.78,1.68,0.0,1.71,8.91,11.87,0.13,28.23,2.14,28.41,27.75,8.74,8.18,0.1,24.56,Goethite,Pyrophyllite
S02374,SYN-020,90.0,91.0,79.31,-26.6,90.5,90.5,6.22,1.45,5.85,1.94,6.48,12.15,0.25,12.61,0.45,70.02,31.29,23.94,8.46,0.0,0.06,None,Pyrophyllite
S02375,SYN-020,91.0,92.0,79.81,-25.8,91.5,91.5,3.81,0.0,7.94,4.11,1.68,11.21,1.99,64.42,1.56,45.69,44.57,0.0,10.83,24.48,5.62,Hematite,Alunite
S02376,SYN-020,92.0,93.5,80.44,-24.79,92.75,92.75,8.06,0.0,21.63,1.66,1.11,24.76,0.0,19.82,2.64,51.53,16.79,5.95,10.9,4.24,6.91,None,Pyrophyllite
S02377,SYN-020,93.5,95.5,81.32,-23.39,94.5,94.5,22.38,34.79,11.24,8.49,18.14,21.15,21.17,1.35,0.0,0.0,3.73,24.59,30.1,0.0,0.0,None,Chlorite
S02378,SYN-020,95.5,97.0,82.2,-21.98,96.25,96.25,14.1,4.04,0.0,5.39,3.69,4.79,3.19,3.45,1.77,0.0,0.0,0.0,4.37,0.0,4.39,None,WhiteMica
S02379,SYN-020,97.0,99.0,83.08,-20.57,98.0,98.0,2.26,0.0,5.1,0.0,10.97,14.06,0.37,45.64,1.35,50.26,29.2,4.42,4.32,0.0,4.98,None,Pyrophyllite
S02380,SYN-020,99.0,101.0,84.08,-18.96,100.0,100.0,4.48,0.0,5.63,0.0,1.37,2.47,0.16,67.4,1.55,79.78,23.96,9.98,3.5,3.51,5.18,None,Pyrophyllite
S02381,SYN-020,101.0,102.0,84.83,-17.75,101.5,101.5,3.11,1.56,6.74,0.0,5.55,7.17,0.0,49.1,0.0,100.0,13.23,7.17,17.93,0.25,0.0,None,Pyrophyllite
S02382,SYN-020,102.0,103.5,85.46,-16.74,102.75,102.75,5.47,1.1,0.45,2.01,8.38,17.16,0.03,31.03,0.0,33.95,8.39,1.98,5.23,1.76,13.06,None,Pyrophyllite
S02383,SYN-020,103.5,105.5,86.34,-15.34,104.5,104.5,23.83,9.8,0.09,8.5,17.08,1.27,22.5,7.03,3.04,33.44,2.26,3.4,0.0,3.2,1.58,None,Pyrophyllite
S02384,SYN-020,105.5,107.0,87.22,-13.93,106.25,106.25,2.05,3.1,0.0,32.25,1.24,6.97,3.08,15.24,0.0,83.12,12.52,10.04,10.61,0.76,2.39,None,Pyrophyllite
S02385,SYN-020,107.0,108.0,87.84,-12.92,107.5,107.5,17.33,9.96,15.39,34.2,11.36,0.0,21.8,3.04,3.59,0.67,1.52,0.32,3.13,0.0,0.0,None,Epidote
S02386,SYN-020,108.0,110.0,88.6,-11.71,109.0,109.0,8.82,4.35,40.47,0.0,3.08,9.65,2.9,22.43,3.83,53.01,24.67,7.4,11.8,3.27,7.31,None,Pyrophyllite
S02387,SYN-020,110.0,112.0,89.6,-10.1,111.0,111.0,0.0,4.51,0.0,1.84,13.31,16.25,0.76,65.87,26.61,76.33,5.69,7.79,6.77,3.45,36.44,Goethite,Pyrophyllite
S02388,SYN-020,112.0,113.5,90.48,-8.7,112.75,112.75,8.76,34.05,26.18,31.42,1.5,0.0,26.37,1.4,4.41,1.23,1.89,0.0,1.91,6.01,0.46,None,Chlorite
S02389,SYN-020,113.5,115.0,91.23,-7.49,114.25,114.25,12.71,27.85,16.19,3.99,3.06,3.9,6.0,8.67,9.68,0.44,23.96,3.15,4.28,2.78,1.62,None,Chlorite
S02390,SYN-020,115.0,116.0,91.86,-6.48,115.5,115.5,15.93,17.89,10.74,3.11,7.61,0.43,13.8,4.58,2.34,0.0,4.24,0.0,0.0,2.19,6.5,None,Chlorite
S02391,SYN-020,116.0,118.0,92.61,-5.28,117.0,117.0,55.15,1.52,7.13,1.42,9.27,2.55,7.38,6.25,1.79,1.85,1.72,0.48,3.25,2.7,2.75,None,WhiteMica
S02392,SYN-020,118.0,119.5,93.49,-3.87,118.75,118.75,12.93,26.81,11.03,7.45,12.34,1.4,10.72,4.2,0.0,3.35,6.24,0.0,0.0,1.55,6.2,None,Chlorite
S02393,SYN-020,119.5,120.5,94.12,-2.86,120.0,120.0,26.56,31.8,28.14,3.61,5.46,2.74,12.68,0.0,0.11,0.0,21.17,3.76,5.25,1.92,4.69,None,Chlorite
S02394,SYN-020,120.5,122.0,94.74,-1.85,121.25,121.25,23.22,26.57,27.79,5.17,36.72,1.72,14.58,0.0,2.08,3.22,1.41,3.25,2.16,20.72,0.0,Hematite,Kaolinite
S02395,SYN-020,122.0,124.0,95.62,-0.45,123.0,123.0,9.23,34.82,10.82,7.41,0.0,0.0,35.47,0.0,1.2,3.12,0.0,5.24,4.02,2.67,0.53,None,Montmor
S02396,SYN-020,124.0,126.0,96.63,1.16,125.0,125.0,15.34,15.74,11.13,13.85,17.67,5.07,8.14,1.49,19.31,0.0,2.19,4.68,0.0,2.71,0.07,None,Gypsum
S02397,SYN-020,126.0,127.5,97.5,2.57,126.75,126.75,9.33,34.7,9.14,11.75,12.84,0.0,35.05,0.72,2.03,15.44,4.83,0.68,0.65,1.59,4.17,None,Montmor
S02398,SYN-020,127.5,128.5,98.13,3.58,128.0,128.0,32.17,25.7,25.86,5.62,6.84,0.19,26.92,1.65,31.65,1.43,0.79,6.98,1.57,0.0,7.77,None,WhiteMica
S02399,SYN-020,128.5,130.5,98.88,4.79,129.5,129.5,27.09,29.35,11.72,8.14,12.67,1.37,9.96,0.0,0.0,0.0,3.14,4.44,0.0,0.0,3.43,None,Chlorite
S02400,SYN-020,130.5,132.5,99.89,6.4,131.5,131.5,16.98,22.27,9.95,4.21,14.85,6.55,19.89,0.87,1.36,0.0,2.2,2.31,0.64,0.67,2.73,None,Chlorite
S02401,SYN-020,132.5,134.0,100.77,7.8,133.25,133.25,15.06,21.79,10.0,4.05,30.95,3.44,8.39,0.7,2.42,22.83,3.13,2.21,1.13,0.41,4.34,None,Kaolinite
S02402,SYN-020,134.0,135.5,101.52,9.01,134.75,134.75,27.16,25.7,2.05,7.93,11.68,0.71,14.39,0.0,0.0,28.56,2.24,0.0,26.02,1.01,2.81,None,Pyrophyllite
S02403,SYN-020,135.5,137.0,102.27,10.22,136.25,136.25,12.33,50.27,12.35,10.04,34.97,3.2,30.14,2.84,26.9,5.76,0.0,2.85,1.27,0.85,2.16,None,Chlorite
S02404,SYN-020,137.0,138.5,103.02,11.43,137.75,137.75,44.55,5.85,15.27,4.62,16.37,1.08,14.85,0.0,1.02,2.13,3.88,0.56,5.19,6.29,3.48,None,WhiteMica
S02405,SYN-020,138.5,139.5,103.65,12.43,139.0,139.0,14.34,44.62,14.59,4.77,14.69,4.87,12.4,1.09,2.63,1.19,10.58,5.85,1.48,1.03,4.9,None,Chlorite
S02406,SYN-020,139.5,140.5,104.15,13.24,140.0,140.0,6.52,28.84,14.28,6.24,19.89,25.75,30.51,0.0,0.0,0.0,0.99,1.2,0.0,0.0,1.73,None,Montmor
S02407,SYN-020,140.5,141.5,104.65,14.04,141.0,141.0,18.27,0.0,9.76,2.25,12.13,0.0,11.44,1.45,1.8,15.51,0.0,0.75,26.34,2.04,0.5,None,Water_silica
S02408,SYN-020,141.5,143.5,105.41,15.25,142.5,142.5,10.51,37.88,10.66,2.33,4.73,1.8,9.75,1.7,0.0,2.75,0.54,4.39,1.47,1.05,5.37,None,Chlorite
S02409,SYN-020,143.5,144.5,106.16,16.46,144.0,144.0,11.89,39.39,29.51,2.82,17.88,2.25,16.1,0.0,1.88,0.57,1.8,1.41,0.77,6.65,0.0,None,Chlorite
S02410,SYN-021,0.0,1.0,60.95,-137.57,0.5,0.5,8.29,4.75,0.0,0.76,10.86,9.43,1.36,36.6,0.0,65.0,19.43,9.66,9.02,28.33,0.0,Hematite,Pyrophyllite
S02411,SYN-021,1.0,2.5,59.86,-137.18,1.75,1.75,6.14,0.0,16.32,0.0,27.38,0.0,0.0,9.58,9.53,18.51,0.0,0.0,9.24,74.84,11.87,Hematite,Kaolinite
S02412,SYN-021,2.5,3.5,58.77,-136.8,3.0,3.0,4.22,22.85,0.0,3.0,11.45,6.25,0.44,63.35,2.65,42.39,46.89,30.79,7.67,4.24,3.02,None,Alunite
S02413,SYN-021,3.5,4.5,57.9,-136.49,4.0,4.0,1.31,0.0,1.02,6.13,13.68,3.25,0.44,15.91,34.25,0.0,2.6,0.0,23.02,44.65,17.62,Hematite,Gypsum
S02414,SYN-021,4.5,6.0,56.81,-136.11,5.25,5.25,6.88,0.0,3.01,16.5,9.73,7.81,0.86,8.09,17.1,0.0,0.17,0.0,15.82,29.46,5.1,Hematite,Gypsum
S02415,SYN-021,6.0,7.5,55.5,-135.65,6.75,6.75,9.26,4.47,7.16,2.56,13.38,0.0,5.23,12.17,18.72,3.04,4.02,2.5,25.56,36.92,11.15,Hematite,Water_silica
S02416,SYN-021,7.5,9.0,54.19,-135.19,8.25,8.25,6.42,5.88,0.37,1.28,6.29,1.74,3.0,8.43,8.3,3.99,0.0,0.84,9.21,12.54,40.42,Goethite,Water_silica
S02417,SYN-021,9.0,11.0,52.67,-134.65,10.0,10.0,3.57,0.0,0.33,1.86,10.98,1.98,0.0,8.14,26.23,0.0,1.51,1.07,27.77,13.68,8.65,None,Water_silica
S02418,SYN-021,11.0,12.0,51.36,-134.19,11.5,11.5,3.32,0.0,0.0,0.63,9.76,0.0,0.0,14.24,17.9,0.0,0.0,1.91,14.97,47.26,32.28,Hematite,Gypsum
S02419,SYN-021,12.0,14.0,50.05,-133.73,13.0,13.0,3.52,1.37,0.0,0.0,11.2,4.72,2.45,10.95,24.57,2.11,0.0,3.55,16.21,17.99,20.61,Goethite,Gypsum
S02420,SYN-021,14.0,16.0,48.31,-133.12,15.0,15.0,5.38,0.0,0.87,3.37,4.02,15.39,0.0,26.71,0.0,42.01,35.44,33.85,4.99,2.07,5.22,None,Pyrophyllite
S02421,SYN-021,16.0,18.0,46.56,-132.51,17.0,17.0,20.82,0.0,0.38,2.05,31.52,6.69,0.0,10.55,10.93,1.59,0.0,6.98,48.6,58.19,41.57,Hematite,Water_silica
S02422,SYN-021,18.0,19.5,45.04,-131.97,18.75,18.75,7.34,3.53,0.0,0.0,7.56,8.7,0.0,42.28,0.98,52.35,13.84,11.28,4.83,2.48,3.51,None,Pyrophyllite
S02423,SYN-021,19.5,21.0,43.73,-131.51,20.25,20.25,5.81,1.12,0.0,3.76,18.41,0.0,0.0,5.08,3.38,0.0,3.86,0.54,8.94,77.74,27.69,Hematite,Kaolinite
S02424,SYN-021,21.0,22.5,42.42,-131.05,21.75,21.75,6.14,4.66,0.0,3.78,6.83,9.01,3.6,13.51,0.0,66.56,24.87,8.25,8.24,0.67,1.57,None,Pyrophyllite
S02425,SYN-021,22.5,24.0,41.11,-130.59,23.25,23.25,1.47,25.65,0.0,0.0,17.28,5.54,4.16,0.0,8.96,33.27,4.1,0.14,24.38,58.31,12.78,Hematite,Pyrophyllite
S02426,SYN-021,24.0,25.0,40.02,-130.2,24.5,24.5,2.17,5.09,0.0,1.83,5.24,1.09,4.19,57.17,17.83,69.98,22.1,9.19,10.72,1.87,5.02,None,Pyrophyllite
S02427,SYN-021,25.0,27.0,38.71,-129.74,26.0,26.0,7.04,2.22,0.67,5.05,4.82,0.0,0.0,9.34,21.47,0.0,1.38,1.47,13.16,27.03,35.32,Goethite,Gypsum
S02428,SYN-021,27.0,28.5,37.19,-129.21,27.75,27.75,6.38,33.27,29.96,2.7,12.6,0.0,0.28,8.02,7.8,1.22,2.13,2.96,22.02,42.17,23.12,Hematite,Chlorite
S02429,SYN-021,28.5,30.5,35.66,-128.67,29.5,29.5,4.79,1.68,0.0,0.11,3.31,0.85,2.78,10.75,24.32,0.82,0.0,3.94,15.9,51.7,36.39,Hematite,Gypsum
S02430,SYN-021,30.5,32.0,34.14,-128.13,31.25,31.25,3.24,0.0,0.79,0.06,10.38,3.37,0.0,8.45,10.36,4.52,3.89,0.0,16.29,49.52,44.4,Hematite,Water_silica
S02431,SYN-021,32.0,33.0,33.05,-127.75,32.5,32.5,3.13,0.17,4.72,5.86,0.12,0.94,18.62,8.16,17.37,1.83,1.82,7.26,26.12,70.19,14.63,Hematite,Water_silica
S02432,SYN-021,33.0,34.5,31.96,-127.37,33.75,33.75,38.98,25.03,0.0,3.55,8.69,3.04,0.0,8.11,16.4,1.43,1.36,0.0,5.84,19.36,26.3,Goethite,WhiteMica
S02433,SYN-021,34.5,36.0,30.65,-126.91,35.25,35.25,6.67,0.19,6.03,4.05,7.81,1.77,1.02,4.01,12.97,6.11,4.88,3.43,0.0,44.83,20.74,Hematite,Gypsum
S02434,SYN-021,36.0,37.5,29.34,-126.45,36.75,36.75,100.0,0.69,0.0,2.67,12.37,5.78,4.17,2.24,7.03,1.1,2.35,2.05,30.2,0.0,1.04,None,WhiteMica
S02435,SYN-021,37.5,39.0,28.03,-125.99,38.25,38.25,7.29,0.0,0.0,0.57,15.21,4.58,0.0,1.36,13.01,0.0,0.0,3.08,12.29,41.0,24.67,Hematite,Kaolinite
S02436,SYN-021,39.0,40.0,26.94,-125.6,39.5,39.5,5.5,27.42,0.0,0.0,1.61,9.43,0.0,64.01,0.04,100.0,26.16,7.22,9.47,0.9,20.01,Goethite,Pyrophyllite
S02437,SYN-021,40.0,41.5,25.85,-125.22,40.75,40.75,8.67,0.0,3.86,33.73,12.23,13.07,4.0,20.71,4.84,71.26,11.19,26.34,7.28,2.79,1.87,None,Pyrophyllite
S02438,SYN-021,41.5,43.0,24.54,-124.76,42.25,42.25,13.32,2.95,0.0,1.16,12.79,7.53,3.0,4.93,4.89,1.51,6.59,1.56,5.25,2.96,0.02,None,WhiteMica
S02439,SYN-021,43.0,45.0,23.02,-124.22,44.0,44.0,57.37,2.85,2.76,0.0,7.06,6.47,5.99,5.78,5.41,2.84,2.37,1.02,4.3,21.15,4.78,Hematite,WhiteMica
S02440,SYN-021,45.0,46.0,21.71,-123.76,45.5,45.5,79.73,0.0,4.43,0.0,11.22,6.49,5.15,3.67,28.5,0.0,0.0,2.41,6.52,0.47,6.94,None,WhiteMica
S02441,SYN-021,46.0,47.5,20.62,-123.38,46.75,46.75,65.51,4.66,0.39,3.9,5.55,7.2,5.07,8.36,3.48,0.0,0.14,5.87,10.53,7.54,2.0,None,WhiteMica
S02442,SYN-021,47.5,49.0,19.31,-122.92,48.25,48.25,59.51,19.42,0.0,3.07,6.76,1.43,6.11,4.62,4.47,3.22,2.49,0.46,5.59,14.83,5.48,None,WhiteMica
S02443,SYN-021,49.0,50.5,18.0,-122.46,49.75,49.75,19.8,3.56,1.7,2.59,17.51,2.53,0.0,4.81,8.72,0.0,0.0,9.86,17.19,35.59,26.19,Hematite,WhiteMica
S02444,SYN-021,50.5,52.0,16.7,-122.0,51.25,51.25,20.8,40.09,0.0,0.0,9.43,5.86,4.66,3.26,5.05,1.0,3.31,3.78,20.34,2.61,0.0,None,Chlorite
S02445,SYN-021,52.0,53.5,15.39,-121.54,52.75,52.75,1.78,2.11,1.22,1.28,1.1,8.06,0.0,22.06,0.83,43.1,4.18,11.18,13.02,5.16,0.0,None,Pyrophyllite
S02446,SYN-021,53.5,55.5,13.86,-121.0,54.5,54.5,22.02,0.0,0.0,0.0,6.8,6.65,7.11,2.58,6.91,0.0,0.0,5.58,5.98,0.0,0.53,None,WhiteMica
S02447,SYN-021,55.5,57.0,12.34,-120.46,56.25,56.25,92.74,1.99,1.97,0.0,3.45,4.98,1.43,2.88,5.03,3.35,0.58,5.02,3.4,1.55,2.56,None,WhiteMica
S02448,SYN-021,57.0,58.5,11.03,-120.0,57.75,57.75,9.3,2.59,2.64,0.0,6.57,4.23,0.0,43.92,0.0,88.95,19.27,13.82,13.63,6.59,4.16,None,Pyrophyllite
S02449,SYN-021,58.5,59.5,9.94,-119.62,59.0,59.0,4.96,4.33,2.37,0.0,4.25,7.84,0.9,33.65,0.87,72.59,17.67,7.4,2.56,3.14,0.0,None,Pyrophyllite
S02450,SYN-021,59.5,61.0,8.85,-119.24,60.25,60.25,32.35,0.74,1.03,3.85,11.0,3.76,8.1,1.59,4.29,2.97,0.81,2.85,3.85,3.99,0.61,None,WhiteMica
S02451,SYN-021,61.0,62.5,7.54,-118.78,61.75,61.75,2.92,4.77,0.68,0.0,8.72,7.23,0.52,59.3,4.8,53.83,26.61,9.96,3.73,1.07,4.97,None,Alunite
S02452,SYN-021,62.5,63.5,6.45,-118.39,63.0,63.0,1.77,3.47,3.67,0.0,35.76,8.86,0.0,28.53,0.0,30.44,1.74,4.73,2.78,0.97,0.81,None,Kaolinite
S02453,SYN-021,63.5,65.0,5.36,-118.01,64.25,64.25,58.57,0.0,2.26,0.0,5.02,3.99,2.72,0.22,10.57,1.78,0.0,2.84,3.3,16.8,6.38,Hematite,WhiteMica
S02454,SYN-021,65.0,66.5,4.05,-117.55,65.75,65.75,3.44,0.0,2.33,4.57,3.36,7.67,1.52,32.99,3.13,50.98,24.76,10.33,11.25,41.45,1.09,Hematite,Pyrophyllite
S02455,SYN-021,66.5,68.0,2.75,-117.09,67.25,67.25,0.0,0.0,0.4,1.34,3.87,17.49,3.14,36.56,2.15,86.86,0.0,4.67,6.99,0.88,5.82,None,Pyrophyllite
S02456,SYN-021,68.0,69.5,1.44,-116.63,68.75,68.75,2.96,2.53,23.32,6.83,1.81,11.36,0.0,16.51,0.91,70.23,23.54,8.74,8.21,0.0,4.95,None,Pyrophyllite
S02457,SYN-021,69.5,71.0,0.13,-116.17,70.25,70.25,100.0,2.85,2.11,3.17,6.13,5.21,0.91,0.75,6.11,2.4,3.0,2.28,7.39,4.94,3.12,None,WhiteMica
S02458,SYN-021,71.0,72.5,-1.18,-115.71,71.75,71.75,38.84,0.0,3.26,2.2,11.81,8.47,3.03,2.64,7.77,2.79,1.76,29.47,7.19,0.33,27.2,Goethite,WhiteMica
S02459,SYN-021,72.5,73.5,-2.27,-115.33,73.0,73.0,66.94,0.47,0.18,1.57,9.93,10.12,35.0,5.01,1.11,1.14,0.71,23.48,29.24,3.76,3.23,None,WhiteMica
S02460,SYN-021,73.5,74.5,-3.14,-115.02,74.0,74.0,3.34,0.0,29.64,2.13,6.53,2.17,1.52,13.3,0.42,91.48,23.17,9.6,10.17,3.69,32.6,Goethite,Pyrophyllite
S02461,SYN-021,74.5,76.0,-4.23,-114.64,75.25,75.25,1.31,4.89,0.0,20.15,7.92,10.32,3.61,11.99,4.79,90.17,22.66,12.76,7.96,4.59,0.0,None,Pyrophyllite
S02462,SYN-021,76.0,78.0,-5.76,-114.1,77.0,77.0,17.03,4.27,0.0,0.75,61.68,16.09,8.04,0.59,3.07,1.25,1.48,2.59,1.52,0.0,20.27,Goethite,Kaolinite
S02463,SYN-021,78.0,79.0,-7.06,-113.64,78.5,78.5,85.77,3.96,0.0,0.02,8.63,9.57,3.16,3.82,2.52,2.14,1.81,0.26,1.35,2.94,3.39,None,WhiteMica
S02464,SYN-021,79.0,80.5,-8.15,-113.25,79.75,79.75,5.87,0.0,2.15,0.0,4.81,9.82,0.17,0.0,3.0,62.99,17.24,0.6,5.68,0.0,5.93,None,Pyrophyllite
S02465,SYN-021,80.5,82.5,-9.68,-112.72,81.5,81.5,3.45,2.62,1.4,0.65,5.34,15.38,0.0,30.78,0.0,0.0,0.0,13.78,4.05,2.15,1.49,None,Alunite
S02466,SYN-021,82.5,84.5,-11.42,-112.1,83.5,83.5,2.41,2.0,0.0,22.22,11.15,9.3,0.0,41.43,1.26,57.86,4.76,12.38,7.15,4.15,29.3,Goethite,Pyrophyllite
S02467,SYN-021,84.5,86.0,-12.95,-111.57,85.25,85.25,3.19,0.68,1.85,0.0,8.53,9.17,6.2,24.24,4.31,19.72,11.0,9.91,10.88,0.0,7.64,None,Alunite
S02468,SYN-021,86.0,87.5,-14.26,-111.11,86.75,86.75,4.89,0.0,1.68,0.04,9.64,36.21,4.93,46.69,19.03,92.96,32.74,6.9,1.92,0.9,3.1,None,Pyrophyllite
S02469,SYN-021,87.5,89.0,-15.57,-110.65,88.25,88.25,4.18,0.0,1.69,2.25,0.0,5.19,0.46,18.38,1.86,70.6,50.73,11.85,37.96,0.0,0.0,None,Pyrophyllite
S02470,SYN-021,89.0,91.0,-17.09,-110.11,90.0,90.0,2.25,0.0,1.57,2.3,7.48,13.59,4.15,41.93,0.0,52.5,16.29,14.8,35.9,2.4,2.33,None,Pyrophyllite
S02471,SYN-021,91.0,92.0,-18.4,-109.65,91.5,91.5,4.31,0.0,0.0,0.0,6.68,10.29,0.0,28.23,6.98,44.94,12.79,7.05,11.32,0.0,0.0,None,Pyrophyllite
S02472,SYN-021,92.0,94.0,-19.71,-109.19,93.0,93.0,3.87,29.44,2.68,1.91,2.62,7.75,0.81,22.14,3.0,84.66,18.83,13.25,2.01,3.71,2.02,None,Pyrophyllite
S02473,SYN-021,94.0,95.0,-21.02,-108.73,94.5,94.5,1.15,0.0,0.0,2.58,3.18,7.08,0.0,91.69,5.66,35.58,24.62,11.57,2.21,28.53,7.8,Hematite,Alunite
S02474,SYN-021,95.0,97.0,-22.32,-108.27,96.0,96.0,84.51,0.0,1.59,4.17,2.71,1.79,2.59,3.42,7.58,0.0,2.83,20.21,2.78,1.87,6.09,None,WhiteMica
S02475,SYN-021,97.0,98.0,-23.63,-107.81,97.5,97.5,3.28,2.33,0.0,0.0,19.99,16.11,0.0,25.84,1.95,25.87,20.19,12.51,36.59,2.57,2.88,None,Water_silica
S02476,SYN-021,98.0,99.0,-24.5,-107.5,98.5,98.5,5.45,0.0,2.89,0.0,2.38,12.09,0.0,50.54,1.15,23.74,6.49,10.84,5.68,0.0,2.23,None,Alunite
S02477,SYN-021,99.0,100.0,-25.38,-107.2,99.5,99.5,5.43,2.4,3.54,2.3,3.84,41.99,0.14,65.92,0.0,60.46,29.38,8.09,1.46,0.0,0.69,None,Alunite
S02478,SYN-021,100.0,101.5,-26.47,-106.81,100.75,100.75,10.93,10.84,13.9,7.47,10.68,2.37,25.54,1.38,0.0,1.22,4.6,0.0,15.79,5.65,4.31,None,Montmor
S02479,SYN-021,101.5,103.0,-27.77,-106.35,102.25,102.25,3.43,0.0,14.09,0.0,4.75,14.0,2.27,25.97,30.48,37.61,21.66,3.77,9.9,0.0,2.02,None,Pyrophyllite
S02480,SYN-021,103.0,104.0,-28.86,-105.97,103.5,103.5,11.77,21.27,16.69,6.73,7.85,2.0,16.26,0.96,1.97,0.2,0.15,0.0,3.28,0.0,6.28,None,Chlorite
S02481,SYN-021,104.0,105.5,-29.95,-105.58,104.75,104.75,5.69,6.44,0.68,1.21,7.55,11.54,2.84,22.41,28.18,82.45,13.66,6.29,8.4,1.1,32.0,Goethite,Pyrophyllite
S02482,SYN-021,105.5,107.0,-31.26,-105.12,106.25,106.25,1.55,0.85,0.0,5.29,4.09,5.23,0.89,0.89,3.8,57.35,20.62,10.49,14.98,3.95,3.31,None,Pyrophyllite
S02483,SYN-021,107.0,109.0,-32.79,-104.59,108.0,108.0,1.63,0.0,4.9,0.0,4.79,2.93,0.0,36.2,6.84,22.9,49.11,7.31,3.59,0.0,0.0,None,Diaspore
S02484,SYN-021,109.0,111.0,-34.53,-103.97,110.0,110.0,9.96,20.2,6.97,9.07,15.85,22.9,17.75,0.05,31.96,0.0,4.86,0.0,0.0,1.34,1.48,None,Gypsum
S02485,SYN-021,111.0,112.5,-36.06,-103.44,111.75,111.75,23.25,0.0,1.06,1.48,3.81,3.46,7.53,8.3,5.35,0.85,6.04,7.3,4.9,5.05,7.58,None,WhiteMica
S02486,SYN-021,112.5,113.5,-37.15,-103.05,113.0,113.0,17.78,38.44,6.94,1.31,14.0,2.25,20.82,0.07,0.78,2.89,0.0,0.0,1.88,2.79,20.41,Goethite,Chlorite
S02487,SYN-021,113.5,115.0,-38.24,-102.67,114.25,114.25,14.88,33.1,8.5,1.9,5.09,0.0,11.16,2.32,2.59,5.46,0.0,0.97,5.0,0.0,2.28,None,Chlorite
S02488,SYN-021,115.0,117.0,-39.76,-102.13,116.0,116.0,39.38,3.2,1.83,0.0,9.43,7.78,2.82,7.21,4.96,3.78,2.84,5.04,7.94,4.59,2.34,None,WhiteMica
S02489,SYN-021,117.0,118.0,-41.07,-101.67,117.5,117.5,16.35,13.3,5.76,7.23,15.62,0.06,2.63,35.45,1.81,0.0,0.0,3.35,1.39,1.17,18.92,Goethite,Alunite
S02490,SYN-021,118.0,119.5,-42.16,-101.29,118.75,118.75,5.27,42.59,27.6,7.31,0.0,1.68,19.29,0.0,1.76,0.0,17.18,0.0,0.96,20.98,3.87,Hematite,Chlorite
S02491,SYN-021,119.5,121.5,-43.69,-100.75,120.5,120.5,32.95,25.39,4.05,3.65,22.12,0.56,14.02,3.59,23.5,0.0,3.11,0.0,0.0,0.05,1.53,None,WhiteMica
S02492,SYN-021,121.5,123.5,-45.43,-100.14,122.5,122.5,14.88,44.8,12.11,3.84,13.75,1.44,19.39,0.0,0.0,0.61,0.0,7.53,2.19,4.47,5.05,None,Chlorite
S02493,SYN-021,123.5,125.0,-46.96,-99.6,124.25,124.25,5.99,27.51,11.97,12.44,0.0,3.44,0.56,1.14,0.0,0.0,0.0,2.34,2.1,1.18,1.32,None,Chlorite
S02494,SYN-021,125.0,126.5,-48.27,-99.14,125.75,125.75,20.36,15.82,11.8,8.73,41.9,0.57,26.66,0.73,15.24,0.0,0.0,0.0,0.42,2.56,4.32,None,Kaolinite
S02495,SYN-021,126.5,128.0,-49.57,-98.68,127.25,127.25,21.17,21.89,11.11,4.51,2.99,3.96,7.82,0.0,13.52,4.16,5.69,2.52,1.28,0.0,0.0,None,Chlorite
S02496,SYN-021,128.0,130.0,-51.1,-98.15,129.0,129.0,15.55,27.08,11.59,4.82,45.37,0.0,20.93,1.35,0.0,2.47,0.87,2.29,0.0,5.74,0.94,None,Kaolinite
S02497,SYN-021,130.0,131.0,-52.41,-97.68,130.5,130.5,46.09,15.96,3.41,20.83,9.21,0.0,15.64,1.87,0.0,5.94,4.92,0.14,2.04,5.27,0.0,None,WhiteMica
S02498,SYN-021,131.0,132.0,-53.28,-97.38,131.5,131.5,0.0,31.37,8.56,5.84,2.75,1.91,50.14,16.56,3.29,22.55,0.0,2.96,27.72,0.0,3.53,None,Montmor
S02499,SYN-021,132.0,133.5,-54.37,-96.99,132.75,132.75,23.43,8.28,0.48,11.52,0.0,2.34,25.65,0.0,0.29,0.0,3.04,0.69,1.34,5.84,3.64,None,Montmor
S02500,SYN-021,133.5,134.5,-55.46,-96.61,134.0,134.0,16.15,39.46,7.84,5.49,4.4,6.12,11.55,0.0,0.0,3.89,3.78,0.81,0.0,0.0,1.85,None,Chlorite
S02501,SYN-021,134.5,136.0,-56.55,-96.23,135.25,135.25,8.95,32.41,18.74,12.09,0.0,0.37,21.27,3.78,0.09,3.22,2.19,0.0,0.0,0.0,3.52,None,Chlorite
S02502,SYN-021,136.0,137.5,-57.86,-95.77,136.75,136.75,17.46,17.32,8.68,7.85,12.6,0.0,33.83,2.68,5.38,1.46,3.22,5.36,3.22,1.48,0.0,None,Montmor
S02503,SYN-021,137.5,139.5,-59.38,-95.23,138.5,138.5,11.78,8.25,10.22,2.73,17.44,3.95,32.34,6.61,5.46,1.57,4.35,3.88,4.58,2.46,5.94,None,Montmor
S02504,SYN-021,139.5,141.5,-61.13,-94.62,140.5,140.5,46.01,45.34,3.43,5.49,18.67,29.91,17.61,1.63,0.0,2.18,0.53,3.54,1.67,4.22,5.09,None,WhiteMica
S02505,SYN-021,141.5,143.0,-62.65,-94.08,142.25,142.25,16.12,28.46,5.82,9.14,8.37,0.0,21.7,0.0,26.01,0.0,0.0,0.0,0.0,1.78,0.5,None,Chlorite
S02506,SYN-021,143.0,145.0,-64.18,-93.54,144.0,144.0,1.8,45.16,8.04,11.76,11.47,0.87,0.0,0.47,4.84,14.64,18.27,2.44,20.46,0.0,0.0,None,Chlorite
S02507,SYN-021,145.0,146.5,-65.7,-93.01,145.75,145.75,26.77,24.99,14.76,2.34,12.0,0.5,17.23,0.39,0.0,4.63,0.32,3.24,1.64,4.68,1.63,None,WhiteMica
S02508,SYN-021,146.5,148.0,-67.01,-92.55,147.25,147.25,8.42,32.63,8.99,1.75,0.92,3.34,55.75,5.67,3.8,0.44,4.91,0.0,0.0,1.57,3.43,None,Montmor
S02509,SYN-021,148.0,149.0,-68.1,-92.16,148.5,148.5,31.56,27.57,11.18,6.89,17.27,2.09,10.39,0.0,3.77,0.0,2.7,3.36,2.0,17.56,3.15,Hematite,WhiteMica
S02510,SYN-021,149.0,151.0,-69.41,-91.7,150.0,150.0,17.23,36.1,14.6,5.49,15.2,0.0,10.97,3.01,2.79,0.6,3.46,0.0,0.0,4.39,0.21,None,Chlorite
S02511,SYN-021,151.0,153.0,-71.15,-91.09,152.0,152.0,20.79,16.42,9.45,5.73,13.46,0.76,16.62,0.0,0.33,2.84,0.0,2.05,0.7,0.61,1.79,None,WhiteMica
S02512,SYN-021,153.0,155.0,-72.9,-90.48,154.0,154.0,23.78,25.45,10.0,3.87,16.94,1.11,26.1,1.88,4.68,4.95,0.0,2.03,2.65,1.38,3.68,None,Montmor
S02513,SYN-021,155.0,157.0,-74.64,-89.86,156.0,156.0,6.46,28.95,12.25,8.04,33.04,3.95,9.48,4.43,0.0,0.0,0.98,4.0,3.88,3.63,1.85,None,Kaolinite
S02514,SYN-021,157.0,159.0,-76.39,-89.25,158.0,158.0,22.68,16.67,9.2,7.9,14.27,0.17,13.4,4.27,3.3,1.81,4.37,0.54,1.18,4.42,3.12,None,WhiteMica
S02515,SYN-021,159.0,160.0,-77.69,-88.79,159.5,159.5,12.93,23.5,7.19,12.81,13.2,0.0,4.07,3.76,0.58,1.12,0.0,0.0,2.73,0.48,5.34,None,Chlorite
S02516,SYN-022,0.0,2.0,63.54,-57.64,1.0,1.0,6.88,1.05,4.4,27.04,17.61,5.03,0.15,4.03,27.27,3.48,2.31,1.87,16.0,12.54,7.84,None,Gypsum
S02517,SYN-022,2.0,3.5,64.82,-56.85,2.75,2.75,4.74,1.51,5.16,0.76,15.21,0.0,3.18,7.84,18.18,21.74,0.68,0.0,11.84,14.43,31.68,Goethite,Pyrophyllite
S02518,SYN-022,3.5,5.0,65.91,-56.18,4.25,4.25,5.44,1.14,2.37,26.63,10.37,31.86,0.0,2.12,4.68,3.87,0.0,0.0,31.55,66.38,23.75,Hematite,Dickite
S02519,SYN-022,5.0,6.5,67.01,-55.51,5.75,5.75,9.15,0.0,0.0,3.98,11.75,1.2,0.0,6.29,6.37,0.62,1.63,21.96,28.16,58.13,11.84,Hematite,Water_silica
S02520,SYN-022,6.5,8.0,68.1,-54.84,7.25,7.25,3.37,0.0,0.0,3.26,8.77,16.93,11.6,37.46,1.53,51.36,41.46,1.16,4.43,1.93,1.3,None,Pyrophyllite
S02521,SYN-022,8.0,9.5,69.2,-54.16,8.75,8.75,9.82,0.0,0.0,5.2,11.73,0.0,0.0,14.95,18.26,0.0,2.11,1.55,0.0,20.41,13.26,Hematite,Gypsum
S02522,SYN-022,9.5,10.5,70.11,-53.6,10.0,10.0,2.7,0.4,0.0,0.57,4.69,0.0,2.54,7.73,14.84,0.0,3.4,4.31,12.55,7.83,6.01,None,Gypsum
S02523,SYN-022,10.5,11.5,70.84,-53.16,11.0,11.0,5.44,1.9,5.92,0.0,15.16,2.16,0.3,8.17,3.47,0.0,0.0,0.0,21.12,42.53,52.48,Goethite,Water_silica
S02524,SYN-022,11.5,13.0,71.75,-52.6,12.25,12.25,8.27,35.33,0.24,5.31,40.38,2.86,1.26,27.68,30.91,0.0,0.18,2.11,20.64,58.55,27.49,Hematite,Kaolinite
S02525,SYN-022,13.0,15.0,73.03,-51.81,14.0,14.0,11.08,0.0,2.01,5.34,13.31,34.44,1.29,8.76,0.0,0.1,1.95,3.51,11.45,11.46,32.58,Goethite,Dickite
S02526,SYN-022,15.0,16.5,74.3,-51.03,15.75,15.75,10.81,0.6,0.0,32.97,0.0,3.85,0.0,6.1,11.99,5.35,3.97,1.05,28.73,80.86,46.04,Hematite,Epidote
S02527,SYN-022,16.5,18.0,75.4,-50.36,17.25,17.25,20.87,0.38,0.0,5.68,12.04,0.0,5.42,7.41,15.02,13.95,3.47,1.19,10.6,65.44,62.31,Hematite,WhiteMica
S02528,SYN-022,18.0,19.5,76.49,-49.68,18.75,18.75,9.44,3.15,1.27,2.02,14.53,0.22,0.0,6.05,10.61,28.26,0.0,30.63,17.77,21.59,18.95,Hematite,Zunyite
S02529,SYN-022,19.5,21.0,77.59,-49.01,20.25,20.25,6.16,3.01,0.39,0.0,42.21,0.0,2.96,2.63,20.28,2.57,2.5,0.0,17.38,66.79,21.33,Hematite,Kaolinite
S02530,SYN-022,21.0,22.0,78.5,-48.45,21.5,21.5,8.82,0.0,0.57,0.0,7.75,1.55,4.39,12.22,18.13,14.27,0.0,0.0,19.97,46.33,15.22,Hematite,Water_silica
S02531,SYN-022,22.0,24.0,79.59,-47.78,23.0,23.0,41.8,1.08,0.0,0.0,3.87,2.42,0.85,4.82,15.8,28.5,0.17,4.68,13.34,55.69,25.99,Hematite,WhiteMica
S02532,SYN-022,24.0,25.0,80.69,-47.11,24.5,24.5,20.13,1.89,1.02,24.26,3.55,4.55,1.35,13.76,14.45,4.41,0.42,4.69,21.93,26.07,5.12,Hematite,Epidote
S02533,SYN-022,25.0,26.5,81.6,-46.55,25.75,25.75,7.74,0.0,2.67,2.56,1.24,10.94,5.18,43.1,0.0,48.65,21.34,5.9,5.32,0.0,5.11,None,Pyrophyllite
S02534,SYN-022,26.5,28.5,82.88,-45.76,27.5,27.5,7.48,2.26,5.07,0.03,10.69,0.0,2.53,5.25,18.29,22.8,0.0,4.32,11.22,53.71,44.38,Hematite,Pyrophyllite
S02535,SYN-022,28.5,30.0,84.15,-44.98,29.25,29.25,8.72,29.1,0.0,0.0,8.94,2.13,0.27,3.11,13.58,4.02,21.14,2.13,20.7,83.99,34.22,Hematite,Chlorite
S02536,SYN-022,30.0,32.0,85.43,-44.2,31.0,31.0,5.95,1.13,3.44,29.55,8.88,4.79,0.0,14.97,5.38,7.17,3.53,2.51,13.35,64.31,25.31,Hematite,Epidote
S02537,SYN-022,32.0,33.5,86.71,-43.41,32.75,32.75,5.33,4.12,0.0,3.34,16.88,0.0,0.58,2.67,41.08,0.0,0.2,0.17,29.28,55.97,9.5,Hematite,Gypsum
S02538,SYN-022,33.5,35.5,87.99,-42.63,34.5,34.5,1.76,0.0,0.0,0.0,4.35,0.0,5.31,0.0,25.93,0.81,1.63,0.27,16.0,6.97,46.06,Goethite,Gypsum
S02539,SYN-022,35.5,37.0,89.26,-41.84,36.25,36.25,4.41,0.0,6.48,0.0,6.61,38.16,2.77,52.04,1.84,53.97,30.18,4.03,11.53,1.0,2.77,None,Pyrophyllite
S02540,SYN-022,37.0,39.0,90.54,-41.06,38.0,38.0,3.31,0.29,1.57,2.5,7.05,18.12,4.76,17.23,3.21,83.98,12.71,8.95,0.87,5.72,2.57,None,Pyrophyllite
S02541,SYN-022,39.0,40.5,91.82,-40.28,39.75,39.75,37.73,0.0,1.93,3.7,7.13,5.21,5.64,58.94,0.54,53.09,10.02,11.13,6.67,0.0,0.0,None,Alunite
S02542,SYN-022,40.5,42.5,93.09,-39.49,41.5,41.5,3.28,0.0,2.15,0.0,4.65,0.0,0.0,27.94,1.09,40.33,14.2,27.99,8.86,6.55,4.85,None,Pyrophyllite
S02543,SYN-022,42.5,44.5,94.55,-38.59,43.5,43.5,9.59,0.0,1.7,0.0,3.12,20.84,3.25,37.24,1.73,67.78,24.82,2.69,12.19,6.61,7.82,None,Pyrophyllite
S02544,SYN-022,44.5,46.0,95.83,-37.81,45.25,45.25,2.72,30.32,7.08,1.27,10.1,7.61,0.0,31.03,2.43,46.18,25.76,6.66,4.79,0.0,0.33,None,Pyrophyllite
S02545,SYN-022,46.0,48.0,97.11,-37.03,47.0,47.0,1.47,4.2,0.0,3.64,3.69,10.53,3.78,20.89,1.54,69.95,19.31,4.27,8.92,0.0,0.6,None,Pyrophyllite
S02546,SYN-022,48.0,49.5,98.38,-36.24,48.75,48.75,3.58,0.56,0.0,0.0,2.98,16.26,3.27,14.74,1.73,64.8,11.14,21.64,5.61,2.05,24.82,Goethite,Pyrophyllite
S02547,SYN-022,49.5,51.0,99.48,-35.57,50.25,50.25,3.38,1.16,0.38,1.09,6.05,13.79,0.0,35.03,16.35,30.58,32.42,10.79,3.44,0.99,18.08,Goethite,Alunite
S02548,SYN-022,51.0,53.0,100.75,-34.79,52.0,52.0,1.98,0.0,5.55,0.0,4.0,0.0,2.21,18.12,3.12,24.15,8.59,8.4,20.47,4.66,1.27,None,Pyrophyllite
S02549,SYN-022,53.0,54.5,102.03,-34.0,53.75,53.75,10.5,1.38,0.0,1.26,8.84,22.6,0.0,28.83,26.28,47.46,14.29,8.17,6.86,3.95,7.19,None,Pyrophyllite
S02550,SYN-022,54.5,56.0,103.12,-33.33,55.25,55.25,4.8,1.77,2.28,3.82,5.28,8.15,0.35,26.07,0.0,66.76,12.3,13.74,9.68,1.82,1.85,None,Pyrophyllite
S02551,SYN-022,56.0,57.0,104.04,-32.77,56.5,56.5,5.16,0.65,3.88,1.46,9.19,37.21,0.0,26.78,0.0,99.4,26.6,4.84,48.09,0.0,3.07,None,Pyrophyllite
S02552,SYN-022,57.0,58.0,104.77,-32.32,57.5,57.5,2.85,2.19,3.15,0.31,7.21,12.46,3.47,6.09,2.35,28.51,16.57,12.09,9.44,1.34,3.84,None,Pyrophyllite
S02553,SYN-022,58.0,60.0,105.86,-31.65,59.0,59.0,2.56,1.97,3.75,1.12,4.95,10.02,0.0,0.0,0.0,31.5,65.93,6.99,7.85,8.38,4.9,None,Diaspore
S02554,SYN-022,60.0,61.5,107.14,-30.87,60.75,60.75,6.56,0.0,4.74,0.0,9.01,8.93,0.0,44.08,1.86,80.5,24.49,17.1,9.84,2.6,4.1,None,Pyrophyllite
S02555,SYN-022,61.5,63.0,108.23,-30.19,62.25,62.25,65.89,0.58,0.0,0.0,10.27,9.51,0.0,0.72,3.43,6.86,0.0,0.0,0.0,5.63,8.16,None,WhiteMica
S02556,SYN-022,63.0,64.0,109.14,-29.63,63.5,63.5,0.0,4.18,1.97,0.0,4.24,4.99,0.0,48.21,1.06,80.37,10.46,9.07,5.19,2.98,6.43,None,Pyrophyllite
S02557,SYN-022,64.0,65.5,110.06,-29.07,64.75,64.75,1.14,12.41,0.06,4.21,5.14,4.2,0.66,0.0,1.37,68.75,15.43,19.81,10.69,6.39,6.93,None,Pyrophyllite
S02558,SYN-022,65.5,67.5,111.33,-28.29,66.5,66.5,3.38,32.97,1.57,5.29,7.43,9.25,2.23,38.02,2.43,72.8,13.68,6.7,5.47,1.88,1.35,None,Pyrophyllite
S02559,SYN-022,67.5,69.5,112.79,-27.39,68.5,68.5,7.38,2.25,0.35,0.0,6.61,3.75,4.19,35.13,4.17,86.87,29.21,3.48,9.01,31.22,3.81,Hematite,Pyrophyllite
S02560,SYN-022,69.5,70.5,113.89,-26.72,70.0,70.0,3.06,6.13,7.5,2.66,4.18,17.42,2.48,12.93,1.16,81.82,24.85,15.73,7.03,4.48,7.21,None,Pyrophyllite
S02561,SYN-022,70.5,72.0,114.8,-26.16,71.25,71.25,5.04,4.14,0.0,3.35,1.85,10.44,2.66,44.93,0.0,38.75,5.15,5.48,6.87,2.27,2.01,None,Alunite
S02562,SYN-022,72.0,73.5,115.89,-25.49,72.75,72.75,4.07,1.77,2.41,0.0,5.95,19.42,3.05,48.39,1.98,67.0,22.25,12.55,13.56,2.28,2.03,None,Pyrophyllite
S02563,SYN-022,73.5,75.0,116.99,-24.82,74.25,74.25,32.82,13.26,10.07,0.02,4.04,8.04,3.24,47.25,2.98,84.12,17.49,11.47,4.6,0.0,5.31,None,Pyrophyllite
S02564,SYN-022,75.0,76.5,118.08,-24.14,75.75,75.75,0.04,0.0,1.53,0.0,6.08,7.34,3.78,57.13,0.0,48.97,7.67,3.85,9.56,1.1,4.17,None,Alunite
S02565,SYN-022,76.5,78.0,119.18,-23.47,77.25,77.25,5.84,2.53,17.84,5.95,4.86,12.66,7.46,46.4,0.0,65.38,11.3,2.56,6.27,8.28,2.95,None,Pyrophyllite
S02566,SYN-022,78.0,79.5,120.27,-22.8,78.75,78.75,100.0,0.19,2.81,0.0,8.91,3.39,4.12,4.76,8.63,1.67,8.25,0.0,5.62,6.55,3.68,None,WhiteMica
S02567,SYN-022,79.5,81.0,121.37,-22.13,80.25,80.25,3.5,1.56,2.89,5.33,25.23,8.83,3.2,20.03,1.27,41.63,16.25,11.59,11.06,1.84,0.0,None,Pyrophyllite
S02568,SYN-022,81.0,82.5,122.46,-21.46,81.75,81.75,6.31,0.0,2.95,0.0,5.28,14.38,1.92,32.25,0.0,32.56,0.07,6.8,3.07,0.0,2.16,None,Pyrophyllite
S02569,SYN-022,82.5,84.0,123.55,-20.78,83.25,83.25,1.95,3.28,4.74,0.0,5.8,16.47,0.04,68.21,1.54,66.42,19.79,8.07,6.62,5.16,0.88,None,Alunite
S02570,SYN-022,84.0,86.0,124.83,-20.0,85.0,85.0,4.06,1.3,4.54,3.13,7.88,14.95,1.97,53.87,0.0,79.03,18.69,8.61,4.51,2.79,7.01,None,Pyrophyllite
S02571,SYN-022,86.0,87.5,126.11,-19.22,86.75,86.75,38.12,4.39,31.25,4.2,6.29,6.49,10.11,0.03,32.25,0.0,0.0,0.7,6.7,3.26,2.55,None,WhiteMica
S02572,SYN-022,87.5,89.0,127.2,-18.54,88.25,88.25,45.12,0.0,0.1,4.76,6.18,2.94,2.34,3.67,5.82,0.48,2.17,1.38,6.76,1.32,3.21,None,WhiteMica
S02573,SYN-022,89.0,91.0,128.48,-17.76,90.0,90.0,3.74,3.3,1.03,2.56,7.14,16.14,4.08,28.38,3.54,75.1,15.94,25.98,13.49,5.81,5.75,None,Pyrophyllite
S02574,SYN-022,91.0,93.0,129.94,-16.86,92.0,92.0,68.95,0.05,4.02,3.92,8.78,6.75,2.75,0.0,6.66,0.0,0.68,1.84,6.8,2.72,6.88,None,WhiteMica
S02575,SYN-022,93.0,94.0,131.03,-16.19,93.5,93.5,74.17,3.37,0.0,0.84,3.49,4.26,3.99,1.48,5.18,26.07,0.9,0.0,7.66,3.64,3.67,None,WhiteMica
S02576,SYN-022,94.0,95.5,131.94,-15.63,94.75,94.75,75.75,0.0,3.83,0.0,8.33,6.49,8.86,30.3,4.15,1.48,2.15,0.0,4.44,0.0,0.87,None,WhiteMica
S02577,SYN-022,95.5,97.0,133.04,-14.96,96.25,96.25,35.91,27.58,0.0,0.0,3.0,2.73,4.1,1.86,4.6,0.0,2.34,4.24,6.88,0.12,1.63,None,WhiteMica
S02578,SYN-022,97.0,98.5,134.13,-14.29,97.75,97.75,22.69,4.24,0.0,3.06,54.83,9.72,6.18,0.0,4.15,0.47,1.87,0.02,2.63,0.0,3.74,None,Kaolinite
S02579,SYN-022,98.5,99.5,135.05,-13.73,99.0,99.0,32.93,2.85,1.44,2.27,35.97,7.47,11.07,3.63,3.34,0.0,0.0,1.52,26.22,22.24,3.81,Hematite,Kaolinite
S02580,SYN-022,99.5,101.0,135.96,-13.17,100.25,100.25,44.11,0.66,0.0,0.0,4.21,1.59,28.73,31.52,19.24,0.89,4.65,2.73,0.38,2.26,0.98,None,WhiteMica
S02581,SYN-022,101.0,102.5,137.05,-12.5,101.75,101.75,63.62,3.39,0.0,1.09,8.64,24.81,5.91,1.28,4.93,3.13,0.0,31.19,3.89,0.0,0.0,None,WhiteMica
S02582,SYN-022,102.5,104.0,138.15,-11.82,103.25,103.25,32.49,19.19,3.3,2.43,11.73,25.03,38.66,0.0,0.0,0.51,5.79,9.04,1.19,2.83,0.0,None,Montmor
S02583,SYN-022,104.0,106.0,139.42,-11.04,105.0,105.0,90.95,3.38,1.49,4.67,10.1,6.19,5.72,0.64,6.15,1.49,2.2,3.62,5.87,2.36,0.03,None,WhiteMica
S02584,SYN-022,106.0,107.5,140.7,-10.26,106.75,106.75,51.78,30.77,3.02,4.66,9.23,11.76,6.22,4.03,4.84,0.0,2.72,3.64,3.77,0.0,2.45,None,WhiteMica
S02585,SYN-022,107.5,109.5,141.98,-9.47,108.5,108.5,57.42,0.0,4.43,0.0,3.99,10.07,2.34,6.01,8.54,3.92,7.08,6.76,2.47,0.21,2.21,None,WhiteMica
S02586,SYN-022,109.5,111.5,143.44,-8.57,110.5,110.5,14.64,29.21,7.31,1.28,10.65,2.12,9.65,4.84,6.31,0.0,0.0,2.11,1.98,2.63,9.17,None,Chlorite
S02587,SYN-022,111.5,113.5,144.9,-7.68,112.5,112.5,22.54,27.14,38.45,11.55,12.72,0.0,23.93,2.12,0.0,14.5,5.25,21.62,0.0,0.0,2.39,None,Carbonate
S02588,SYN-022,113.5,114.5,145.99,-7.01,114.0,114.0,14.72,18.3,32.9,5.86,8.92,34.21,16.27,4.76,0.13,0.0,1.8,0.28,2.18,17.35,33.59,Goethite,Dickite
S02589,SYN-022,114.5,116.5,147.08,-6.33,115.5,115.5,31.82,26.74,6.52,4.77,26.73,1.25,12.22,3.9,3.23,0.86,2.54,1.93,4.62,0.14,3.89,None,WhiteMica
S02590,SYN-022,116.5,117.5,148.18,-5.66,117.0,117.0,12.31,17.92,2.2,6.51,19.34,2.28,12.26,1.99,4.3,0.07,2.64,0.0,2.12,0.0,8.0,None,Kaolinite
S02591,SYN-022,117.5,119.0,149.09,-5.1,118.25,118.25,24.39,26.53,14.17,2.23,17.9,1.75,16.3,0.59,0.0,0.0,0.0,0.0,2.25,0.0,3.01,None,Chlorite
S02592,SYN-022,119.0,121.0,150.37,-4.32,120.0,120.0,20.51,26.67,10.31,7.01,9.14,0.0,18.35,7.11,4.8,0.53,0.49,2.39,0.0,0.0,2.94,None,Chlorite
S02593,SYN-022,121.0,122.5,151.64,-3.53,121.75,121.75,45.12,2.91,3.02,0.0,21.61,16.39,10.11,0.0,5.97,3.62,4.08,13.47,2.01,27.95,3.71,Hematite,WhiteMica
S02594,SYN-022,122.5,124.0,152.74,-2.86,123.25,123.25,31.22,1.09,35.67,0.0,1.26,1.58,3.59,2.51,4.24,12.88,2.45,0.66,14.81,0.0,7.55,None,Carbonate
S02595,SYN-022,124.0,125.5,153.83,-2.19,124.75,124.75,18.91,45.47,33.97,15.96,6.83,0.0,6.64,0.0,1.18,5.86,0.83,2.35,2.05,1.56,6.93,None,Chlorite
S02596,SYN-022,125.5,127.5,155.11,-1.41,126.5,126.5,17.65,40.39,0.0,8.9,10.86,0.0,13.06,14.83,0.98,0.0,4.23,2.99,0.0,1.83,4.9,None,Chlorite
S02597,SYN-022,127.5,129.0,156.39,-0.62,128.25,128.25,11.2,20.6,5.66,8.31,12.62,28.54,45.62,0.0,0.78,0.23,0.99,8.82,2.83,6.84,4.07,None,Montmor
S02598,SYN-022,129.0,130.5,157.48,0.05,129.75,129.75,32.79,0.0,19.47,0.0,48.52,14.48,4.44,6.9,4.84,30.84,2.03,13.91,4.62,0.0,0.86,None,Kaolinite
S02599,SYN-022,130.5,132.5,158.76,0.83,131.5,131.5,52.47,4.63,0.0,0.0,60.68,10.88,8.02,0.0,3.3,2.18,18.87,2.23,0.0,0.19,0.0,None,Kaolinite
S02600,SYN-022,132.5,133.5,159.85,1.51,133.0,133.0,0.0,15.59,7.92,8.54,4.18,22.07,15.33,1.49,1.16,0.63,4.76,22.75,4.8,2.71,1.88,None,Zunyite
S02601,SYN-022,133.5,134.5,160.58,1.95,134.0,134.0,50.73,11.78,4.82,6.52,14.59,0.79,22.23,2.09,0.0,0.0,5.75,0.0,15.79,1.67,6.83,None,WhiteMica
S02602,SYN-022,134.5,136.0,161.49,2.51,135.25,135.25,45.03,0.0,0.0,3.05,48.35,26.73,1.49,0.0,6.29,2.33,2.43,5.34,2.3,0.91,7.47,None,Kaolinite
S02603,SYN-022,136.0,138.0,162.77,3.3,137.0,137.0,25.16,28.65,0.9,2.14,55.57,14.05,7.88,2.05,6.94,2.74,0.0,2.01,15.51,3.35,0.0,None,Kaolinite
S02604,SYN-022,138.0,139.0,163.87,3.97,138.5,138.5,31.21,17.48,13.11,10.33,17.84,0.0,5.02,0.0,2.22,18.08,2.67,0.0,0.6,0.0,6.37,None,WhiteMica
S02605,SYN-022,139.0,140.0,164.6,4.42,139.5,139.5,24.42,28.58,6.34,28.7,0.0,0.0,20.02,0.0,1.71,5.72,1.68,2.87,3.59,1.21,18.09,Goethite,Epidote
S02606,SYN-022,140.0,141.0,165.32,4.87,140.5,140.5,21.04,16.84,8.17,0.0,75.21,14.91,9.13,2.57,1.7,22.42,0.6,0.0,0.0,0.51,6.12,None,Kaolinite
S02607,SYN-022,141.0,143.0,166.42,5.54,142.0,142.0,27.69,0.0,3.41,1.56,41.8,13.13,9.61,0.0,16.3,0.0,0.0,0.0,0.88,4.15,1.87,None,Kaolinite
S02608,SYN-022,143.0,144.0,167.51,6.21,143.5,143.5,100.0,2.98,3.36,0.0,7.97,6.98,7.81,5.57,40.71,0.0,0.0,30.2,6.66,0.0,5.05,None,WhiteMica
S02609,SYN-022,144.0,145.5,168.43,6.77,144.75,144.75,18.66,32.1,2.13,0.0,81.47,12.65,4.4,5.43,24.14,4.99,28.41,1.59,0.0,1.37,0.0,None,Kaolinite
S02610,SYN-022,145.5,147.5,169.7,7.56,146.5,146.5,18.53,29.3,10.06,4.56,7.14,2.83,16.3,0.0,0.28,0.0,0.0,1.41,0.0,1.48,0.0,None,Chlorite
S02611,SYN-022,147.5,148.5,170.8,8.23,148.0,148.0,24.64,24.93,20.68,3.82,18.63,4.43,10.86,2.33,1.71,0.0,19.34,5.43,2.37,0.82,9.25,None,Chlorite
S02612,SYN-022,148.5,150.0,171.71,8.79,149.25,149.25,62.03,0.0,0.0,4.17,1.16,2.5,6.02,1.57,4.45,1.43,4.64,0.83,4.73,0.41,1.87,None,WhiteMica
S02613,SYN-022,150.0,151.5,172.8,9.46,150.75,150.75,4.23,2.28,0.0,6.32,53.84,8.72,5.34,2.02,5.57,36.26,31.59,0.0,0.0,1.54,0.16,None,Kaolinite
S02614,SYN-022,151.5,153.5,174.08,10.24,152.5,152.5,19.62,5.65,0.0,2.64,37.49,9.05,8.89,0.58,8.17,11.16,5.51,0.18,0.0,4.62,2.12,None,Kaolinite
S02615,SYN-022,153.5,155.0,175.36,11.03,154.25,154.25,86.13,0.0,0.0,1.78,11.4,5.2,7.02,2.75,4.45,0.0,0.09,23.32,4.91,3.49,42.03,Goethite,WhiteMica
S02616,SYN-022,155.0,156.5,176.45,11.7,155.75,155.75,21.77,19.07,10.53,4.12,14.02,0.0,19.08,0.03,0.69,3.07,0.44,3.0,0.0,0.07,5.92,None,WhiteMica
S02617,SYN-022,156.5,157.5,177.36,12.26,157.0,157.0,19.46,2.28,34.9,3.17,8.95,11.07,12.5,2.17,17.33,32.65,0.0,0.0,0.0,0.05,1.35,None,Carbonate
S02618,SYN-022,157.5,159.0,178.28,12.82,158.25,158.25,6.24,0.0,0.95,4.64,43.74,6.81,8.33,4.23,5.15,6.17,0.0,0.0,2.53,0.0,2.84,None,Kaolinite
S02619,SYN-022,159.0,161.0,179.55,13.6,160.0,160.0,21.28,13.27,0.53,3.74,56.46,6.18,5.99,18.65,0.0,0.79,2.61,1.54,3.26,4.37,4.26,None,Kaolinite
S02620,SYN-022,161.0,162.0,180.65,14.28,161.5,161.5,58.78,4.91,3.17,0.31,4.11,0.91,4.86,7.46,11.41,2.02,0.0,0.0,5.97,0.35,4.71,None,WhiteMica
S02621,SYN-022,162.0,163.5,181.56,14.84,162.75,162.75,1.54,23.8,25.54,1.28,34.74,11.52,11.49,1.68,0.95,27.69,0.0,0.0,6.14,0.0,4.3,None,Kaolinite
S02622,SYN-022,163.5,165.5,182.84,15.62,164.5,164.5,35.76,3.48,0.0,28.89,68.36,17.34,8.46,0.0,5.63,0.0,2.29,0.0,0.19,2.04,0.66,None,Kaolinite
S02623,SYN-022,165.5,166.5,183.93,16.29,166.0,166.0,24.41,1.36,15.89,4.42,49.72,0.81,8.64,0.0,1.74,2.33,2.85,2.41,3.19,2.5,2.46,None,Kaolinite
S02624,SYN-022,166.5,168.0,184.84,16.85,167.25,167.25,22.96,2.2,4.67,1.27,11.66,9.89,10.87,0.0,3.63,0.01,0.0,0.27,1.65,1.1,0.27,None,WhiteMica
S02625,SYN-022,168.0,169.5,185.94,17.52,168.75,168.75,60.23,0.0,30.37,0.14,16.04,1.75,7.64,2.56,3.12,8.35,4.52,1.21,5.68,2.07,5.42,None,WhiteMica
S02626,SYN-022,169.5,171.0,187.03,18.2,170.25,170.25,18.84,2.09,0.0,0.0,4.54,3.69,5.73,5.67,5.9,4.1,1.53,1.3,8.67,1.36,2.8,None,WhiteMica
S02627,SYN-023,0.0,1.5,177.89,-72.82,0.75,0.75,7.85,0.0,0.0,0.0,8.44,0.0,2.62,2.79,15.44,0.78,0.24,0.0,19.4,58.14,22.36,Hematite,Water_silica
S02628,SYN-023,1.5,3.0,177.48,-74.1,2.25,2.25,22.94,0.0,4.29,0.0,17.62,2.76,1.39,22.48,40.37,0.0,0.0,1.72,26.8,50.68,49.82,Hematite,Gypsum
S02629,SYN-023,3.0,4.0,177.13,-75.16,3.5,3.5,3.51,1.58,3.4,35.73,8.6,0.0,3.09,3.18,14.68,0.12,0.0,2.38,19.71,26.6,24.16,Hematite,Epidote
S02630,SYN-023,4.0,5.5,176.78,-76.23,4.75,4.75,5.12,2.82,0.0,1.02,10.3,2.4,0.84,5.97,6.6,4.71,5.57,0.0,24.51,35.88,28.88,Hematite,Water_silica
S02631,SYN-023,5.5,7.0,176.36,-77.51,6.25,6.25,6.42,0.0,1.92,1.9,9.21,0.66,1.27,0.68,11.48,1.45,0.0,3.48,22.76,40.33,12.23,Hematite,Water_silica
S02632,SYN-023,7.0,8.5,175.94,-78.79,7.75,7.75,4.49,1.67,4.2,5.08,13.18,5.7,0.12,11.91,19.93,7.42,2.79,4.27,22.47,52.13,43.17,Hematite,Water_silica
S02633,SYN-023,8.5,9.5,175.59,-79.85,9.0,9.0,6.01,2.71,4.59,8.31,0.75,3.17,26.86,9.51,16.51,0.18,2.18,0.0,16.38,14.73,6.88,None,Montmor
S02634,SYN-023,9.5,11.5,175.18,-81.13,10.5,10.5,1.28,2.57,0.19,2.8,35.12,0.0,0.0,3.44,25.73,4.97,0.0,18.12,24.94,42.99,37.75,Hematite,Kaolinite
S02635,SYN-023,11.5,12.5,174.76,-82.41,12.0,12.0,9.64,25.17,0.0,2.55,10.25,0.44,0.41,0.0,19.63,5.6,2.26,2.56,21.91,71.28,70.69,Hematite,Chlorite
S02636,SYN-023,12.5,14.5,174.34,-83.69,13.5,13.5,6.04,31.58,0.0,0.0,5.51,3.17,3.4,4.75,12.36,0.99,1.94,5.08,22.25,52.09,7.01,Hematite,Chlorite
S02637,SYN-023,14.5,16.0,173.85,-85.18,15.25,15.25,3.03,1.22,3.12,2.12,11.55,0.0,0.71,10.34,19.18,35.68,1.14,0.0,51.59,21.67,39.72,Goethite,Water_silica
S02638,SYN-023,16.0,18.0,173.36,-86.67,17.0,17.0,33.69,2.68,6.45,1.35,13.54,4.16,2.61,38.88,13.69,3.41,0.11,4.83,26.33,47.11,46.12,Hematite,Alunite
S02639,SYN-023,18.0,19.0,172.95,-87.95,18.5,18.5,8.78,0.89,1.06,3.43,12.03,30.19,2.82,7.15,4.57,0.0,1.19,35.86,1.29,51.13,33.44,Hematite,Zunyite
S02640,SYN-023,19.0,20.0,172.67,-88.8,19.5,19.5,7.51,2.15,0.0,13.56,29.86,3.22,1.01,6.19,21.53,5.36,2.38,0.47,11.71,2.95,35.4,Goethite,Kaolinite
S02641,SYN-023,20.0,21.5,172.32,-89.87,20.75,20.75,30.52,25.69,0.0,4.31,11.65,13.68,0.0,22.89,1.33,23.13,18.29,7.75,12.47,3.05,3.88,None,WhiteMica
S02642,SYN-023,21.5,22.5,171.97,-90.94,22.0,22.0,1.87,0.69,4.43,0.0,24.41,4.53,3.69,1.2,8.73,0.94,0.7,4.52,7.95,2.46,1.38,None,Kaolinite
S02643,SYN-023,22.5,23.5,171.69,-91.79,23.0,23.0,6.57,3.97,7.2,1.7,34.02,0.71,0.33,5.92,18.14,0.0,0.0,0.0,17.86,47.77,32.84,Hematite,Kaolinite
S02644,SYN-023,23.5,25.0,171.34,-92.85,24.25,24.25,8.33,0.69,2.21,2.71,12.24,0.0,0.0,9.1,33.48,0.0,15.54,1.23,24.35,42.29,28.84,Hematite,Gypsum
S02645,SYN-023,25.0,27.0,170.86,-94.35,26.0,26.0,8.32,1.91,0.0,5.95,12.14,0.0,0.0,11.17,11.57,0.0,2.92,3.15,16.07,12.34,15.09,Goethite,Water_silica
S02646,SYN-023,27.0,28.0,170.44,-95.63,27.5,27.5,6.52,4.32,0.9,5.11,8.94,5.53,2.72,7.48,19.58,1.76,0.0,1.39,19.61,78.16,27.31,Hematite,Water_silica
S02647,SYN-023,28.0,30.0,170.02,-96.9,29.0,29.0,5.31,0.87,30.18,4.37,15.1,0.46,2.68,6.65,10.29,2.02,0.64,28.89,30.81,47.87,24.18,Hematite,Water_silica
S02648,SYN-023,30.0,32.0,169.46,-98.61,31.0,31.0,17.93,0.0,0.0,0.0,61.37,13.47,7.65,0.0,6.28,1.53,2.24,2.02,1.58,16.96,4.64,Hematite,Kaolinite
S02649,SYN-023,32.0,34.0,168.9,-100.31,33.0,33.0,100.0,0.81,20.39,6.38,5.35,6.1,39.56,2.95,1.83,23.74,5.41,0.0,6.07,21.1,4.73,Hematite,WhiteMica
S02650,SYN-023,34.0,35.5,168.42,-101.81,34.75,34.75,4.87,0.0,1.02,3.02,11.3,8.9,0.0,10.81,9.49,0.0,25.63,0.0,23.87,38.1,51.66,Goethite,Diaspore
S02651,SYN-023,35.5,37.0,168.0,-103.09,36.25,36.25,7.14,2.89,27.81,0.12,4.6,1.58,2.19,13.38,29.64,16.72,2.09,0.0,23.85,25.73,27.16,Goethite,Gypsum
S02652,SYN-023,37.0,38.5,167.58,-104.36,37.75,37.75,5.77,39.43,18.96,7.54,27.61,14.39,11.67,0.0,0.0,4.45,23.94,0.0,0.0,0.0,0.0,None,Chlorite
S02653,SYN-023,38.5,40.0,167.16,-105.64,39.25,39.25,41.15,39.78,11.91,4.48,5.77,5.79,16.23,0.84,0.0,0.0,0.0,3.55,12.21,0.0,5.03,None,WhiteMica
S02654,SYN-023,40.0,42.0,166.67,-107.14,41.0,41.0,60.04,4.78,2.17,5.5,33.98,3.2,2.81,0.85,6.7,2.72,0.0,0.83,4.31,2.2,0.15,None,WhiteMica
S02655,SYN-023,42.0,43.0,166.26,-108.41,42.5,42.5,4.96,8.1,10.39,2.59,6.28,0.0,16.55,4.23,0.65,0.0,5.12,30.1,0.0,2.72,1.34,None,Zunyite
S02656,SYN-023,43.0,44.5,165.91,-109.48,43.75,43.75,21.15,0.0,0.51,6.12,13.83,17.79,4.64,1.29,4.34,6.97,1.11,1.62,2.13,3.93,5.34,None,WhiteMica
S02657,SYN-023,44.5,45.5,165.56,-110.55,45.0,45.0,63.39,0.99,0.94,0.0,33.62,6.4,8.86,3.17,1.84,2.88,0.0,2.51,40.87,6.41,1.42,None,WhiteMica
S02658,SYN-023,45.5,47.5,165.14,-111.83,46.5,46.5,4.07,9.38,11.96,10.85,0.0,2.19,26.9,0.0,1.95,14.22,2.01,5.54,0.0,0.0,3.34,None,Montmor
S02659,SYN-023,47.5,49.0,164.65,-113.32,48.25,48.25,4.74,35.36,6.64,9.7,3.67,6.67,27.09,1.28,3.37,0.33,3.02,2.75,0.77,16.86,2.82,Hematite,Chlorite
S02660,SYN-023,49.0,50.5,164.23,-114.6,49.75,49.75,13.24,3.7,0.0,0.0,6.38,7.53,4.35,40.98,0.0,88.75,16.17,12.13,5.27,2.1,0.0,None,Pyrophyllite
S02661,SYN-023,50.5,52.5,163.75,-116.09,51.5,51.5,2.97,18.59,11.95,8.95,0.0,3.8,20.57,0.44,1.56,1.57,0.37,1.17,3.65,6.01,6.59,None,Montmor
S02662,SYN-023,52.5,54.5,163.19,-117.79,53.5,53.5,7.68,39.27,10.7,4.09,0.0,3.06,20.15,3.45,0.0,1.02,2.54,5.01,0.0,0.8,6.62,None,Chlorite
S02663,SYN-023,54.5,55.5,162.77,-119.07,55.0,55.0,14.24,0.0,1.1,0.0,62.98,21.72,7.44,1.73,5.0,0.0,19.72,2.51,3.2,0.0,4.21,None,Kaolinite
S02664,SYN-023,55.5,57.5,162.35,-120.35,56.5,56.5,6.78,7.46,15.9,8.76,0.0,1.94,22.46,0.59,0.0,0.0,0.0,33.12,2.66,0.0,2.31,None,Zunyite
S02665,SYN-023,57.5,59.5,161.8,-122.06,58.5,58.5,25.4,0.31,0.69,0.0,11.1,9.07,7.52,22.96,6.1,1.06,2.44,0.0,9.23,1.28,3.3,None,WhiteMica
S02666,SYN-023,59.5,60.5,161.38,-123.34,60.0,60.0,7.65,26.76,16.75,3.28,0.0,1.33,15.27,2.33,16.26,0.53,0.0,0.0,1.78,2.76,6.4,None,Chlorite
S02667,SYN-023,60.5,62.5,160.96,-124.61,61.5,61.5,34.43,0.53,1.28,1.62,11.67,6.74,21.62,34.42,11.5,0.0,25.96,0.0,1.18,7.29,1.76,None,WhiteMica
S02668,SYN-023,62.5,64.0,160.47,-126.11,63.25,63.25,22.11,5.56,2.97,8.17,37.74,10.61,12.0,4.02,7.47,0.19,0.0,1.72,2.4,0.15,1.99,None,Kaolinite
S02669,SYN-023,64.0,65.5,160.05,-127.39,64.75,64.75,4.88,40.27,8.29,8.28,0.0,0.77,29.03,0.0,0.0,0.0,5.81,3.21,2.9,3.12,2.51,None,Chlorite
S02670,SYN-023,65.5,67.0,159.63,-128.67,66.25,66.25,5.84,34.05,23.93,5.62,18.53,0.0,14.34,3.58,0.77,4.92,0.0,0.0,0.0,4.38,0.0,None,Chlorite
S02671,SYN-023,67.0,68.5,159.22,-129.94,67.75,67.75,85.73,0.0,0.0,0.83,10.62,5.82,4.54,1.55,0.0,0.48,1.6,5.88,4.83,0.34,4.81,None,WhiteMica
S02672,SYN-023,68.5,69.5,158.87,-131.01,69.0,69.0,0.12,15.01,43.19,11.78,4.69,0.0,21.48,0.0,2.48,0.0,0.0,1.77,0.0,5.95,3.55,None,Carbonate
S02673,SYN-023,69.5,70.5,158.59,-131.86,70.0,70.0,100.0,0.0,2.32,2.77,11.74,6.92,5.33,2.58,5.8,0.0,1.4,2.59,4.57,0.31,5.15,None,WhiteMica
S02674,SYN-023,70.5,71.5,158.31,-132.72,71.0,71.0,41.78,0.0,24.08,3.34,5.78,2.13,4.57,5.97,4.77,1.1,0.0,26.97,2.63,0.0,1.9,None,WhiteMica
S02675,SYN-023,71.5,73.0,157.96,-133.78,72.25,72.25,7.02,3.22,26.82,6.69,3.32,2.8,13.17,3.38,3.63,2.29,0.0,2.23,0.0,5.61,0.0,None,Carbonate
S02676,SYN-023,73.0,74.5,157.54,-135.06,73.75,73.75,6.27,30.16,17.74,8.83,1.03,0.0,25.67,1.39,2.44,0.0,5.82,1.47,4.55,1.65,3.42,None,Chlorite
S02677,SYN-023,74.5,75.5,157.2,-136.13,75.0,75.0,3.03,34.63,16.5,8.84,0.0,2.83,17.19,0.0,0.0,0.0,2.49,2.27,0.0,0.0,0.17,None,Chlorite
S02678,SYN-023,75.5,77.0,156.85,-137.19,76.25,76.25,75.53,5.36,30.78,0.0,10.34,8.57,8.3,0.0,3.28,24.59,1.16,3.02,3.8,0.66,4.51,None,WhiteMica
S02679,SYN-023,77.0,78.5,156.43,-138.47,77.75,77.75,62.96,2.98,5.18,24.44,6.77,2.77,3.65,0.0,1.87,2.87,1.85,33.05,4.1,0.0,20.81,Goethite,WhiteMica
S02680,SYN-023,78.5,80.0,156.01,-139.75,79.25,79.25,89.47,0.34,1.52,0.32,11.55,10.19,1.24,16.99,39.1,6.42,1.09,0.0,7.71,0.36,8.43,None,WhiteMica
S02681,SYN-023,80.0,82.0,155.52,-141.24,81.0,81.0,22.58,0.0,0.0,3.68,49.88,22.65,14.81,0.0,7.72,1.35,0.0,2.64,0.21,2.19,6.6,None,Kaolinite
S02682,SYN-023,82.0,83.5,155.04,-142.73,82.75,82.75,5.72,40.69,12.46,7.73,4.16,0.43,34.74,1.36,3.91,1.82,2.87,2.27,0.0,0.88,3.77,None,Chlorite
S02683,SYN-023,83.5,85.5,154.55,-144.23,84.5,84.5,5.3,23.48,20.43,8.38,0.91,0.0,16.98,2.72,23.63,5.72,3.7,1.76,0.88,6.9,2.45,None,Gypsum
S02684,SYN-023,85.5,86.5,154.13,-145.5,86.0,86.0,13.09,3.03,3.65,0.0,47.46,38.55,3.61,1.17,3.86,0.0,0.0,5.42,2.66,0.85,5.29,None,Kaolinite
S02685,SYN-023,86.5,88.0,153.78,-146.57,87.25,87.25,10.76,37.77,16.24,9.09,0.0,4.71,25.59,0.0,1.35,2.3,3.18,0.0,6.33,1.37,3.85,None,Chlorite
S02686,SYN-023,88.0,90.0,153.29,-148.06,89.0,89.0,3.13,34.12,22.18,4.77,0.0,16.37,12.89,30.81,0.0,2.57,1.84,0.0,0.0,5.45,1.91,None,Chlorite
S02687,SYN-023,90.0,92.0,152.74,-149.77,91.0,91.0,100.0,3.65,0.0,2.72,8.42,8.08,21.85,4.53,6.53,17.07,3.24,0.0,1.56,4.86,0.0,None,WhiteMica
S02688,SYN-023,92.0,93.5,152.25,-151.26,92.75,92.75,6.89,44.66,27.55,9.45,2.42,0.0,15.51,1.42,0.59,0.0,1.76,0.0,0.0,3.63,8.83,None,Chlorite
S02689,SYN-023,93.5,95.0,151.83,-152.54,94.25,94.25,24.65,19.52,0.0,2.29,44.8,16.4,13.89,2.35,7.18,2.49,0.0,2.01,0.0,0.74,5.76,None,Kaolinite
S02690,SYN-023,95.0,96.5,151.41,-153.82,95.75,95.75,3.05,27.3,10.77,11.11,0.24,0.0,17.66,0.0,23.44,1.15,5.03,0.0,3.57,5.35,4.7,None,Chlorite
S02691,SYN-023,96.5,98.0,150.99,-155.1,97.25,97.25,46.17,14.41,0.0,0.55,10.23,7.5,6.88,3.21,0.98,1.17,1.87,0.0,5.65,0.78,3.24,None,WhiteMica
S02692,SYN-023,98.0,100.0,150.51,-156.59,99.0,99.0,90.38,4.64,5.45,3.51,9.05,7.62,7.54,0.61,3.46,5.13,31.18,14.06,3.1,0.0,7.83,None,WhiteMica
S02693,SYN-023,100.0,102.0,149.95,-158.29,101.0,101.0,4.49,6.2,20.42,9.43,1.73,1.57,20.85,2.02,0.0,25.93,0.0,2.92,22.73,0.25,5.31,None,Pyrophyllite
S02694,SYN-023,102.0,103.5,149.46,-159.79,102.75,102.75,6.75,27.15,20.21,6.72,29.94,0.0,11.95,0.68,2.79,1.94,0.0,5.59,1.16,3.74,0.0,None,Kaolinite
S02695,SYN-023,103.5,104.5,149.11,-160.85,104.0,104.0,5.43,29.11,19.3,8.63,2.66,4.85,13.38,0.0,1.62,4.28,2.91,1.26,0.0,1.09,2.44,None,Chlorite
S02696,SYN-023,104.5,106.0,148.76,-161.92,105.25,105.25,5.98,34.53,12.88,6.69,1.62,0.0,18.72,7.02,3.19,0.3,2.11,4.35,1.9,2.25,4.97,None,Chlorite
S02697,SYN-023,106.0,107.0,148.41,-162.98,106.5,106.5,6.9,8.69,13.03,7.57,0.31,11.41,21.23,0.35,0.0,31.24,0.42,0.0,0.0,0.0,40.15,Goethite,Pyrophyllite
S02698,SYN-023,107.0,108.0,148.14,-163.84,107.5,107.5,4.67,46.33,11.8,3.72,2.46,0.0,17.71,1.51,2.96,16.05,18.26,0.91,1.85,3.8,2.35,None,Chlorite
S02699,SYN-023,108.0,109.5,147.79,-164.9,108.75,108.75,8.39,38.94,11.65,12.97,3.45,19.15,16.55,5.63,0.0,0.52,0.0,0.84,0.0,0.0,6.9,None,Chlorite
S02700,SYN-023,109.5,111.0,147.37,-166.18,110.25,110.25,67.96,35.19,5.13,0.0,10.74,5.99,5.28,35.13,4.52,3.71,2.95,18.07,8.12,0.0,0.0,None,WhiteMica
S02701,SYN-023,111.0,112.0,147.02,-167.25,111.5,111.5,5.18,26.69,9.95,14.97,4.94,3.93,7.25,3.36,2.55,4.01,1.4,17.99,4.81,1.22,2.44,None,Chlorite
S02702,SYN-023,112.0,113.0,146.74,-168.1,112.5,112.5,17.8,24.15,15.25,5.47,0.0,0.92,22.05,25.81,2.89,2.29,1.98,0.0,3.78,0.0,2.54,None,Alunite
S02703,SYN-023,113.0,114.0,146.46,-168.95,113.5,113.5,6.98,52.02,10.54,10.83,3.85,1.77,24.83,18.99,0.0,1.97,0.26,3.12,3.07,0.0,5.46,None,Chlorite
S02704,SYN-023,114.0,116.0,146.04,-170.23,115.0,115.0,6.61,14.52,19.14,13.25,0.0,0.25,25.79,2.58,3.99,0.86,0.0,2.14,6.12,0.0,6.34,None,Montmor
S02705,SYN-023,116.0,117.5,145.56,-171.72,116.75,116.75,28.58,43.54,16.41,4.55,3.61,2.07,19.22,2.58,5.1,0.0,0.5,1.68,7.81,2.32,6.28,None,Chlorite
S02706,SYN-023,117.5,118.5,145.21,-172.79,118.0,118.0,6.86,40.87,17.22,0.23,0.0,0.0,13.11,2.62,0.0,17.48,23.42,19.5,14.46,0.0,0.0,None,Chlorite
S02707,SYN-023,118.5,119.5,144.93,-173.64,119.0,119.0,7.27,25.16,14.03,13.46,19.25,2.97,15.39,0.78,4.82,3.27,0.31,0.0,33.48,2.5,3.44,None,Water_silica
S02708,SYN-023,119.5,121.0,144.58,-174.71,120.25,120.25,5.12,27.59,16.5,7.96,4.81,1.65,19.25,3.89,0.0,3.38,2.24,0.14,2.96,1.34,0.0,None,Chlorite
S02709,SYN-023,121.0,122.5,144.16,-175.99,121.75,121.75,57.56,6.79,3.42,3.05,5.09,3.88,3.42,2.08,1.76,3.17,1.87,3.15,5.3,0.57,36.24,Goethite,WhiteMica
S02710,SYN-023,122.5,124.0,143.74,-177.27,123.25,123.25,3.11,27.54,14.22,6.13,1.65,0.0,17.85,2.89,0.86,1.14,0.0,3.13,2.71,4.83,7.25,None,Chlorite
S02711,SYN-023,124.0,125.5,143.33,-178.54,124.75,124.75,31.48,30.29,21.61,8.17,1.08,2.27,11.15,0.0,0.0,0.0,3.04,24.84,0.0,0.0,8.14,None,WhiteMica
S02712,SYN-023,125.5,127.5,142.84,-180.04,126.5,126.5,1.49,20.51,12.81,6.67,0.95,2.11,4.37,33.56,3.52,36.71,38.14,0.0,0.46,3.28,4.28,None,Diaspore
S02713,SYN-023,127.5,129.0,142.35,-181.53,128.25,128.25,10.76,43.95,18.7,18.65,0.02,0.0,13.5,0.0,0.0,3.88,0.78,0.52,0.0,0.0,3.81,None,Chlorite
S02714,SYN-023,129.0,130.5,141.93,-182.81,129.75,129.75,0.03,23.52,6.59,6.09,4.01,0.13,15.76,1.81,0.0,3.28,2.97,0.0,2.17,0.0,22.84,Goethite,Chlorite
S02715,SYN-023,130.5,131.5,141.58,-183.87,131.0,131.0,9.22,23.93,21.13,9.18,0.93,2.48,20.5,0.0,1.86,0.0,0.93,9.26,2.27,0.67,3.03,None,Chlorite
S02716,SYN-023,131.5,133.5,141.17,-185.15,132.5,132.5,21.59,24.08,11.97,12.65,18.54,3.93,14.68,0.0,3.79,2.12,1.32,1.83,1.18,1.17,6.72,None,Chlorite
S02717,SYN-023,133.5,135.5,140.61,-186.86,134.5,134.5,9.2,0.0,9.43,12.63,3.41,0.84,15.96,0.29,27.7,9.78,2.34,0.22,0.0,1.61,0.91,None,Gypsum
S02718,SYN-023,135.5,137.0,140.12,-188.35,136.25,136.25,93.81,3.73,1.35,11.48,36.9,3.46,4.89,0.0,6.24,0.0,8.7,0.0,7.39,2.0,2.4,None,WhiteMica
S02719,SYN-023,137.0,138.5,139.7,-189.63,137.75,137.75,0.05,50.19,7.8,11.95,3.28,3.53,18.9,2.54,1.54,4.53,1.99,19.93,0.0,0.46,3.11,None,Chlorite
S02720,SYN-023,138.5,139.5,139.35,-190.69,139.0,139.0,5.37,21.35,7.23,6.47,1.31,4.12,30.69,0.0,5.6,25.33,1.8,1.06,5.74,0.0,1.29,None,Montmor
S02721,SYN-023,139.5,141.5,138.94,-191.97,140.5,140.5,9.93,4.48,12.53,7.45,0.0,4.46,16.65,0.0,0.0,1.68,0.0,1.01,0.0,0.0,4.32,None,Montmor
S02722,SYN-023,141.5,143.0,138.45,-193.47,142.25,142.25,7.93,23.59,37.97,26.77,0.0,2.24,5.46,0.0,0.0,5.05,0.0,5.78,8.75,3.81,6.93,None,Carbonate
S02723,SYN-023,143.0,144.0,138.1,-194.53,143.5,143.5,5.09,23.2,11.37,7.73,0.0,0.0,12.46,0.25,3.91,0.0,0.0,0.0,5.83,3.12,4.63,None,Chlorite
S02724,SYN-023,144.0,145.5,137.75,-195.6,144.75,144.75,0.75,44.07,0.09,8.12,1.7,3.43,32.64,2.78,1.76,1.49,0.0,0.0,0.74,3.2,1.29,None,Chlorite
S02725,SYN-023,145.5,147.0,137.33,-196.88,146.25,146.25,2.43,21.21,18.63,10.67,0.0,0.72,29.62,1.57,4.76,27.57,2.35,2.55,2.77,1.09,1.16,None,Montmor
S02726,SYN-023,147.0,149.0,136.85,-198.37,148.0,148.0,9.75,36.41,7.98,14.46,19.97,2.47,55.79,0.0,26.8,0.0,0.32,0.0,0.87,2.91,0.0,None,Montmor
S02727,SYN-023,149.0,150.5,136.36,-199.86,149.75,149.75,5.06,45.42,21.87,10.56,1.38,0.0,23.68,1.89,22.15,1.9,0.0,0.0,0.74,0.53,2.75,None,Chlorite
S02728,SYN-023,150.5,152.0,135.94,-201.14,151.25,151.25,5.81,20.09,12.97,11.85,4.42,0.0,23.77,37.04,0.0,1.78,5.71,3.28,0.02,0.78,0.94,None,Alunite
S02729,SYN-023,152.0,153.5,135.52,-202.42,152.75,152.75,65.57,2.29,3.24,1.38,11.56,26.54,3.36,2.15,6.69,0.98,3.76,4.68,5.28,0.24,28.99,Goethite,WhiteMica
S02730,SYN-023,153.5,155.0,135.1,-203.7,154.25,154.25,6.77,27.4,14.03,7.94,2.95,0.0,16.06,4.13,2.97,0.0,4.21,0.0,0.0,4.11,1.26,None,Chlorite
S02731,SYN-023,155.0,156.5,134.68,-204.98,155.75,155.75,2.48,49.78,24.62,12.62,0.0,0.0,59.19,0.0,4.2,3.02,0.0,2.14,2.93,0.0,0.0,None,Montmor
S02732,SYN-023,156.5,157.5,134.34,-206.04,157.0,157.0,55.48,4.43,4.46,4.31,12.84,6.28,0.0,4.86,35.52,2.81,16.75,3.08,0.99,1.99,0.0,None,WhiteMica
S02733,SYN-023,157.5,159.5,133.92,-207.32,158.5,158.5,7.1,30.89,51.77,8.04,0.0,0.0,25.34,7.39,3.88,1.09,0.0,0.58,0.0,1.99,4.57,None,Carbonate
S02734,SYN-023,159.5,161.0,133.43,-208.81,160.25,160.25,4.87,32.71,7.03,12.11,0.0,0.0,24.84,4.16,2.59,3.08,0.0,2.09,1.31,2.19,0.0,None,Chlorite
S02735,SYN-023,161.0,162.5,133.01,-210.09,161.75,161.75,94.0,0.0,0.0,0.0,7.58,2.99,2.87,2.31,11.46,6.74,0.0,2.88,3.71,1.47,4.24,None,WhiteMica
S02736,SYN-023,162.5,163.5,132.66,-211.16,163.0,163.0,6.79,22.87,8.09,38.87,4.65,2.62,13.15,5.16,4.33,1.79,1.36,18.95,0.15,4.77,1.37,None,Epidote
S02737,SYN-023,163.5,164.5,132.38,-212.01,164.0,164.0,4.44,36.66,3.16,9.41,1.94,0.0,15.37,0.0,0.0,3.81,0.0,3.31,6.05,1.78,3.65,None,Chlorite
S02738,SYN-023,164.5,166.0,132.04,-213.08,165.25,165.25,1.75,50.93,34.74,2.45,2.69,0.0,12.8,0.16,0.0,4.1,26.89,3.59,3.88,1.15,2.88,None,Chlorite
S02739,SYN-023,166.0,167.0,131.69,-214.14,166.5,166.5,4.85,4.92,9.79,11.94,0.0,1.21,56.71,2.67,0.0,1.7,2.24,18.28,0.0,3.31,3.37,None,Montmor
S02740,SYN-023,167.0,168.0,131.41,-214.99,167.5,167.5,7.73,23.52,24.42,9.36,2.41,5.73,20.46,0.0,0.0,3.51,0.87,31.52,4.42,0.0,5.39,None,Zunyite
S02741,SYN-023,168.0,170.0,130.99,-216.27,169.0,169.0,7.06,36.55,12.17,10.53,0.0,11.35,33.76,2.52,0.0,3.41,0.0,0.87,2.15,0.0,1.23,None,Chlorite
S02742,SYN-023,170.0,171.5,130.5,-217.77,170.75,170.75,90.61,0.21,1.27,0.0,10.92,7.4,6.28,0.0,3.46,4.94,0.0,1.8,9.34,29.98,6.72,Hematite,WhiteMica
S02743,SYN-023,171.5,173.0,130.08,-219.04,172.25,172.25,89.37,1.04,0.0,31.23,2.13,6.93,4.32,7.31,4.72,2.82,0.0,2.24,6.48,2.38,4.91,None,WhiteMica
S02744,SYN-023,173.0,174.5,129.67,-220.32,173.75,173.75,0.0,4.62,0.88,32.99,5.76,5.11,4.23,0.52,4.58,1.75,2.86,0.14,10.06,0.0,2.16,None,Epidote
S02745,SYN-023,174.5,176.5,129.18,-221.82,175.5,175.5,6.08,29.41,8.23,9.13,3.54,0.0,22.66,5.28,0.0,0.0,1.45,0.0,33.79,39.28,2.42,Hematite,Water_silica
S02746,SYN-023,176.5,178.0,128.69,-223.31,177.25,177.25,8.42,16.45,16.16,9.75,0.0,0.0,6.56,0.37,0.0,0.0,1.52,0.0,3.54,1.27,3.28,None,Chlorite
S02747,SYN-023,178.0,180.0,128.2,-224.8,179.0,179.0,69.49,0.0,5.06,0.0,8.3,3.58,7.77,3.93,8.31,3.25,0.47,0.0,8.88,0.0,22.21,Goethite,WhiteMica
S02748,SYN-023,180.0,182.0,127.65,-226.51,181.0,181.0,21.46,34.02,13.65,12.68,0.0,0.0,25.14,5.46,2.72,0.0,12.67,0.0,0.0,0.0,0.0,None,Chlorite
S02749,SYN-023,182.0,183.5,127.16,-228.0,182.75,182.75,6.15,28.56,21.77,25.74,22.0,0.0,13.62,2.96,1.94,2.86,0.0,0.18,2.59,5.07,0.54,None,Chlorite
S02750,SYN-023,183.5,185.0,126.74,-229.28,184.25,184.25,21.27,12.28,21.86,9.68,1.54,6.96,14.36,0.0,4.97,0.0,3.65,1.31,1.02,0.0,0.54,None,Carbonate
S02751,SYN-023,185.0,186.5,126.32,-230.56,185.75,185.75,8.58,21.79,11.75,5.2,1.47,3.62,11.23,0.0,0.0,0.0,0.0,0.0,6.03,0.72,2.5,None,Chlorite
S02752,SYN-023,186.5,188.0,125.9,-231.83,187.25,187.25,63.54,0.0,3.9,28.36,1.75,7.99,2.59,5.09,8.01,2.68,0.0,0.09,3.5,2.51,0.0,None,WhiteMica
S02753,SYN-023,188.0,189.5,125.48,-233.11,188.75,188.75,6.79,35.82,5.63,10.08,0.0,0.41,18.65,3.97,2.13,0.0,0.0,1.08,0.0,0.0,5.07,None,Chlorite
S02754,SYN-023,189.5,191.0,125.07,-234.39,190.25,190.25,4.5,42.46,28.91,8.9,21.08,5.83,17.46,24.61,4.49,0.24,1.38,2.83,2.97,3.74,3.32,None,Chlorite
S02755,SYN-023,191.0,192.5,124.65,-235.67,191.75,191.75,1.98,16.63,0.0,5.73,3.42,0.0,6.73,3.9,0.0,2.35,2.86,4.75,0.0,0.0,1.96,None,Chlorite
S02756,SYN-023,192.5,193.5,124.3,-236.74,193.0,193.0,8.98,14.17,14.02,8.34,0.7,0.17,3.51,2.73,0.09,4.43,2.69,5.04,6.61,4.39,0.95,None,Chlorite
S02757,SYN-023,193.5,195.0,123.95,-237.8,194.25,194.25,3.99,52.58,15.92,5.95,3.42,0.02,16.36,1.98,4.65,3.58,33.6,0.0,2.62,2.4,3.04,None,Chlorite
S02758,SYN-023,195.0,196.0,123.6,-238.87,195.5,195.5,6.19,27.88,7.77,6.64,4.13,3.77,24.59,0.0,0.31,1.65,0.0,0.0,0.0,4.55,5.34,None,Chlorite
S02759,SYN-023,196.0,197.5,123.25,-239.93,196.75,196.75,12.35,29.15,6.9,9.28,2.51,1.03,23.81,1.95,4.78,0.0,0.0,0.0,33.89,2.21,0.0,None,Water_silica
S02760,SYN-023,197.5,199.0,122.84,-241.21,198.25,198.25,8.16,18.68,15.88,8.97,0.0,4.97,26.11,5.41,0.0,0.0,0.38,3.24,5.61,4.26,0.0,None,Montmor
S02761,SYN-023,199.0,201.0,122.35,-242.71,200.0,200.0,10.35,30.71,11.45,1.09,0.0,2.29,16.4,0.22,5.25,0.0,0.0,1.66,2.21,2.84,18.43,Goethite,Chlorite
S02762,SYN-023,201.0,202.0,121.93,-243.98,201.5,201.5,4.55,49.61,14.47,9.33,5.42,3.47,15.14,2.73,35.7,0.48,0.0,32.14,0.69,1.55,0.0,None,Chlorite
S02763,SYN-023,202.0,203.5,121.58,-245.05,202.75,202.75,8.89,31.21,13.36,20.14,31.48,0.0,17.1,6.22,0.0,1.45,0.36,1.65,0.0,2.55,0.0,None,Kaolinite
S02764,SYN-023,203.5,205.0,121.16,-246.33,204.25,204.25,6.07,41.42,17.79,6.51,1.42,0.0,24.52,1.86,0.43,3.44,0.0,0.0,0.0,0.0,37.43,Goethite,Chlorite
S02765,SYN-023,205.0,206.0,120.82,-247.4,205.5,205.5,6.99,28.37,11.93,3.94,0.0,0.0,45.46,0.0,0.0,2.88,2.47,1.08,0.0,24.4,2.9,Hematite,Montmor
S02766,SYN-023,206.0,207.0,120.54,-248.25,206.5,206.5,11.46,15.07,12.48,7.84,0.0,0.13,14.27,0.0,0.0,1.43,20.87,0.66,4.02,4.66,2.04,None,Diaspore
S02767,SYN-023,207.0,208.0,120.26,-249.1,207.5,207.5,5.25,19.39,2.45,6.12,4.18,0.0,15.85,0.0,0.0,0.2,2.32,22.44,4.14,0.0,3.49,None,Zunyite
S02768,SYN-023,208.0,209.0,119.98,-249.95,208.5,208.5,6.05,13.92,15.64,12.58,4.95,4.3,18.25,0.0,0.0,0.0,1.9,1.41,0.0,0.25,2.79,None,Montmor
S02769,SYN-023,209.0,210.5,119.63,-251.02,209.75,209.75,3.56,30.74,16.64,1.7,3.19,0.7,15.85,2.05,0.0,0.0,0.0,0.0,24.64,0.0,1.09,None,Chlorite
S02770,SYN-023,210.5,212.0,119.21,-252.3,211.25,211.25,8.4,43.42,14.72,4.53,2.58,2.74,13.3,3.62,3.79,0.0,2.7,4.67,0.38,0.0,1.91,None,Chlorite
S02771,SYN-024,0.0,1.5,151.7,-27.22,0.75,0.75,9.77,4.79,0.0,3.02,13.38,0.0,1.74,6.97,1.96,0.0,0.0,1.64,18.44,44.1,38.35,Hematite,Water_silica
S02772,SYN-024,1.5,2.5,150.64,-26.87,2.0,2.0,17.87,4.42,0.0,0.0,7.75,0.0,3.54,8.31,14.7,4.11,2.8,0.0,4.02,49.91,30.38,Hematite,WhiteMica
S02773,SYN-024,2.5,3.5,149.78,-26.59,3.0,3.0,9.99,2.99,0.0,0.68,8.55,4.28,35.32,5.29,25.89,2.94,0.0,3.58,12.15,67.11,33.68,Hematite,Montmor
S02774,SYN-024,3.5,4.5,148.93,-26.31,4.0,4.0,7.01,0.0,0.49,5.65,8.88,0.72,2.64,8.29,23.0,0.33,1.87,3.3,4.8,39.8,18.24,Hematite,Gypsum
S02775,SYN-024,4.5,6.0,147.86,-25.96,5.25,5.25,7.03,0.0,2.03,2.54,13.31,3.26,0.0,4.66,11.7,0.72,17.63,5.37,22.57,16.48,39.98,Goethite,Water_silica
S02776,SYN-024,6.0,7.5,146.58,-25.54,6.75,6.75,12.49,0.0,2.79,1.77,14.86,7.01,3.06,13.12,20.62,0.0,1.31,0.26,18.82,40.5,26.98,Hematite,Gypsum
S02777,SYN-024,7.5,9.0,145.3,-25.12,8.25,8.25,10.46,1.31,7.37,2.09,9.28,2.87,0.0,11.19,7.33,0.0,0.0,1.09,19.71,40.35,37.26,Hematite,Water_silica
S02778,SYN-024,9.0,10.0,144.23,-24.76,9.5,9.5,10.53,5.42,0.0,0.97,9.02,2.04,6.75,14.25,48.15,0.0,0.12,29.59,22.08,73.01,16.63,Hematite,Gypsum
S02779,SYN-024,10.0,11.0,143.38,-24.48,10.5,10.5,3.85,0.0,0.42,0.0,0.79,4.27,0.0,5.98,9.92,0.0,0.0,0.0,14.23,47.47,26.29,Hematite,Water_silica
S02780,SYN-024,11.0,13.0,142.1,-24.06,12.0,12.0,11.92,6.81,0.0,0.0,6.81,3.21,2.3,15.45,23.33,3.6,0.0,1.19,7.46,49.23,46.74,Hematite,Gypsum
S02781,SYN-024,13.0,14.0,140.82,-23.64,13.5,13.5,5.78,0.24,3.9,2.74,5.74,0.0,1.2,8.88,23.11,25.95,1.5,1.4,14.48,31.62,53.08,Goethite,Pyrophyllite
S02782,SYN-024,14.0,15.0,139.97,-23.36,14.5,14.5,5.39,0.0,4.03,26.92,11.4,4.53,0.17,7.52,11.88,0.0,3.98,0.25,35.73,48.67,61.23,Goethite,Water_silica
S02783,SYN-024,15.0,16.0,139.11,-23.08,15.5,15.5,0.17,3.31,0.08,0.93,9.52,1.09,0.01,12.53,0.0,2.95,7.36,0.0,4.14,26.12,13.92,Hematite,Alunite
S02784,SYN-024,16.0,18.0,137.83,-22.66,17.0,17.0,6.88,3.51,6.36,0.0,5.91,5.05,4.6,4.33,18.15,0.0,0.0,1.81,19.62,45.1,4.81,Hematite,Water_silica
S02785,SYN-024,18.0,19.5,136.34,-22.16,18.75,18.75,2.55,2.45,1.96,3.01,4.18,15.13,0.13,44.57,3.03,70.68,8.9,18.46,3.68,0.73,3.53,None,Pyrophyllite
S02786,SYN-024,19.5,21.0,135.06,-21.74,20.25,20.25,3.07,2.82,0.0,0.0,41.25,2.47,2.62,8.12,21.34,3.11,2.46,0.45,8.27,84.86,36.44,Hematite,Kaolinite
S02787,SYN-024,21.0,23.0,133.56,-21.25,22.0,22.0,7.1,0.0,3.77,1.19,9.7,18.8,0.82,7.44,18.2,1.41,0.36,4.48,22.79,41.75,52.98,Goethite,Water_silica
S02788,SYN-024,23.0,24.0,132.28,-20.83,23.5,23.5,2.86,2.46,4.84,3.51,0.0,0.64,5.53,9.5,17.4,0.0,0.45,1.83,7.67,62.85,23.13,Hematite,Gypsum
S02789,SYN-024,24.0,26.0,131.0,-20.41,25.0,25.0,4.32,4.19,1.59,0.0,5.55,13.14,22.81,35.01,3.19,84.23,12.81,10.94,6.22,2.72,0.0,None,Pyrophyllite
S02790,SYN-024,26.0,27.0,129.72,-19.98,26.5,26.5,24.87,0.0,0.0,4.01,14.99,0.0,0.9,6.4,16.56,2.31,1.42,0.0,24.36,68.3,25.64,Hematite,WhiteMica
S02791,SYN-024,27.0,28.5,128.66,-19.63,27.75,27.75,7.49,0.0,2.64,0.0,14.55,2.61,3.04,6.06,12.74,4.57,0.8,3.91,6.68,95.24,31.5,Hematite,Kaolinite
S02792,SYN-024,28.5,30.0,127.38,-19.21,29.25,29.25,12.16,0.96,0.0,1.97,8.93,3.64,0.0,6.63,10.07,0.0,5.87,0.0,10.31,43.16,59.74,Goethite,WhiteMica
S02793,SYN-024,30.0,31.5,126.1,-18.79,30.75,30.75,24.2,0.0,3.26,0.0,11.59,19.52,0.0,6.95,33.26,4.04,0.45,0.22,23.49,24.37,30.43,Goethite,Gypsum
S02794,SYN-024,31.5,33.5,124.6,-18.3,32.5,32.5,10.18,3.83,0.0,1.34,8.54,0.69,2.97,8.28,13.34,0.0,0.0,0.0,16.58,23.18,30.65,Goethite,Water_silica
S02795,SYN-024,33.5,34.5,123.32,-17.88,34.0,34.0,1.13,0.0,2.62,21.78,2.78,0.0,1.97,12.64,19.13,4.76,1.66,0.56,33.79,70.13,23.35,Hematite,Water_silica
S02796,SYN-024,34.5,36.5,122.04,-17.45,35.5,35.5,2.11,3.64,1.84,2.76,31.57,7.22,2.5,19.52,1.11,33.37,11.71,7.22,10.74,32.01,3.73,Hematite,Pyrophyllite
S02797,SYN-024,36.5,38.0,120.55,-16.96,37.25,37.25,6.56,29.52,3.09,1.03,19.74,0.81,6.57,0.24,9.4,3.37,0.0,4.63,23.73,47.07,29.44,Hematite,Chlorite
S02798,SYN-024,38.0,39.5,119.27,-16.54,38.75,38.75,4.29,0.0,31.31,4.49,25.47,0.0,0.0,10.76,12.04,0.0,0.28,1.67,25.64,40.9,42.35,Goethite,Carbonate
S02799,SYN-024,39.5,41.5,117.77,-16.05,40.5,40.5,3.17,0.99,0.0,1.11,8.71,7.79,0.0,43.1,0.0,77.25,23.1,3.91,8.89,0.0,0.0,None,Pyrophyllite
S02800,SYN-024,41.5,42.5,116.49,-15.63,42.0,42.0,57.09,32.38,1.54,1.6,2.49,8.55,2.83,16.49,2.95,5.17,2.69,0.0,1.74,0.0,2.91,None,WhiteMica
S02801,SYN-024,42.5,44.5,115.21,-15.21,43.5,43.5,0.0,0.79,4.79,5.95,9.62,9.59,2.35,27.1,3.45,72.29,9.37,9.25,6.47,0.0,3.79,None,Pyrophyllite
S02802,SYN-024,44.5,46.0,113.72,-14.71,45.25,45.25,3.07,5.66,0.0,2.32,29.44,15.0,0.0,12.92,0.0,25.18,13.52,7.94,24.74,0.9,0.58,None,Kaolinite
S02803,SYN-024,46.0,47.5,112.44,-14.29,46.75,46.75,73.92,2.99,0.0,2.36,8.57,32.23,5.83,2.42,9.9,0.0,0.28,2.35,7.82,0.0,5.66,None,WhiteMica
S02804,SYN-024,47.5,48.5,111.37,-13.94,48.0,48.0,4.79,3.79,3.43,20.24,14.23,2.49,34.53,6.3,15.25,0.0,3.85,0.0,16.56,31.97,19.95,Hematite,Montmor
S02805,SYN-024,48.5,50.0,110.3,-13.59,49.25,49.25,6.56,0.47,0.0,0.42,39.23,10.53,3.39,51.16,17.22,67.44,53.11,12.91,9.15,4.39,5.86,None,Pyrophyllite
S02806,SYN-024,50.0,51.5,109.02,-13.17,50.75,50.75,64.8,0.0,27.11,0.0,5.82,6.19,3.22,0.0,3.55,1.43,2.19,0.0,7.64,0.0,3.52,None,WhiteMica
S02807,SYN-024,51.5,53.0,107.74,-12.75,52.25,52.25,75.69,2.88,26.44,19.96,6.75,3.89,3.21,5.93,8.31,3.24,0.53,2.83,5.11,0.42,7.05,None,WhiteMica
S02808,SYN-024,53.0,54.0,106.68,-12.39,53.5,53.5,5.76,3.07,0.0,1.54,5.88,9.97,29.38,2.29,0.0,31.04,5.65,5.99,4.83,2.96,1.0,None,Pyrophyllite
S02809,SYN-024,54.0,55.0,105.82,-12.11,54.5,54.5,3.78,0.25,0.68,0.95,3.5,9.28,1.19,34.07,0.0,56.96,14.31,12.64,13.77,0.0,5.2,None,Pyrophyllite
S02810,SYN-024,55.0,57.0,104.54,-11.69,56.0,56.0,26.06,0.0,4.32,0.0,5.45,8.41,1.89,30.4,1.22,100.0,38.43,7.87,15.34,5.43,6.53,None,Pyrophyllite
S02811,SYN-024,57.0,58.0,103.26,-11.27,57.5,57.5,1.93,0.0,0.48,6.01,9.27,4.76,1.15,8.4,1.71,63.77,19.25,9.56,6.9,3.71,0.14,None,Pyrophyllite
S02812,SYN-024,58.0,59.5,102.2,-10.92,58.75,58.75,8.06,2.21,1.45,5.2,7.23,13.58,15.65,36.69,1.48,53.79,20.74,6.73,27.31,3.64,3.19,None,Pyrophyllite
S02813,SYN-024,59.5,61.5,100.7,-10.43,60.5,60.5,9.17,2.95,2.86,0.76,2.73,5.42,0.68,22.01,0.68,19.87,11.74,4.54,9.04,26.04,0.0,Hematite,Alunite
S02814,SYN-024,61.5,62.5,99.42,-10.0,62.0,62.0,4.41,2.22,0.36,2.95,2.75,10.3,0.47,56.24,0.0,63.79,9.05,11.4,1.93,24.09,5.09,Hematite,Pyrophyllite
S02815,SYN-024,62.5,63.5,98.57,-9.72,63.0,63.0,10.48,4.06,2.16,6.33,2.67,8.16,0.0,46.46,4.87,86.36,14.12,7.83,12.57,0.12,7.17,None,Pyrophyllite
S02816,SYN-024,63.5,65.0,97.5,-9.37,64.25,64.25,51.01,4.62,0.66,0.9,6.54,7.3,8.87,0.08,8.14,4.91,1.39,2.9,1.38,0.67,1.63,None,WhiteMica
S02817,SYN-024,65.0,66.0,96.43,-9.02,65.5,65.5,2.3,15.28,1.83,4.29,4.02,37.26,18.59,35.18,1.66,6.87,19.48,6.81,12.36,4.81,34.77,Goethite,Dickite
S02818,SYN-024,66.0,67.5,95.37,-8.67,66.75,66.75,0.87,0.0,0.0,0.43,29.11,8.46,28.64,0.0,0.0,29.63,48.92,11.58,7.13,0.0,18.83,Goethite,Diaspore
S02819,SYN-024,67.5,69.0,94.09,-8.25,68.25,68.25,2.23,2.69,31.09,0.98,2.96,5.47,5.24,24.0,2.3,78.67,8.86,13.39,3.99,4.91,9.23,None,Pyrophyllite
S02820,SYN-024,69.0,70.5,92.81,-7.83,69.75,69.75,3.45,1.62,2.09,0.0,4.84,14.45,0.59,22.89,2.11,88.6,35.85,6.09,9.73,1.11,0.73,None,Pyrophyllite
S02821,SYN-024,70.5,72.0,91.53,-7.4,71.25,71.25,9.78,0.0,4.41,3.14,9.79,6.28,4.24,49.43,2.74,58.47,11.51,13.91,12.34,4.34,0.72,None,Pyrophyllite
S02822,SYN-024,72.0,73.5,90.25,-6.98,72.75,72.75,3.3,2.38,4.4,20.31,10.37,10.7,3.81,48.21,1.12,81.67,7.17,5.19,7.62,36.68,4.39,Hematite,Pyrophyllite
S02823,SYN-024,73.5,75.0,88.97,-6.56,74.25,74.25,1.85,1.4,6.44,4.32,10.19,15.73,3.61,36.56,0.0,57.49,12.29,8.76,6.63,3.25,2.78,None,Pyrophyllite
S02824,SYN-024,75.0,76.0,87.9,-6.21,75.5,75.5,1.75,0.0,2.41,2.95,1.15,6.71,1.32,63.32,0.0,37.95,24.99,11.1,5.29,4.04,9.28,None,Alunite
S02825,SYN-024,76.0,77.5,86.83,-5.86,76.75,76.75,6.85,0.76,0.17,2.08,10.52,9.53,0.0,55.48,0.0,100.0,22.61,0.0,6.74,1.35,7.96,None,Pyrophyllite
S02826,SYN-024,77.5,79.5,85.34,-5.37,78.5,78.5,6.49,4.73,1.04,0.0,38.25,8.06,0.74,53.01,0.0,21.72,32.45,4.48,7.42,0.0,4.54,None,Alunite
S02827,SYN-024,79.5,81.0,83.84,-4.87,80.25,80.25,2.79,4.65,0.92,18.84,6.21,42.79,0.41,70.89,1.95,67.14,9.81,6.45,6.21,0.0,5.33,None,Alunite
S02828,SYN-024,81.0,82.5,82.56,-4.45,81.75,81.75,0.0,1.67,0.18,0.0,42.65,9.69,0.94,28.09,0.0,40.56,31.67,8.96,4.5,4.06,22.09,Goethite,Kaolinite
S02829,SYN-024,82.5,84.0,81.28,-4.03,83.25,83.25,1.18,1.34,2.16,2.51,7.9,14.14,0.0,38.26,0.31,51.51,26.21,8.0,13.94,5.51,5.61,None,Pyrophyllite
S02830,SYN-024,84.0,85.0,80.22,-3.68,84.5,84.5,38.23,0.0,2.27,0.0,0.95,7.21,0.48,31.52,3.02,96.0,9.5,0.0,7.12,0.0,4.31,None,Pyrophyllite
S02831,SYN-024,85.0,86.0,79.36,-3.4,85.5,85.5,5.72,5.5,0.0,2.5,4.35,15.73,0.0,43.32,0.59,90.39,27.39,6.58,6.08,33.95,0.48,Hematite,Pyrophyllite
S02832,SYN-024,86.0,87.0,78.51,-3.12,86.5,86.5,4.16,3.79,3.92,4.51,5.01,17.22,0.45,23.82,1.05,48.66,18.28,2.35,8.7,4.08,0.94,None,Pyrophyllite
S02833,SYN-024,87.0,89.0,77.23,-2.69,88.0,88.0,8.67,3.08,0.0,2.14,2.41,11.15,1.51,45.01,2.31,71.41,11.53,5.75,8.86,0.0,5.43,None,Pyrophyllite
S02834,SYN-024,89.0,90.0,75.95,-2.27,89.5,89.5,8.9,0.0,0.64,2.02,8.69,6.44,0.0,32.67,21.59,70.58,18.94,6.73,7.77,3.99,1.75,None,Pyrophyllite
S02835,SYN-024,90.0,92.0,74.67,-1.85,91.0,91.0,3.91,1.3,4.07,3.48,9.89,9.82,0.52,37.56,3.79,33.24,22.23,8.74,3.9,14.91,6.36,None,Alunite
S02836,SYN-024,92.0,93.0,73.39,-1.43,92.5,92.5,3.96,0.88,2.72,5.63,5.97,9.44,1.61,14.77,33.99,59.01,29.96,6.35,7.97,30.24,4.82,Hematite,Pyrophyllite
S02837,SYN-024,93.0,94.5,72.32,-1.08,93.75,93.75,97.1,4.2,1.28,0.59,3.38,14.38,2.32,5.43,7.07,6.23,4.43,1.85,3.67,2.3,0.03,None,WhiteMica
S02838,SYN-024,94.5,96.0,71.04,-0.66,95.25,95.25,2.54,2.91,0.31,0.93,6.81,17.98,19.43,28.06,2.09,53.34,20.75,8.07,8.52,7.95,0.13,None,Pyrophyllite
S02839,SYN-024,96.0,97.5,69.76,-0.24,96.75,96.75,3.29,0.07,6.12,2.5,5.97,9.54,3.84,38.43,0.0,37.3,21.21,6.01,9.16,1.65,0.0,None,Alunite
S02840,SYN-024,97.5,99.5,68.27,0.26,98.5,98.5,78.33,2.08,1.81,0.64,7.22,2.56,3.17,5.78,5.11,0.0,3.49,0.0,5.44,0.19,4.96,None,WhiteMica
S02841,SYN-024,99.5,101.5,66.56,0.82,100.5,100.5,0.28,22.61,0.1,4.98,6.27,16.22,1.96,29.37,1.8,21.22,20.14,9.16,8.95,3.09,5.91,None,Alunite
S02842,SYN-024,101.5,103.5,64.85,1.38,102.5,102.5,0.0,17.12,9.48,7.59,7.32,6.6,11.59,2.26,1.01,0.0,4.73,5.06,2.63,3.7,2.03,None,Chlorite
S02843,SYN-024,103.5,104.5,63.57,1.8,104.0,104.0,0.27,2.75,0.0,2.87,9.02,10.5,1.13,0.0,5.35,57.51,25.47,3.26,8.67,3.2,2.99,None,Pyrophyllite
S02844,SYN-024,104.5,106.5,62.29,2.22,105.5,105.5,72.16,0.97,0.0,0.0,7.95,9.04,6.1,0.0,5.16,0.0,4.78,0.0,6.95,0.84,3.8,None,WhiteMica
S02845,SYN-024,106.5,107.5,61.01,2.65,107.0,107.0,32.33,30.03,29.77,4.29,2.77,0.0,16.98,0.13,0.0,7.68,0.0,0.0,0.0,3.73,5.19,None,WhiteMica
S02846,SYN-024,107.5,109.5,59.73,3.07,108.5,108.5,16.34,0.0,2.33,0.0,1.23,10.21,2.09,14.23,2.82,47.45,27.93,7.71,4.14,0.0,2.13,None,Pyrophyllite
S02847,SYN-024,109.5,111.0,58.24,3.56,110.25,110.25,6.71,0.0,0.0,0.0,7.31,8.41,5.7,36.92,3.62,62.2,0.0,3.84,17.15,0.0,4.08,None,Pyrophyllite
S02848,SYN-024,111.0,112.5,56.96,3.98,111.75,111.75,0.1,1.68,0.0,16.71,6.03,8.83,2.45,53.66,0.0,3.0,15.41,6.51,9.63,2.7,2.82,None,Alunite
S02849,SYN-024,112.5,113.5,55.89,4.33,113.0,113.0,8.87,4.55,2.76,13.33,4.07,14.0,1.85,28.65,16.09,45.3,12.99,8.7,10.73,7.37,26.6,Goethite,Pyrophyllite
S02850,SYN-024,113.5,114.5,55.04,4.61,114.0,114.0,2.17,3.22,0.05,4.8,4.64,6.71,3.88,24.96,2.61,77.77,19.53,4.71,10.2,3.34,6.42,None,Pyrophyllite
S02851,SYN-024,114.5,115.5,54.18,4.9,115.0,115.0,20.43,12.92,9.58,2.4,15.97,0.0,2.58,0.0,2.24,3.13,0.0,29.14,0.59,0.0,3.79,None,Zunyite
S02852,SYN-024,115.5,117.5,52.9,5.32,116.5,116.5,13.53,50.87,13.01,6.42,8.79,0.0,0.0,17.12,0.64,3.35,0.0,4.27,0.0,0.99,2.52,None,Chlorite
S02853,SYN-024,117.5,119.5,51.2,5.88,118.5,118.5,24.39,9.18,12.45,3.75,10.72,5.59,6.34,3.05,0.0,0.0,3.58,0.0,0.0,1.81,1.11,None,WhiteMica
S02854,SYN-024,119.5,121.5,49.49,6.44,120.5,120.5,70.89,5.54,1.18,2.03,5.9,3.22,4.88,30.0,36.8,1.18,2.06,0.0,2.53,0.0,1.23,None,WhiteMica
S02855,SYN-024,121.5,122.5,48.21,6.86,122.0,122.0,22.57,3.89,2.65,5.84,10.95,40.86,1.32,73.89,2.31,15.84,14.79,7.48,7.57,0.0,0.0,None,Alunite
S02856,SYN-024,122.5,124.0,47.14,7.21,123.25,123.25,8.76,24.12,17.17,8.93,1.02,3.26,39.61,3.59,4.63,6.19,1.74,4.21,2.32,2.74,0.19,None,Montmor
S02857,SYN-024,124.0,125.5,45.86,7.64,124.75,124.75,20.26,35.44,5.48,2.62,5.85,0.0,10.57,2.4,3.1,1.3,5.56,0.99,0.97,2.88,0.66,None,Chlorite
S02858,SYN-024,125.5,127.0,44.58,8.06,126.25,126.25,20.34,40.19,8.15,3.05,12.09,5.01,15.08,1.73,24.45,1.07,3.07,0.0,40.06,0.0,1.61,None,Chlorite
S02859,SYN-024,127.0,128.5,43.3,8.48,127.75,127.75,14.04,2.83,27.12,5.94,17.5,0.0,17.76,28.45,3.83,0.0,4.46,1.53,0.59,0.0,6.31,None,Alunite
S02860,SYN-024,128.5,130.0,42.02,8.9,129.25,129.25,9.43,24.86,8.73,31.26,9.42,0.47,12.37,34.07,0.34,0.0,1.73,1.66,0.0,1.24,4.49,None,Alunite
S02861,SYN-024,130.0,131.5,40.74,9.32,130.75,130.75,1.55,18.05,14.87,12.22,0.0,0.0,23.88,3.44,3.49,0.0,2.35,0.0,0.95,0.7,0.7,None,Montmor
S02862,SYN-024,131.5,132.5,39.67,9.67,132.0,132.0,12.88,24.7,18.22,4.17,15.49,29.59,5.12,0.0,3.39,0.81,5.54,3.59,1.98,3.35,0.0,None,Dickite
S02863,SYN-024,132.5,134.0,38.61,10.03,133.25,133.25,3.04,24.07,12.78,21.54,44.36,4.39,11.6,0.71,4.79,0.03,1.91,1.84,0.0,0.0,0.71,None,Kaolinite
S02864,SYN-024,134.0,135.5,37.32,10.45,134.75,134.75,11.75,16.13,9.64,35.97,17.83,4.05,12.62,2.07,1.05,2.64,2.6,0.0,4.39,2.55,6.61,None,Epidote
S02865,SYN-024,135.5,136.5,36.26,10.8,136.0,136.0,5.46,32.12,15.6,35.66,9.5,0.0,24.95,5.04,3.38,0.82,1.84,0.06,2.74,2.76,4.66,None,Epidote
S02866,SYN-024,136.5,138.5,34.98,11.22,137.5,137.5,5.65,26.06,10.85,8.52,20.4,1.01,17.51,0.0,2.78,2.33,0.67,31.34,32.37,3.71,2.55,None,Water_silica
S02867,SYN-024,138.5,140.0,33.48,11.71,139.25,139.25,7.48,32.48,19.59,9.81,0.0,1.08,45.23,0.0,22.47,14.56,16.49,0.0,0.0,1.53,2.96,None,Montmor
S02868,SYN-024,140.0,142.0,31.99,12.21,141.0,141.0,16.84,32.24,2.63,10.4,15.68,2.86,3.56,0.0,1.66,0.23,2.41,0.0,3.01,0.01,5.86,None,Chlorite
S02869,SYN-024,142.0,143.5,30.5,12.7,142.75,142.75,19.85,14.7,17.49,6.25,13.32,0.02,12.02,1.91,2.71,2.8,1.97,4.19,1.95,0.98,2.94,None,WhiteMica
S02870,SYN-024,143.5,145.0,29.22,13.12,144.25,144.25,15.77,8.31,37.15,36.78,13.51,4.61,18.39,4.22,0.5,3.41,2.48,27.01,0.87,1.25,8.66,None,Carbonate
S02871,SYN-024,145.0,146.5,27.94,13.54,145.75,145.75,28.2,26.31,0.0,9.66,9.49,0.94,14.13,3.23,5.3,0.0,0.0,3.77,22.81,6.69,18.09,Goethite,WhiteMica
S02872,SYN-024,146.5,148.5,26.44,14.03,147.5,147.5,9.18,12.47,2.8,9.64,9.14,0.0,3.77,1.25,1.41,2.15,20.78,0.0,0.98,0.4,25.85,Goethite,Diaspore
S02873,SYN-024,148.5,150.0,24.95,14.52,149.25,149.25,13.72,32.44,15.07,7.66,13.42,0.0,19.16,4.26,0.0,0.0,0.04,2.77,1.62,6.45,0.0,None,Chlorite
S02874,SYN-024,150.0,151.5,23.67,14.95,150.75,150.75,10.08,0.95,2.87,8.38,5.53,0.0,40.27,0.0,0.12,0.1,0.0,0.68,2.59,1.84,4.1,None,Montmor
S02875,SYN-024,151.5,152.5,22.6,15.3,152.0,152.0,15.55,17.36,16.07,2.66,8.75,2.67,13.01,3.73,3.42,1.98,0.0,4.12,0.26,0.72,2.48,None,Chlorite
S02876,SYN-024,152.5,154.0,21.53,15.65,153.25,153.25,5.04,15.9,10.36,5.3,6.94,1.79,8.92,0.41,0.0,1.51,3.11,5.99,13.59,0.05,0.66,None,Chlorite
S02877,SYN-024,154.0,155.0,20.47,16.0,154.5,154.5,21.05,18.71,13.21,10.6,15.09,3.24,43.07,2.77,5.93,0.62,2.13,1.72,0.0,0.0,4.73,None,Montmor
S02878,SYN-024,155.0,156.0,19.61,16.28,155.5,155.5,11.92,24.58,36.55,8.17,15.17,0.0,23.06,3.72,4.46,2.85,3.78,5.96,0.0,1.25,3.68,None,Carbonate
S02879,SYN-024,156.0,157.0,18.76,16.56,156.5,156.5,18.71,45.19,25.75,2.05,18.85,0.0,4.21,1.68,0.0,1.65,3.61,14.2,0.0,1.54,1.85,None,Chlorite
S02880,SYN-024,157.0,158.5,17.69,16.91,157.75,157.75,22.39,28.33,11.42,4.57,10.19,0.0,9.37,1.38,3.13,0.0,3.8,1.7,2.11,1.74,3.76,None,Chlorite
S02881,SYN-024,158.5,159.5,16.63,17.27,159.0,159.0,18.36,29.47,9.83,10.16,7.64,6.29,15.9,0.22,0.0,3.95,1.44,0.94,0.41,7.23,2.66,None,Chlorite
S02882,SYN-024,159.5,161.0,15.56,17.62,160.25,160.25,21.75,20.3,5.21,26.37,4.07,24.59,5.41,5.43,0.0,3.86,4.7,0.0,0.0,5.16,5.31,None,Epidote
S02883,SYN-024,161.0,163.0,14.07,18.11,162.0,162.0,1.12,42.88,11.61,6.49,13.46,1.11,10.57,2.06,0.03,1.23,0.0,4.86,0.24,1.93,3.23,None,Chlorite
S02884,SYN-024,163.0,165.0,12.36,18.67,164.0,164.0,12.45,35.73,1.82,6.57,39.38,0.0,11.85,1.76,0.0,0.0,25.16,1.59,0.0,0.68,2.04,None,Kaolinite
S02885,SYN-024,165.0,166.5,10.86,19.16,165.75,165.75,23.94,18.91,14.19,5.77,11.6,0.0,16.16,4.97,3.01,0.0,3.54,0.15,1.66,0.0,6.11,None,WhiteMica
S02886,SYN-024,166.5,168.0,9.58,19.58,167.25,167.25,19.67,20.64,10.89,4.58,12.14,0.17,12.26,0.0,1.83,5.38,2.95,0.0,3.67,2.36,0.33,None,Chlorite
S02887,SYN-024,168.0,169.5,8.3,20.01,168.75,168.75,29.31,18.7,12.09,3.75,11.97,2.03,12.28,0.58,2.26,0.74,1.27,5.93,4.52,4.18,0.0,None,WhiteMica
S02888,SYN-024,169.5,171.0,7.02,20.43,170.25,170.25,28.27,25.6,0.0,8.73,13.37,0.41,9.55,3.54,1.21,33.37,0.0,0.84,0.81,4.97,1.5,None,Pyrophyllite
S02889,SYN-024,171.0,172.5,5.74,20.85,171.75,171.75,29.57,12.38,4.93,6.64,17.38,0.0,20.86,5.64,0.0,2.26,1.32,0.82,0.76,0.3,0.0,None,WhiteMica
S02890,SYN-024,172.5,173.5,4.68,21.2,173.0,173.0,14.19,14.18,7.72,7.91,22.36,0.0,18.16,1.31,0.0,0.0,0.0,3.77,0.0,0.0,14.38,None,Kaolinite
S02891,SYN-024,173.5,175.5,3.4,21.62,174.5,174.5,9.1,0.54,13.03,7.48,14.69,0.69,17.93,2.17,27.93,0.0,3.91,5.07,0.0,1.72,2.4,None,Gypsum
S02892,SYN-024,175.5,176.5,2.12,22.04,176.0,176.0,29.51,18.05,5.76,9.8,47.27,0.0,9.1,0.0,0.33,6.7,0.11,0.0,4.54,2.9,3.15,None,Kaolinite
S02893,SYN-024,176.5,178.5,0.84,22.47,177.5,177.5,13.06,52.69,21.47,36.98,10.71,0.0,10.77,4.41,4.69,0.0,0.27,2.76,1.63,0.87,2.34,None,Chlorite
S02894,SYN-024,178.5,180.0,-0.66,22.96,179.25,179.25,11.73,20.49,8.82,8.22,11.42,3.71,17.0,0.0,0.0,0.0,0.0,2.76,4.01,2.88,4.26,None,Chlorite
S02895,SYN-024,180.0,181.0,-1.73,23.31,180.5,180.5,9.39,21.05,5.43,6.45,11.34,0.0,10.3,0.0,1.31,0.08,0.0,0.76,0.0,1.41,1.83,None,Chlorite
S02896,SYN-024,181.0,182.5,-2.79,23.66,181.75,181.75,18.89,24.75,9.16,3.44,10.02,2.3,8.16,1.67,1.97,0.0,7.85,0.24,1.01,2.09,0.0,None,Chlorite
S02897,SYN-024,182.5,183.5,-3.86,24.01,183.0,183.0,41.64,12.08,5.72,5.39,12.69,0.76,15.82,14.21,4.15,0.0,14.73,27.79,0.0,2.29,4.87,None,WhiteMica
S02898,SYN-024,183.5,185.5,-5.14,24.43,184.5,184.5,22.72,47.03,4.67,7.59,15.37,0.0,5.76,0.0,3.62,0.0,3.84,3.8,0.0,1.52,2.79,None,Chlorite
S02899,SYN-024,185.5,187.0,-6.63,24.93,186.25,186.25,13.68,51.57,14.55,7.83,12.34,0.37,47.14,0.0,1.97,0.77,0.0,1.83,0.0,0.0,4.74,None,Chlorite
S02900,SYN-024,187.0,188.0,-7.7,25.28,187.5,187.5,23.3,25.03,12.31,9.92,10.49,1.93,19.62,1.45,1.39,2.09,0.0,1.4,5.76,4.72,4.56,None,Chlorite
S02901,SYN-024,188.0,189.0,-8.55,25.56,188.5,188.5,18.5,31.68,12.32,4.76,12.68,5.54,14.92,4.94,0.0,2.2,1.18,0.0,18.8,0.21,24.93,Goethite,Chlorite
S02902,SYN-024,189.0,191.0,-9.83,25.98,190.0,190.0,15.71,34.51,15.75,6.61,6.82,0.0,7.4,4.74,11.19,0.0,1.38,3.8,4.33,0.0,0.78,None,Chlorite
S02903,SYN-024,191.0,192.5,-11.33,26.47,191.75,191.75,15.26,28.56,12.19,5.65,16.34,0.99,33.05,2.16,6.86,3.63,0.0,1.99,0.56,1.38,0.03,None,Montmor
S02904,SYN-024,192.5,194.5,-12.82,26.96,193.5,193.5,14.56,14.94,5.2,10.39,9.77,3.47,24.1,1.59,0.0,1.56,1.21,0.0,4.28,2.58,2.77,None,Montmor
S02905,SYN-024,194.5,196.5,-14.53,27.53,195.5,195.5,20.69,18.59,13.19,18.58,5.76,4.35,19.33,3.19,0.0,3.88,0.0,0.33,2.9,4.01,2.63,None,WhiteMica
S02906,SYN-024,196.5,198.0,-16.02,28.02,197.25,197.25,17.01,41.12,4.93,7.07,14.49,0.0,17.21,4.51,0.0,1.92,4.25,3.1,4.5,2.15,6.12,None,Chlorite
S02907,SYN-024,198.0,199.5,-17.3,28.44,198.75,198.75,10.76,25.11,7.85,5.9,14.76,0.81,11.81,1.49,0.0,0.55,6.25,0.0,0.01,1.83,4.28,None,Chlorite
S02908,SYN-024,199.5,201.0,-18.58,28.86,200.25,200.25,10.41,23.79,9.79,5.39,7.36,3.98,31.58,1.58,0.0,0.61,3.83,29.29,1.87,2.01,3.37,None,Montmor
S02909,SYN-024,201.0,203.0,-20.08,29.35,202.0,202.0,18.2,13.49,9.34,2.09,15.37,2.48,8.65,1.71,0.0,2.08,0.0,3.29,1.5,0.0,0.0,None,WhiteMica
S02910,SYN-024,203.0,204.0,-21.36,29.78,203.5,203.5,19.09,44.98,1.94,2.59,15.42,3.78,30.31,3.72,2.01,4.36,2.33,1.82,7.55,0.78,1.24,None,Chlorite
S02911,SYN-024,204.0,205.5,-22.42,30.13,204.75,204.75,13.75,29.09,5.65,6.48,22.66,4.13,0.0,15.91,3.03,1.51,0.0,3.05,3.45,3.83,0.0,None,Chlorite
S02912,SYN-024,205.5,206.5,-23.49,30.48,206.0,206.0,7.85,22.15,9.9,6.15,10.73,2.58,2.91,1.24,2.08,1.72,0.0,0.0,0.84,0.37,0.96,None,Chlorite
S02913,SYN-024,206.5,208.0,-24.56,30.83,207.25,207.25,25.01,51.02,18.67,6.5,11.71,33.07,20.95,2.2,0.0,2.61,2.99,0.0,6.28,15.01,3.46,Hematite,Chlorite
S02914,SYN-024,208.0,209.5,-25.84,31.25,208.75,208.75,23.48,19.15,15.07,8.54,8.72,0.0,19.59,0.0,0.0,0.0,1.48,3.44,41.34,0.58,19.52,Goethite,Water_silica
S02915,SYN-024,209.5,211.0,-27.12,31.67,210.25,210.25,1.69,49.74,15.84,6.25,14.67,0.59,16.27,3.49,0.0,21.92,1.5,2.21,0.0,0.06,4.6,None,Chlorite
S02916,SYN-024,211.0,212.5,-28.4,32.1,211.75,211.75,25.64,28.61,4.96,27.07,11.98,0.76,1.45,3.89,0.0,1.74,1.33,0.54,1.9,1.18,4.91,None,Chlorite
S02917,SYN-024,212.5,214.0,-29.68,32.52,213.25,213.25,14.5,27.29,41.32,5.43,17.33,4.2,17.39,0.0,0.0,0.0,0.0,1.89,0.25,1.22,4.42,None,Carbonate
S02918,SYN-024,214.0,215.0,-30.75,32.87,214.5,214.5,17.37,26.36,17.12,6.66,9.66,1.64,34.77,0.17,0.05,0.54,0.0,2.71,0.0,1.3,21.93,Goethite,Montmor
S02919,SYN-024,215.0,216.5,-31.81,33.22,215.75,215.75,4.26,12.4,31.21,4.06,4.49,2.45,15.7,0.0,2.06,0.0,0.0,0.0,0.23,2.34,1.09,None,Carbonate
S02920,SYN-024,216.5,218.5,-33.31,33.71,217.5,217.5,24.2,10.29,9.4,4.97,14.55,1.66,13.38,0.25,1.86,1.17,0.5,0.0,1.66,0.0,28.3,Goethite,WhiteMica
S02921,SYN-024,218.5,220.0,-34.8,34.2,219.25,219.25,27.9,24.7,8.17,8.87,10.72,0.0,16.56,0.0,0.23,7.23,0.72,0.0,0.0,0.6,2.03,None,WhiteMica
S02922,SYN-024,220.0,221.5,-36.08,34.63,220.75,220.75,23.22,32.57,13.87,5.97,2.05,4.21,17.19,0.0,5.16,0.76,2.24,0.0,1.4,3.03,28.57,Goethite,Chlorite
S02923,SYN-024,221.5,223.5,-37.58,35.12,222.5,222.5,17.74,19.42,8.77,6.68,15.39,0.0,9.9,0.0,6.97,0.0,3.42,4.84,12.77,15.19,2.71,Hematite,Chlorite
S02924,SYN-024,223.5,224.5,-38.86,35.54,224.0,224.0,6.1,31.68,15.72,3.8,2.56,0.49,22.1,14.66,0.93,1.71,0.76,1.38,1.04,0.0,0.0,None,Chlorite
S02925,SYN-024,224.5,226.0,-39.92,35.89,225.25,225.25,1.41,27.4,7.32,8.88,29.32,4.47,19.12,4.32,0.0,3.74,1.64,5.01,0.67,0.0,2.54,None,Kaolinite
S02926,SYN-024,226.0,227.0,-40.99,36.24,226.5,226.5,22.32,43.91,7.86,9.89,11.22,3.42,18.49,2.58,0.0,2.53,28.71,0.0,0.12,2.19,0.0,None,Chlorite
S02927,SYN-024,227.0,229.0,-42.27,36.66,228.0,228.0,25.66,22.5,13.56,2.32,11.95,0.0,10.98,0.0,0.53,19.82,0.57,1.53,0.0,4.18,4.57,None,WhiteMica
S02928,SYN-024,229.0,230.5,-43.76,37.16,229.75,229.75,10.13,30.78,10.45,7.08,12.26,0.0,9.22,3.18,2.91,0.0,2.28,0.0,30.23,0.0,1.89,None,Chlorite
